name_iupac,name_common,name_common_all,name_acronyms,cas,dD,dP,dH,radius,class,subclass,processing_notes
,Cellit BP-300,Cellit BP-300,,,16.6,12.0,6.7,10.2,Cellulosic Polymer,,CAS not found after 2 lookups; Class from Step 0 brand prefix mapping
,Cellidora A,Cellidora A,,,18.2,12.4,10.8,7.4,Cellulosic Polymer,,CAS not found after 2 lookups; Class from Step 0 brand prefix mapping
,Ethocel HE10,Ethocel HE10,,,17.9,4.3,3.9,5.9,Cellulosic Polymer,,CAS not found after 2 lookups; Class from Step 0 brand prefix mapping
,Ethocel STD 20,Ethocel STD 20,,,20.1,6.9,5.9,9.9,Cellulosic Polymer,,CAS not found after 2 lookups; Class from Step 0 brand prefix mapping
,Araldite DY O25,Araldite DY O25,EP,,14.0,7.4,9.4,13.7,Epoxy Resin,,CAS not found after 2 lookups; Class from Step 0 brand prefix mapping
,EPIKOTE 828,EPIKOTE 828,EP,,23.1,14.6,5.0,20.5,Epoxy Resin,,CAS not found after 2 lookups; Class from Step 0 brand prefix mapping
,EPIKOTE 1001,EPIKOTE 1001,EP,,20.0,10.32,10.11,10.02,Epoxy Resin,,CAS not found after 2 lookups; Class from Step 0 brand prefix mapping
,EPIKOTE 1004,EPIKOTE 1004,EP,,17.4,10.5,9.0,7.9,Epoxy Resin,,CAS not found after 2 lookups; Class from Step 0 brand prefix mapping
,EPIKOTE 1007,EPIKOTE 1007,EP,,21.0,11.1,13.4,11.7,Epoxy Resin,,CAS not found after 2 lookups; Class from Step 0 brand prefix mapping
,EPIKOTE 1009,EPIKOTE 1009,EP,,19.3,9.37,10.95,8.26,Epoxy Resin,,CAS not found after 2 lookups; Class from Step 0 brand prefix mapping
Phenoxy resin,phenoxy resin,phenoxy resin; PKHH,PKHH,,23.4,7.2,14.8,14.9,Epoxy Resin,,CAS not found after 2 lookups; Rule-based classification: matched pattern 'EPOXY|\bEPIKOTE\b|\bEPON\b|\bARALDITE\b|'
,Versamid 100,Versamid 100,,,23.8,5.3,16.2,16.1,Polyamide,,CAS not found after 2 lookups; Class from Step 0 brand prefix mapping
,Versamid 115,Versamid 115,,,20.3,6.6,14.1,9.6,Polyamide,,CAS not found after 2 lookups; Class from Step 0 brand prefix mapping
,Versamid 125,Versamid 125,,,24.9,3.1,18.7,20.3,Polyamide,,CAS not found after 2 lookups; Class from Step 0 brand prefix mapping
,Versamid 140,Versamid 140,,,26.9,2.4,18.5,24.0,Polyamide,,CAS not found after 2 lookups; Class from Step 0 brand prefix mapping
,Desmophen 651,Desmophen 651,PU,,17.7,10.6,11.6,9.5,Polyurethane,,CAS not found after 2 lookups; Class from Step 0 brand prefix mapping
,Desmophen 800,Desmophen 800,PU,,19.1,12.2,9.9,8.0,Polyurethane,,CAS not found after 2 lookups; Class from Step 0 brand prefix mapping
,Desmophen 850,Desmophen 850,PU,,21.54,14.94,12.28,16.78,Polyurethane,,CAS not found after 2 lookups; Class from Step 0 brand prefix mapping
,Desmophen 1100,Desmophen 1100,PU,,16.0,13.1,9.2,11.4,Polyurethane,,CAS not found after 2 lookups; Class from Step 0 brand prefix mapping
,Desmophen 1150,Desmophen 1150,PU,,20.6,7.8,11.6,13.1,Polyurethane,,CAS not found after 2 lookups; Class from Step 0 brand prefix mapping
,Desmophen 1200,Desmophen 1200,PU,,19.4,7.4,6.0,9.8,Polyurethane,,CAS not found after 2 lookups; Class from Step 0 brand prefix mapping
,Desmophen 1700,Desmophen 1700,PU,,17.9,9.6,5.9,8.2,Polyurethane,,CAS not found after 2 lookups; Class from Step 0 brand prefix mapping
,Desmolac 4200,Desmolac 4200,PU,,18.7,9.6,9.9,8.2,Polyurethane,,CAS not found after 2 lookups; Class from Step 0 brand prefix mapping
,Macrynal SM 510N,Macrynal SM 510N,,,19.9,8.1,6.0,9.8,Acrylic,,CAS not found after 2 lookups; Class from Step 0 brand prefix mapping
,SUPER BECKACITE 1001,SUPER BECKACITE 1001; polyethylene; PE,,,23.26,6.55,8.35,19.85,Polyester & Alkyd,Alkyd,CAS not found after 2 lookups; Rule-based classification: matched pattern 'ALKYD|ALKYDAL|ALFTALAT|DYNAPOL|GLYPTAL|B'
,Phenodur 373U,Phenodur 373U,,,19.74,11.62,14.59,12.69,Amino Resin,,CAS not found after 2 lookups; Class from Step 0 brand prefix mapping
,PLIOLYTE S-100,PLIOLYTE S-100,,,16.47,0.37,2.84,8.59,Elastomer,,CAS not found after 2 lookups; Rule-based classification: matched pattern '\bRUBBER\b|ELASTOMER|\bNBR\b|\bSBR\b|NEO'
,Piccopale 110,Piccopale 110,,,17.55,1.19,3.6,6.55,Natural & Petroleum Resin,,CAS not found after 2 lookups; Class from Step 0 brand prefix mapping
,Piccorone 450L,Piccorone 450L,,,19.42,5.48,5.77,9.62,Natural & Petroleum Resin,,CAS not found after 2 lookups; Class from Step 0 brand prefix mapping
POLYSAR 5630,POLYSAR 5630,POLYSAR 5630,,,17.55,3.35,2.7,6.55,Elastomer,,CAS not found after 2 lookups; Rule-based classification: matched pattern '\bRUBBER\b|ELASTOMER|\bNBR\b|\bSBR\b|NEO'
,Hycar 1052,Hycar 1052,,,18.62,8.78,4.17,9.627248,Elastomer,,CAS not found after 2 lookups; Class from Step 0 brand prefix mapping
,BUNA HULS B10,BUNA HULS B10,,,17.53,2.25,3.42,6.55,Elastomer,,CAS not found after 2 lookups; Rule-based classification: matched pattern '\bRUBBER\b|ELASTOMER|\bNBR\b|\bSBR\b|NEO'
,LUTONAL IC/1203,LUTONAL IC/1203,,,14.2,2.5,4.6,12.4,Vinyl Polymer,,CAS not found after 2 lookups; Rule-based classification: matched pattern 'POLYVINYL|VINYL ACETATE|VINYL ALCOHOL|VI'
,LUTANAL I60,LUTANAL I60,,,16.9,2.5,4.0,7.2,Vinyl Polymer,,CAS not found after 2 lookups; Rule-based classification: matched pattern 'POLYVINYL|VINYL ACETATE|VINYL ALCOHOL|VI'
POLYVINYLBUTYL ETHER,POLYVINYLBUTYL ETHER,POLYVINYLBUTYL ETHER,,,17.4,4.3,8.4,7.4,Vinyl Polymer,,CAS not found after 2 lookups; Rule-based classification: matched pattern 'POLYVINYL|VINYL ACETATE|VINYL ALCOHOL|VI'
,LIGNIN,LIGNIN,,9005-53-2,20.17,14.61,15.04,11.66,Natural & Petroleum Resin,,near_duplicate; CAS found via PubChem: 9005-53-2; Rule-based classification: matched pattern 'ROSIN|TERPENE|PETROLEUM RESIN|COUMARONE|'
,MODAFLOW,MODAFLOW,,,16.1,3.7,7.9,8.9,Acrylic,Flow Modifier,CAS not found after 2 lookups; Rule-based classification: matched pattern 'MODAFLOW'
,VIPLA KR,VIPLA KR; PVC; vinyl; vinyl plastic,,,18.4,6.6,8.0,3.0,Vinyl Polymer,,CAS not found after 2 lookups; Rule-based classification: matched pattern 'POLYVINYL|VINYL ACETATE|VINYL ALCOHOL|VI'
,CERECLOR 70,CERECLOR 70,,56509-64-9,20.0,8.3,6.8,9.8,Elastomer,Chlorinated Rubber,CAS found via PubChem: 56509-64-9; Rule-based classification: matched pattern 'CHLORINATED RUBBER|CHLOROPAR|CERECLOR|PE'
,CHLOROPAR 40,CHLOROPAR 40,,,17.0,7.6,7.9,11.9,Elastomer,Chlorinated Rubber,CAS not found after 2 lookups; Rule-based classification: matched pattern 'CHLORINATED RUBBER|CHLOROPAR|CERECLOR|PE'
,PERGUT S 5,PERGUT S 5; polyethylene; PE,,,17.4,9.5,3.8,10.0,Elastomer,Chlorinated Rubber,CAS not found after 2 lookups; Rule-based classification: matched pattern 'CHLORINATED RUBBER|CHLOROPAR|CERECLOR|PE'
,ALLOPREN R10,ALLOPREN R10,,,17.4,4.3,3.9,6.1,Elastomer,Chlorinated Rubber,CAS not found after 2 lookups; Rule-based classification: matched pattern 'CHLORINATED RUBBER|CHLOROPAR|CERECLOR|PE'
,PARLON P 10,PARLON P 10,,,20.26,6.32,5.4,10.64,Elastomer,Chlorinated Rubber,CAS not found after 2 lookups; Rule-based classification: matched pattern 'CHLORINATED RUBBER|CHLOROPAR|CERECLOR|PE'
,HYPALON 20,HYPALON 20,,,18.1,3.4,4.9,3.6,Elastomer,,CAS not found after 2 lookups; Rule-based classification: matched pattern '\bRUBBER\b|ELASTOMER|\bNBR\b|\bSBR\b|NEO'
,HYPALON 30,HYPALON 30,,,18.2,4.7,2.0,5.0,Elastomer,,near_duplicate; CAS not found after 2 lookups; Rule-based classification: matched pattern '\bRUBBER\b|ELASTOMER|\bNBR\b|\bSBR\b|NEO'
,ALPEX,ALPEX; polyethylene; PE,,,19.9,0.0,0.0,9.4,Natural & Petroleum Resin,,CAS not found after 2 lookups; Rule-based classification: matched pattern '\bALPEX\b'
,1/2-sec.-NITRO CELLULOSE H 23,1/2-sec.-NITRO CELLULOSE H 23,,,15.41,14.73,8.84,11.46,Cellulosic Polymer,,CAS not found after 2 lookups; Rule-based classification: matched pattern 'CELLUL|CELLIT\b|ETHOCEL|CELLIDORA|NITROC'
,CELLOLYN 102,CELLOLYN 102,,,21.73,0.94,8.53,15.75,Cellulosic Polymer,,CAS not found after 2 lookups; Rule-based classification: matched pattern 'CELLUL|CELLIT\b|ETHOCEL|CELLIDORA|NITROC'
,Pentalyn 255,Pentalyn 255; polyethylene; PE,,,17.55,9.37,14.32,10.64,Natural & Petroleum Resin,,CAS not found after 2 lookups; Class from Step 0 brand prefix mapping
,Pentalyn 830,Pentalyn 830; polyethylene; PE,,,20.03,5.81,10.93,11.66,Natural & Petroleum Resin,,CAS not found after 2 lookups; Class from Step 0 brand prefix mapping
,ESTER GUM BL,ESTER GUM BL,,,19.64,4.73,7.77,10.64,Cellulosic Polymer,,CAS not found after 2 lookups; Rule-based classification: matched pattern 'CELLUL|CELLIT\b|ETHOCEL|CELLIDORA|NITROC'
,Versamid 961,Versamid 961,,,18.9,9.6,11.1,6.2,Polyamide,,CAS not found after 2 lookups; Class from Step 0 brand prefix mapping
,Versamid 965,Versamid 965,,,20.15,6.04,12.9,9.207248,Polyamide,,CAS not found after 2 lookups; Class from Step 0 brand prefix mapping
,Desmodur L,Desmodur L,PU,,17.5,11.3,5.9,8.5,Polyurethane,,CAS not found after 2 lookups; Class from Step 0 brand prefix mapping
,Desmodur N,Desmodur N,PU,28574-90-5,17.6,10.0,3.7,9.3,Polyurethane,,CAS found via PubChem: 28574-90-5; Class from Step 0 brand prefix mapping
,SUPRASEC F-5100,SUPRASEC F-5100,,,19.7,12.9,12.8,11.4,Polyurethane,,CAS not found after 2 lookups; Rule-based classification: matched pattern 'POLYURETHANE|URETHANE|\bTPU\b|DESMOPHEN|'
,Mowital B 30 H,Mowital B 30 H,,,18.6,12.9,10.3,8.3,Vinyl Polymer,,CAS not found after 2 lookups; Class from Step 0 brand prefix mapping
,Mowital B 60 H,Mowital B 60 H,,,20.2,11.2,13.3,11.2,Vinyl Polymer,,CAS not found after 2 lookups; Class from Step 0 brand prefix mapping
,BUTV AR B 76,BUTV AR B 76,,,18.6,4.36,13.03,10.64,Vinyl Polymer,PVB,CAS not found after 2 lookups; Rule-based classification: matched pattern '\bBUTV AR\b'
,LUCITE 2042 PEMA,LUCITE 2042 PEMA; polyethylene; PE,,,17.6,9.66,3.97,10.64,Acrylic,,CAS not found after 2 lookups; Rule-based classification: matched pattern 'ACRYLIC|ACRYLATE|METHACRYLATE|\bPMMA\b|P'
,LUCITE 2044 PMMA,LUCITE 2044 PMMA; acrylic glass; acrylic; plexiglass; perspex,,,16.2,6.8,5.7,9.1,Acrylic,,CAS not found after 2 lookups; Rule-based classification: matched pattern 'ACRYLIC|ACRYLATE|METHACRYLATE|\bPMMA\b|P'
,PLEXIGUM MB319,PLEXIGUM MB319,,,18.6,10.8,4.1,11.5,Acrylic,,CAS not found after 2 lookups; Rule-based classification: matched pattern 'ACRYLIC|ACRYLATE|METHACRYLATE|\bPMMA\b|P'
,PLEXIGUM M527,PLEXIGUM M527,,,18.4,9.4,6.5,10.7,Acrylic,,CAS not found after 2 lookups; Rule-based classification: matched pattern 'ACRYLIC|ACRYLATE|METHACRYLATE|\bPMMA\b|P'
Poly(methyl methacrylate),acrylic glass,acrylic glass; acrylic; plexiglass,PMMA,,18.64,10.52,7.51,8.59,Acrylic,,near_duplicate; CAS not found after 2 lookups; Rule-based classification: matched pattern 'ACRYLIC|ACRYLATE|METHACRYLATE|\bPMMA\b|P'
,MOWILITH 50 PVAC,MOWILITH 50 PVAC,,,20.93,11.27,9.66,13.71,Vinyl Polymer,,CAS not found after 2 lookups; Rule-based classification: matched pattern 'POLYVINYL|VINYL ACETATE|VINYL ALCOHOL|VI'
POLYSTYRENE LG,POLYSTYRENE LG,POLYSTYRENE LG,,,22.28,5.75,4.3,12.68,Styrenic,,CAS not found after 2 lookups; Rule-based classification: matched pattern 'STYRENE|POLYSTYRENE|\bABS\b|\bSAN\b|\bSB'
,LAROFLEX MP 45,LAROFLEX MP 45,,,18.4,8.4,5.8,9.0,Acrylic,,CAS not found after 2 lookups; Rule-based classification: matched pattern 'ACRYLIC|ACRYLATE|METHACRYLATE|\bPMMA\b|P'
,VILIT MB 30,VILIT MB 30,,,20.0,8.3,6.7,9.4,Vinyl Polymer,,CAS not found after 2 lookups; Rule-based classification: matched pattern 'POLYVINYL|VINYL ACETATE|VINYL ALCOHOL|VI'
,VILIT MC 31,VILIT MC 31,,,20.0,8.3,6.7,9.4,Vinyl Polymer,,CAS not found after 2 lookups; Rule-based classification: matched pattern 'POLYVINYL|VINYL ACETATE|VINYL ALCOHOL|VI'
,VILIT MC 39,VILIT MC 39,,,18.4,7.6,6.7,6.8,Vinyl Polymer,,CAS not found after 2 lookups; Rule-based classification: matched pattern 'POLYVINYL|VINYL ACETATE|VINYL ALCOHOL|VI'
,VINYLITE VAGD,VINYLITE VAGD,,,17.1,10.4,6.5,7.5,Vinyl Polymer,,CAS not found after 2 lookups; Rule-based classification: matched pattern 'POLYVINYL|VINYL ACETATE|VINYL ALCOHOL|VI'
,VINYLITE VAGH,VINYLITE VAGH,,,16.5,10.9,6.4,7.7,Vinyl Polymer,,near_duplicate; CAS not found after 2 lookups; Rule-based classification: matched pattern 'POLYVINYL|VINYL ACETATE|VINYL ALCOHOL|VI'
,VINYLITE VMCA,VINYLITE VMCA,,,17.7,11.1,6.9,8.7,Vinyl Polymer,,CAS not found after 2 lookups; Rule-based classification: matched pattern 'POLYVINYL|VINYL ACETATE|VINYL ALCOHOL|VI'
,VINYLITE VMCC,VINYLITE VMCC,,,17.6,11.1,6.8,8.8,Vinyl Polymer,,CAS not found after 2 lookups; Rule-based classification: matched pattern 'POLYVINYL|VINYL ACETATE|VINYL ALCOHOL|VI'
,VINYLITE VMCH,VINYLITE VMCH,,,17.6,11.1,6.4,8.6,Vinyl Polymer,,near_duplicate; CAS not found after 2 lookups; Rule-based classification: matched pattern 'POLYVINYL|VINYL ACETATE|VINYL ALCOHOL|VI'
,VINYLITE VYHH,VINYLITE VYHH,,,17.4,10.2,5.9,7.8,Vinyl Polymer,,near_duplicate; CAS not found after 2 lookups; Rule-based classification: matched pattern 'POLYVINYL|VINYL ACETATE|VINYL ALCOHOL|VI'
,VINYLITE VYLF,VINYLITE VYLF,,,18.1,10.3,4.2,8.3,Vinyl Polymer,,near_duplicate; CAS not found after 2 lookups; Rule-based classification: matched pattern 'POLYVINYL|VINYL ACETATE|VINYL ALCOHOL|VI'
,Alftalat AC 366,Alftalat AC 366,,,18.6,10.0,5.0,10.4,Polyester & Alkyd,,CAS not found after 2 lookups; Class from Step 0 brand prefix mapping
,Alftalat AM 756,Alftalat AM 756,,,23.0,2.2,4.2,16.9,Polyester & Alkyd,,CAS not found after 2 lookups; Class from Step 0 brand prefix mapping
,Alftalat AN 896,Alftalat AN 896,,,22.9,15.2,7.6,18.1,Polyester & Alkyd,,CAS not found after 2 lookups; Class from Step 0 brand prefix mapping
,Alftalat AN 950,Alftalat AN 950,,,22.6,13.8,8.1,17.1,Polyester & Alkyd,,CAS not found after 2 lookups; Class from Step 0 brand prefix mapping
,Alftalat AT 316,Alftalat AT 316,,,20.5,9.3,9.1,12.4,Polyester & Alkyd,,CAS not found after 2 lookups; Class from Step 0 brand prefix mapping
,Alftalat AT 576,Alftalat AT 576,,,19.2,5.3,6.3,11.9,Polyester & Alkyd,,CAS not found after 2 lookups; Class from Step 0 brand prefix mapping
,Alkydal F 261 HS,Alkydal F 261 HS,,,23.6,1.0,7.6,19.0,Polyester & Alkyd,,CAS not found after 2 lookups; Class from Step 0 brand prefix mapping
,Alkydal F 41,Alkydal F 41,,,20.6,4.6,5.5,12.6,Polyester & Alkyd,,CAS not found after 2 lookups; Class from Step 0 brand prefix mapping
,DUROFTAL T 354,DUROFTAL T 354,,,17.3,4.2,7.9,9.3,Polyester & Alkyd,Alkyd,CAS not found after 2 lookups; Rule-based classification: matched pattern 'ALKYD|ALKYDAL|ALFTALAT|DYNAPOL|GLYPTAL|B'
,DYNAPOL L 812,DYNAPOL L 812,,,22.6,13.1,5.8,16.807248,Polyester & Alkyd,,CAS not found after 2 lookups; Class from Step 0 brand prefix mapping
,DYNAPOL L 850,DYNAPOL L 850,,,20.0,6.2,7.0,9.5,Polyester & Alkyd,,CAS not found after 2 lookups; Class from Step 0 brand prefix mapping
,PLEXAL C-34,PLEXAL C-34,,,18.5,9.21,4.91,10.64,Polyester & Alkyd,Alkyd,CAS not found after 2 lookups; Rule-based classification: matched pattern 'ALKYD|ALKYDAL|ALFTALAT|DYNAPOL|GLYPTAL|B'
,SOALKYD 1935-EGAX,SOALKYD 1935-EGAX,,,18.0,11.6,8.5,9.0,Polyester & Alkyd,Alkyd,CAS not found after 2 lookups; Rule-based classification: matched pattern 'ALKYD|ALKYDAL|ALFTALAT|DYNAPOL|GLYPTAL|B'
,VESTURIT BL 908,VESTURIT BL 908,,,18.8,12.0,6.0,11.5,Polyester & Alkyd,Alkyd,CAS not found after 2 lookups; Rule-based classification: matched pattern 'ALKYD|ALKYDAL|ALFTALAT|DYNAPOL|GLYPTAL|B'
,VESTURIT BL 915,VESTURIT BL 915,,,17.7,13.0,7.6,11.5,Polyester & Alkyd,Alkyd,CAS not found after 2 lookups; Rule-based classification: matched pattern 'ALKYD|ALKYDAL|ALFTALAT|DYNAPOL|GLYPTAL|B'
,BE 370,BE 370,,,20.7,6.1,12.7,14.8,Epoxy Resin,,CAS not found after 2 lookups; Rule-based classification: matched pattern '^\bBE \d'
,Cymel 300,Cymel 300,,,19.35,12.83,12.87,9.82,Amino Resin,,CAS not found after 2 lookups; Class from Step 0 brand prefix mapping
,Cymel 325,Cymel 325,,,25.5,15.2,9.5,22.2,Amino Resin,,CAS not found after 2 lookups; Class from Step 0 brand prefix mapping
,DYNOMIN MM 9,DYNOMIN MM 9,,,18.8,14.0,12.3,10.5,Amino Resin,,CAS not found after 2 lookups; Rule-based classification: matched pattern 'MELAMINE|UREA.FORMALDEHYDE|AMINO RESIN|C'
,DYNOMIN UM 15,DYNOMIN UM 15,,,19.9,15.8,13.4,11.7,Amino Resin,,CAS not found after 2 lookups; Rule-based classification: matched pattern 'MELAMINE|UREA.FORMALDEHYDE|AMINO RESIN|C'
,SOAMIN M 60,SOAMIN M 60,,,15.9,8.1,6.5,10.6,Amino Resin,,CAS not found after 2 lookups; Rule-based classification: matched pattern 'MELAMINE|UREA.FORMALDEHYDE|AMINO RESIN|C'
,SYNRESIN A 560,SYNRESIN A 560,,,22.1,5.0,11.3,15.5,Polyester & Alkyd,Alkyd,CAS not found after 2 lookups; Rule-based classification: matched pattern 'ALKYD|ALKYDAL|ALFTALAT|DYNAPOL|GLYPTAL|B'
,PLASTOPAL H,PLASTOPAL H,,,20.81,8.29,14.96,12.69,Amino Resin,,CAS not found after 2 lookups; Rule-based classification: matched pattern 'MELAMINE|UREA.FORMALDEHYDE|AMINO RESIN|C'
,UFORMITE MX-61,UFORMITE MX-61,,,22.7,2.8,5.4,16.2,Amino Resin,,CAS not found after 2 lookups; Rule-based classification: matched pattern 'MELAMINE|UREA.FORMALDEHYDE|AMINO RESIN|C'
,URACRON 15,URACRON 15,,,19.2,7.7,5.7,10.6,Amino Resin,,CAS not found after 2 lookups; Rule-based classification: matched pattern 'MELAMINE|UREA.FORMALDEHYDE|AMINO RESIN|C'
,Paraloid P 400,Paraloid P 400,,,19.2,9.6,9.3,12.2,Acrylic,,CAS not found after 2 lookups; Class from Step 0 brand prefix mapping
,Paraloid P 410,Paraloid P 410,,,19.6,9.1,6.8,12.2,Acrylic,,CAS not found after 2 lookups; Class from Step 0 brand prefix mapping
,Paraloid EXPER. RES. QR 954,Paraloid EXPER. RES. QR 954; polyethylene; PE,,,18.4,9.8,10.0,12.4,Acrylic,,CAS not found after 2 lookups; Class from Step 0 brand prefix mapping
,BAYSILON UD 125,BAYSILON UD 125,,,19.4,9.9,10.1,6.9,Elastomer,Silicone,CAS not found after 2 lookups; Rule-based classification: matched pattern 'SILICONE|BAYSILON|SILICON RESIN|POLY.DIM'
,TEFLON,TEFLON; SL2-,,,17.1,8.1,1.3,4.7,Fluoropolymer,,CAS not found after 2 lookups; Rule-based classification: matched pattern 'FLUORO|PTFE|TEFLON|PVDF|POLYVINYLIDENE F'
,DOW EPOXY NOVOLAC 438,DOW EPOXY NOVOLAC 438,,,20.3,15.4,5.3,15.1,Epoxy Resin,,CAS not found after 2 lookups; Rule-based classification: matched pattern 'EPOXY|\bEPIKOTE\b|\bEPON\b|\bARALDITE\b|'
,DOW EPOXY NOVOLAC 444,DOW EPOXY NOVOLAC 444,,,19.5,11.6,9.3,10.0,Epoxy Resin,,CAS not found after 2 lookups; Rule-based classification: matched pattern 'EPOXY|\bEPIKOTE\b|\bEPON\b|\bARALDITE\b|'
,ZINK SILICATE - CHEMICAL RES.,ZINK SILICATE - CHEMICAL RES.,,,23.5,17.5,16.8,15.6,Biological & Other,Inorganic,CAS not found after 2 lookups; Rule-based classification: matched pattern 'ZINK SILICATE|ZINC SILICATE'
,2-COMP EPOXY CHEMICAL RES.,2-COMP EPOXY CHEMICAL RES.,,,18.4,9.4,10.1,7.0,Epoxy Resin,,CAS not found after 2 lookups; Rule-based classification: matched pattern 'EPOXY|\bEPIKOTE\b|\bEPON\b|\bARALDITE\b|'
POLYVINYLIDINE FLUORIDE SOL.,POLYVINYLIDINE FLUORIDE SOL.,POLYVINYLIDINE FLUORIDE SOL.,,,17.0,12.1,10.2,4.1,Vinyl Polymer,,CAS not found after 2 lookups; Rule-based classification: matched pattern 'POLYVINYL|VINYL ACETATE|VINYL ALCOHOL|VI'
,COAL TAR PITCH SOL.,COAL TAR PITCH SOL.,,,18.7,7.5,8.9,5.8,Natural & Petroleum Resin,,CAS not found after 2 lookups; Rule-based classification: matched pattern 'ROSIN|TERPENE|PETROLEUM RESIN|COUMARONE|'
,NITRILE 20 MIN,NITRILE 20 MIN,,,17.5,7.3,6.5,5.1,Elastomer,NBR,CAS not found after 2 lookups; Rule-based classification: matched pattern '^\s*NITRILE\b'
,NITRILE 1 HR,NITRILE 1 HR,,,16.6,9.1,4.4,10.0,Elastomer,NBR,CAS not found after 2 lookups; Rule-based classification: matched pattern '^\s*NITRILE\b'
,NITRILE 4 HR,NITRILE 4 HR,,,19.0,12.6,3.8,13.3,Elastomer,NBR,CAS not found after 2 lookups; Rule-based classification: matched pattern '^\s*NITRILE\b'
,BUTYL 20 MIN,BUTYL 20 MIN,,,16.5,1.0,5.1,5.0,Elastomer,Butyl Rubber,CAS not found after 2 lookups; Rule-based classification: matched pattern '^\s*BUTYL\s+\d'
,BUTYL 4 HR (2),BUTYL 4 HR (2),,,17.6,2.1,2.1,7.0,Elastomer,Butyl Rubber,CAS not found after 2 lookups; Rule-based classification: matched pattern '^\s*BUTYL\s+\d'
,NATURAL RUBBER 20 MIN,NATURAL RUBBER 20 MIN,,,14.5,7.3,4.5,11.0,Elastomer,,CAS not found after 2 lookups; Rule-based classification: matched pattern '\bRUBBER\b|ELASTOMER|\bNBR\b|\bSBR\b|NEO'
,NATURAL RUBBER 1 HR,NATURAL RUBBER 1 HR,,,15.6,3.4,9.1,14.0,Elastomer,,CAS not found after 2 lookups; Rule-based classification: matched pattern '\bRUBBER\b|ELASTOMER|\bNBR\b|\bSBR\b|NEO'
,NATURAL RUBBER 4 HR,NATURAL RUBBER 4 HR,,,19.4,13.2,7.7,19.0,Elastomer,,CAS not found after 2 lookups; Rule-based classification: matched pattern '\bRUBBER\b|ELASTOMER|\bNBR\b|\bSBR\b|NEO'
,PVC 20 MIN,PVC 20 MIN; PVC; vinyl; vinyl plastic,,,16.1,7.1,5.9,9.3,Vinyl Polymer,,CAS not found after 2 lookups; Rule-based classification: matched pattern 'POLYVINYL|VINYL ACETATE|VINYL ALCOHOL|VI'
,PVC 1 HR,PVC 1 HR; PVC; vinyl; vinyl plastic,,,14.9,11.1,3.8,13.2,Vinyl Polymer,,CAS not found after 2 lookups; Rule-based classification: matched pattern 'POLYVINYL|VINYL ACETATE|VINYL ALCOHOL|VI'
,PVC 4 HR,PVC 4 HR; PVC; vinyl; vinyl plastic,,,24.4,4.9,9.9,22.707248,Vinyl Polymer,,CAS not found after 2 lookups; Rule-based classification: matched pattern 'POLYVINYL|VINYL ACETATE|VINYL ALCOHOL|VI'
POLYVINYLALCOHOL 20 MIN,POLYVINYLALCOHOL 20 MIN,POLYVINYLALCOHOL 20 MIN,,,11.2,12.4,13.0,12.1,Vinyl Polymer,,CAS not found after 2 lookups; Rule-based classification: matched pattern 'POLYVINYL|VINYL ACETATE|VINYL ALCOHOL|VI'
POLYVINYLALCOHOL 1 HR,POLYVINYLALCOHOL 1 HR,POLYVINYLALCOHOL 1 HR,,,15.3,13.2,13.5,8.8,Vinyl Polymer,,CAS not found after 2 lookups; Rule-based classification: matched pattern 'POLYVINYL|VINYL ACETATE|VINYL ALCOHOL|VI'
POLYVINYLALCOHOL 4 HR,POLYVINYLALCOHOL 4 HR,POLYVINYLALCOHOL 4 HR,,,17.2,13.6,15.4,10.9,Vinyl Polymer,,CAS not found after 2 lookups; Rule-based classification: matched pattern 'POLYVINYL|VINYL ACETATE|VINYL ALCOHOL|VI'
POLYETHYLENE 20 MIN,POLYETHYLENE 20 MIN,POLYETHYLENE 20 MIN,,,16.9,3.3,4.1,8.1,Polyolefin,,CAS not found after 2 lookups; Rule-based classification: matched pattern 'POLYETHYLENE|\bHDPE\b|\bLDPE\b|\bLLDPE\b'
POLYETHYLENE 1 HR,POLYETHYLENE 1 HR,POLYETHYLENE 1 HR,,,17.1,3.1,5.2,8.2,Polyolefin,,CAS not found after 2 lookups; Rule-based classification: matched pattern 'POLYETHYLENE|\bHDPE\b|\bLDPE\b|\bLLDPE\b'
POLYETHYLENE 4 HR,POLYETHYLENE 4 HR,POLYETHYLENE 4 HR,,,24.1,14.9,0.3,24.3,Polyolefin,,CAS not found after 2 lookups; Rule-based classification: matched pattern 'POLYETHYLENE|\bHDPE\b|\bLDPE\b|\bLLDPE\b'
,VITON 20 MIN,VITON 20 MIN,,,10.9,14.5,3.1,14.1,Fluoropolymer,,CAS not found after 2 lookups; Rule-based classification: matched pattern 'FLUORO|PTFE|TEFLON|PVDF|POLYVINYLIDENE F'
,VITON 1 HR,VITON 1 HR,,,16.5,8.1,8.3,6.6,Fluoropolymer,,CAS not found after 2 lookups; Rule-based classification: matched pattern 'FLUORO|PTFE|TEFLON|PVDF|POLYVINYLIDENE F'
,VITON 4 HR,VITON 4 HR,,,13.6,15.4,8.6,14.4,Fluoropolymer,,CAS not found after 2 lookups; Rule-based classification: matched pattern 'FLUORO|PTFE|TEFLON|PVDF|POLYVINYLIDENE F'
,NEOPRENE 20 MIN,NEOPRENE 20 MIN,,,17.6,2.5,5.9,6.2,Elastomer,,CAS not found after 2 lookups; Rule-based classification: matched pattern '\bRUBBER\b|ELASTOMER|\bNBR\b|\bSBR\b|NEO'
,NEOPRENE 1 HR,NEOPRENE 1 HR,,,19.0,8.0,0.0,13.2,Elastomer,,CAS not found after 2 lookups; Rule-based classification: matched pattern '\bRUBBER\b|ELASTOMER|\bNBR\b|\bSBR\b|NEO'
,NEOPRENE 4 HR,NEOPRENE 4 HR,,,14.6,13.9,2.3,15.9,Elastomer,,CAS not found after 2 lookups; Rule-based classification: matched pattern '\bRUBBER\b|ELASTOMER|\bNBR\b|\bSBR\b|NEO'
,CH 5100 3 HR,CH 5100 3 HR,,,16.6,5.4,4.0,3.8,Elastomer,,CAS not found after 2 lookups; Rule-based classification: matched pattern '^\s*CH \d{4}'
,CH 5200 3 HR,CH 5200 3 HR,,,16.6,6.0,4.8,3.7,Elastomer,,CAS not found after 2 lookups; Rule-based classification: matched pattern '^\s*CH \d{4}'
,PVDC (110C) SOLUBILITY,PVDC (110C) SOLUBILITY; PVDC; polyvinylidene chloride; Saran,,,17.6,9.1,7.8,3.9,Vinyl Polymer,,CAS not found after 2 lookups; Rule-based classification: matched pattern 'POLYVINYL|VINYL ACETATE|VINYL ALCOHOL|VI'
,PVDC (130C) SOLUBILITY,PVDC (130C) SOLUBILITY; PVDC; polyvinylidene chloride; Saran,,,20.4,10.0,10.2,7.6,Vinyl Polymer,,CAS not found after 2 lookups; Rule-based classification: matched pattern 'POLYVINYL|VINYL ACETATE|VINYL ALCOHOL|VI'
,PES L C=1,PES L C=1; polyethylene; PE,,,18.7,10.5,7.6,9.1,Polysulfone / PES / PPS,,CAS not found after 2 lookups; Rule-based classification: matched pattern '\bPSU\b|\bPES\b\s*(SOL|L\s)'
,PES L B + C =1,PES L B + C =1; polyethylene; PE,,,17.7,9.7,6.4,9.3,Polysulfone / PES / PPS,,CAS not found after 2 lookups; Rule-based classification: matched pattern '\bPSU\b|\bPES\b\s*(SOL|L\s)'
,PPS CR 93°C,PPS CR 93°C; polystyrene; PS,,,18.8,4.8,6.8,2.8,Polysulfone / PES / PPS,,CAS not found after 2 lookups; Rule-based classification: matched pattern 'POLYSULFONE|POLYETHERSULFONE|\bPPS\b|\bP'
,PPS TS60%12MO,PPS TS60%12MO; polystyrene; PS,,,18.7,5.3,3.7,6.7,Polysulfone / PES / PPS,,CAS not found after 2 lookups; Rule-based classification: matched pattern 'POLYSULFONE|POLYETHERSULFONE|\bPPS\b|\bP'
,PA6 CR,PA6 CR,,,17.0,3.4,10.6,5.1,Polyamide,,CAS not found after 2 lookups; Rule-based classification: matched pattern '^\s*PA6\b|^\s*PA 6\b'
,PA66 SOL,PA66 SOL,,,17.4,9.8,14.6,5.1,Polyamide,,CAS not found after 2 lookups; Rule-based classification: matched pattern 'POLYAMIDE|\bNYLON\b|VERSAMID|POLYPHTHALA'
,PA11 CR,PA11 CR,,,17.0,4.4,10.6,5.1,Polyamide,,CAS not found after 2 lookups; Rule-based classification: matched pattern 'POLYAMIDE|\bNYLON\b|VERSAMID|POLYPHTHALA'
,POMH+POMC CR,POMH+POMC CR; polyacetal; POM; acetal; Delrin,,,17.1,3.1,10.7,5.2,Polyolefin,,CAS not found after 2 lookups; Rule-based classification: matched pattern '\bPE\b(?!\s*\d)|POLYETHYLENEOXIDE|PEO\b|'
,PETP CR,PETP CR; polyethylene; PE,,,18.2,6.4,6.6,5.0,Polyester & Alkyd,Saturated Polyester,CAS not found after 2 lookups; Rule-based classification: matched pattern '\bPET\b|\bPBT\b|\bPETG\b|POLY.ETHYLENE T'
,PTFE L80 CR,PTFE L80 CR; PTFE; Teflon; polytetrafluoroethylene,,,16.2,1.8,3.4,3.9,Fluoropolymer,,CAS not found after 2 lookups; Rule-based classification: matched pattern 'FLUORO|PTFE|TEFLON|PVDF|POLYVINYLIDENE F'
,PMMA CR,PMMA CR; acrylic glass; acrylic; plexiglass; perspex,,,16.0,5.0,12.0,13.0,Acrylic,,CAS not found after 2 lookups; Rule-based classification: matched pattern 'ACRYLIC|ACRYLATE|METHACRYLATE|\bPMMA\b|P'
,PE CR QUESTIONABLE V ALUES,PE CR QUESTIONABLE V ALUES; polyethylene; PE,,,16.8,5.4,2.4,4.7,Polyolefin,,source_uncertainty; CAS not found after 2 lookups; Rule-based classification: matched pattern '\bPE\b(?!\s*\d)|POLYETHYLENEOXIDE|PEO\b|'
,PPO CR,PPO CR; polypropylene; PP,,,17.9,3.1,8.5,8.6,Polyacetal / PEI / PC,,CAS not found after 2 lookups; Rule-based classification: matched pattern 'POLYCARBONATE|\bPOM\b|POLYACETAL|POLYOXY'
,PUR CR,PUR CR,,,18.1,9.3,4.5,9.7,Polyurethane,,CAS not found after 2 lookups; Rule-based classification: matched pattern '\bPUR\b|\bPU\b(?!\S)|TOLONATE|ISOCYANATE'
,ABS CR,ABS CR; ABS; acrylonitrile butadiene styrene,,,16.3,2.7,7.1,7.8,Styrenic,,CAS not found after 2 lookups; Rule-based classification: matched pattern 'STYRENE|POLYSTYRENE|\bABS\b|\bSAN\b|\bSB'
,PSU CR,PSU CR; polystyrene; PS,,,16.0,6.0,6.6,9.0,Polysulfone / PES / PPS,,CAS not found after 2 lookups; Rule-based classification: matched pattern '^R\s+.*POLYSULFONE|^R\s+.*PSU|\bR POLYSU'
,VINYL SILANE,VINYL SILANE,,7291-09-0,16.4,3.7,4.5,10.0,Vinyl Polymer,,CAS found via PubChem: 7291-09-0; Rule-based classification: matched pattern 'POLYVINYL|VINYL ACETATE|VINYL ALCOHOL|VI'
,CELLOPHAN SW,CELLOPHAN SW,,,16.1,18.5,14.5,9.3,Cellulosic Polymer,,CAS not found after 2 lookups; Rule-based classification: matched pattern 'CELLUL|CELLIT\b|ETHOCEL|CELLIDORA|NITROC'
,EVOH SOL,EVOH SOL; EVOH; ethylene-vinyl alcohol,,,20.5,10.5,12.3,7.3,Vinyl Polymer,,CAS not found after 2 lookups; Rule-based classification: matched pattern 'POLYVINYL|VINYL ACETATE|VINYL ALCOHOL|VI'
,SARANEX 4HR,SARANEX 4HR,,,17.7,18.3,0.7,18.4,Vinyl Polymer,,CAS not found after 2 lookups; Rule-based classification: matched pattern 'POLYVINYL|VINYL ACETATE|VINYL ALCOHOL|VI'
,4H 35°C,4H 35°C,,,19.4,13.4,18.0,8.6,Biological & Other,,CAS not found after 2 lookups; No rule matched; assigned Biological & Other as default
,4H 35°C no plasticizer included,4H 35°C no plasticizer included,,,20.5,11.3,10.3,6.7,Biological & Other,,CAS not found after 2 lookups; No rule matched; assigned Biological & Other as default
POLYVINYLALCOHOL,POLYVINYLALCOHOL,POLYVINYLALCOHOL,,,15.0,17.2,17.8,10.2,Vinyl Polymer,,CAS not found after 2 lookups; Rule-based classification: matched pattern 'POLYVINYL|VINYL ACETATE|VINYL ALCOHOL|VI'
,ACETAL CELANESE,ACETAL CELANESE,,,21.1,9.3,5.9,11.4,Polyacetal / PEI / PC,Polyacetal,CAS not found after 2 lookups; Rule-based classification: matched pattern '\bPOM\b|ACETAL.*CELANESE|ACETALHOMO|ACET'
,ACETALHOMO-DUO,ACETALHOMO-DUO,,,19.0,5.0,8.0,5.0,Polyacetal / PEI / PC,Polyacetal,CAS not found after 2 lookups; Rule-based classification: matched pattern '\bPOM\b|ACETAL.*CELANESE|ACETALHOMO|ACET'
,CELLULOSE ACETATE,CELLULOSE ACETATE,,,16.9,16.3,3.7,13.707248,Cellulosic Polymer,,near_duplicate; CAS not found after 2 lookups; Rule-based classification: matched pattern 'CELLUL|CELLIT\b|ETHOCEL|CELLIDORA|NITROC'
,CELL. ACET. BUTYRATE,CELL. ACET. BUTYRATE,,,17.2,13.8,2.8,12.6,Cellulosic Polymer,,CAS not found after 2 lookups; Rule-based classification: matched pattern 'CELL\.\s*ACET'
,CELL. ACET. PROPIONATE,CELL. ACET. PROPIONATE,,,9.8,13.6,11.4,15.2,Cellulosic Polymer,,hsp_flag_dd_low; CAS not found after 2 lookups; Rule-based classification: matched pattern 'CELL\.\s*ACET'
,PCTFE,PCTFE; polycarbonate; PC,,,14.1,2.7,5.5,6.6,Fluoropolymer,,CAS not found after 2 lookups; Rule-based classification: matched pattern 'FLUORO|PTFE|TEFLON|PVDF|POLYVINYLIDENE F'
,FEP,FEP,,,19.0,4.0,3.0,4.0,Fluoropolymer,,CAS not found after 2 lookups; Rule-based classification: matched pattern 'FLUORO|PTFE|TEFLON|PVDF|POLYVINYLIDENE F'
,FURAN,FURAN,,110-00-9,19.0,6.0,8.0,5.0,Phenolic Resin,Furan Resin,CAS found via PubChem: 110-00-9; Rule-based classification: matched pattern '\bFURAN\b|FURF|FURFURYL'
,FURF ALC,FURF ALC,,,19.9,3.9,5.1,3.8,Phenolic Resin,Furan Resin,CAS not found after 2 lookups; Rule-based classification: matched pattern '\bFURAN\b|FURF|FURFURYL'
,PHENOLIC,PHENOLIC,,,21.6,5.2,18.8,15.4,Phenolic Resin,,CAS not found after 2 lookups; Rule-based classification: matched pattern 'PHENOL.FORMALDEHYDE|PHENOLIC|NOVOLAC|RES'
,PETG,PETG; polyethylene; PE,,63407-54-5,18.0,3.0,4.0,6.0,Polyester & Alkyd,Saturated Polyester,CAS found via PubChem: 63407-54-5; Rule-based classification: matched pattern '\bPET\b|\bPBT\b|\bPETG\b|POLY.ETHYLENE T'
High-density polyethylene,HDPE,HDPE; high-density polyethylene; polyethylene; PE,HDPE,,18.0,0.0,2.0,2.0,Polyolefin,,CAS not found after 2 lookups; Rule-based classification: matched pattern 'POLYETHYLENE|\bHDPE\b|\bLDPE\b|\bLLDPE\b'
Polypropylene,polypropylene,polypropylene,PP,,18.0,0.0,1.0,6.0,Polyolefin,Polypropylene,CAS not found after 2 lookups; Rule-based classification: matched pattern '\bPP\b(?!\s*\d)'
,PECTFE SOL AT HIGH TEMP.,PECTFE SOL AT HIGH TEMP.; polyethylene; PE,,,19.5,7.3,1.7,5.1,Fluoropolymer,,CAS not found after 2 lookups; Rule-based classification: matched pattern '\bPECTFE\b|\bPCTFE\b'
Polyacrylonitrile,PAN,PAN; polyacrylonitrile,PAN,85-85-8,21.7,14.1,9.1,10.9,Acrylic,PAN,CAS found via PubChem: 85-85-8; Rule-based classification: matched pattern '\bPAN\b|POLYACRYLONITRILE'
,PEI 1200PSI,PEI 1200PSI; polystyrene; PS,,,17.2,6.4,5.2,3.6,Polyester & Alkyd,,CAS not found after 2 lookups; Rule-based classification: matched pattern '\bPBT\b|\bPET\b|\bPETP\b|\bPEI\b|ESTANE|'
,PEI 2400PSI,PEI 2400PSI; polystyrene; PS,,,17.4,4.6,9.0,7.2,Polyester & Alkyd,,CAS not found after 2 lookups; Rule-based classification: matched pattern '\bPBT\b|\bPET\b|\bPETP\b|\bPEI\b|ESTANE|'
,PEI 600PSI,PEI 600PSI; polystyrene; PS,,,17.3,5.3,4.7,3.3,Polyester & Alkyd,,CAS not found after 2 lookups; Rule-based classification: matched pattern '\bPBT\b|\bPET\b|\bPETP\b|\bPEI\b|ESTANE|'
,ESTER GUM,ESTER GUM,,,16.9,4.5,6.5,9.2,Cellulosic Polymer,,CAS not found after 2 lookups; Rule-based classification: matched pattern 'CELLUL|CELLIT\b|ETHOCEL|CELLIDORA|NITROC'
,ALKYD 45 SOYA,ALKYD 45 SOYA,,,17.5,2.3,7.7,10.0,Polyester & Alkyd,Alkyd,CAS not found after 2 lookups; Rule-based classification: matched pattern 'ALKYD|ALKYDAL|ALFTALAT|DYNAPOL|GLYPTAL|B'
,SILICONE DC-1107,SILICONE DC-1107,,,19.6,3.4,10.8,9.8,Elastomer,Silicone,source_uncertainty; CAS not found after 2 lookups; Rule-based classification: matched pattern 'SILICONE|BAYSILON|SILICON RESIN|POLY.DIM'
,PVETHYLETHER,PVETHYLETHER,,,15.1,3.1,11.9,12.9,Vinyl Polymer,PVE,source_uncertainty; CAS not found after 2 lookups; Rule-based classification: matched pattern 'VBE/|PVBE\b|PVEE\b|PVIBE\b|PVETHYL|PVINY'
,PBUTYLACRYLATE,PBUTYLACRYLATE,,,16.2,9.0,3.0,10.1,Acrylic,,CAS not found after 2 lookups; Rule-based classification: matched pattern 'ACRYLIC|ACRYLATE|METHACRYLATE|\bPMMA\b|P'
,PBMA,PBMA,,,15.9,5.5,5.9,8.5,Acrylic,,source_uncertainty; CAS not found after 2 lookups; Rule-based classification: matched pattern 'MMA/|/MMA|METHYL METHACRYLATE|PLEXIGUM|P'
,SILICONE DC 23,SILICONE DC 23,,,16.4,0.0,7.8,5.5,Elastomer,Silicone,source_uncertainty; CAS not found after 2 lookups; Rule-based classification: matched pattern 'SILICONE|BAYSILON|SILICON RESIN|POLY.DIM'
Polyethylene,polyethylene,polyethylene,PE,,16.0,0.8,2.8,3.2,Polyolefin,,CAS not found after 2 lookups; Rule-based classification: matched pattern '\bPE\b(?!\s*\d)|POLYETHYLENEOXIDE|PEO\b|'
,GILSONITE,GILSONITE,,,17.1,2.1,3.9,4.9,Natural & Petroleum Resin,,CAS not found after 2 lookups; Rule-based classification: matched pattern 'HYDROCARBON M|CONOCO H-|GILSONITE|COAL T'
,PVINYLBUTYLETHER,PVINYLBUTYLETHER,,,17.4,3.4,7.8,8.4,Vinyl Polymer,PVE,CAS not found after 2 lookups; Rule-based classification: matched pattern 'VBE/|PVBE\b|PVEE\b|PVIBE\b|PVETHYL|PVINY'
,NAT RUBBER,NAT RUBBER,,,16.0,4.0,6.0,1.3,Elastomer,,CAS not found after 2 lookups; Rule-based classification: matched pattern '\bRUBBER\b|ELASTOMER|\bNBR\b|\bSBR\b|NEO'
,HYP 20 CHLOROSULFONATED PE,HYP 20 CHLOROSULFONATED PE; polyethylene; PE,,,17.4,3.2,4.0,4.8,Polyolefin,,CAS not found after 2 lookups; Rule-based classification: matched pattern '\bPE\b(?!\s*\d)|POLYETHYLENEOXIDE|PEO\b|'
,ETHCEL N22,ETHCEL N22,,,22.7,0.5,16.5,20.1,Cellulosic Polymer,,source_uncertainty; CAS not found after 2 lookups; Rule-based classification: matched pattern '\bETHCEL\b'
,CHLORINATED RUBBER,CHLORINATED RUBBER,,,17.9,6.3,5.1,7.6,Elastomer,,near_duplicate; CAS not found after 2 lookups; Rule-based classification: matched pattern '\bRUBBER\b|ELASTOMER|\bNBR\b|\bSBR\b|NEO'
,DAMMAR GUM,DAMMAR GUM,,,18.4,4.2,7.8,8.3,Natural & Petroleum Resin,,CAS not found after 2 lookups; Rule-based classification: matched pattern 'ROSIN|TERPENE|PETROLEUM RESIN|COUMARONE|'
,Versamid 100,Versamid 100,,,18.8,3.0,9.2,7.8,Polyamide,,source_uncertainty; CAS not found after 2 lookups; Class from Step 0 brand prefix mapping
Polystyrene,polystyrene,polystyrene,PS,,18.5,4.5,2.9,5.3,Styrenic,Polystyrene,CAS not found after 2 lookups; Rule-based classification: matched pattern '\bPS\b(?!\s*\d)'
,PV AC,PV AC,,,17.6,2.2,4.0,4.1,Vinyl Polymer,PVAc,CAS not found after 2 lookups; Rule-based classification: matched pattern 'V A/|VA/|/V A|VINYL ACETATE/|POLY.VINYL '
Poly(vinyl chloride),PVC,PVC; vinyl; vinyl plastic,PVC,,17.6,7.8,3.4,8.2,Vinyl Polymer,,CAS not found after 2 lookups; Rule-based classification: matched pattern 'POLYVINYL|VINYL ACETATE|VINYL ALCOHOL|VI'
,PHENOLICS,PHENOLICS,,,19.8,7.2,10.8,12.8,Phenolic Resin,,CAS not found after 2 lookups; Rule-based classification: matched pattern 'PHENOL.FORMALDEHYDE|PHENOLIC|NOVOLAC|RES'
,BUNA N BUTADIENE/ACRYLONITRILE,BUNA N BUTADIENE/ACRYLONITRILE,,,17.8,3.2,3.4,3.7,Elastomer,,CAS not found after 2 lookups; Rule-based classification: matched pattern '\bRUBBER\b|ELASTOMER|\bNBR\b|\bSBR\b|NEO'
Poly(methyl methacrylate),acrylic glass,acrylic glass; acrylic; plexiglass,PMMA,,18.1,10.5,5.1,9.5,Acrylic,,near_duplicate; CAS not found after 2 lookups; Rule-based classification: matched pattern 'ACRYLIC|ACRYLATE|METHACRYLATE|\bPMMA\b|P'
,PEO 4000  HEATED SAMPLES,PEO 4000  HEATED SAMPLES; polyethylene; PE,,,21.5,10.9,13.1,15.9,Polyolefin,,source_uncertainty; CAS not found after 2 lookups; Rule-based classification: matched pattern '\bPE\b(?!\s*\d)|POLYETHYLENEOXIDE|PEO\b|'
POLYETHYLENESULFIDE,POLYETHYLENESULFIDE,POLYETHYLENESULFIDE,,,17.8,3.8,2.2,4.1,Polyolefin,,CAS not found after 2 lookups; Rule-based classification: matched pattern 'POLYETHYLENE|\bHDPE\b|\bLDPE\b|\bLLDPE\b'
Polycarbonate,polycarbonate,polycarbonate; PC,PC,,18.1,5.9,6.9,5.5,Polyacetal / PEI / PC,Polycarbonate,CAS not found after 2 lookups; Rule-based classification: matched pattern '\bPC\b(?!\s*\d)'
,PLIOLITE P1230,PLIOLITE P1230,,,18.1,4.7,3.7,3.907248,Natural & Petroleum Resin,,CAS not found after 2 lookups; Rule-based classification: matched pattern 'HYDROCARBON M|CONOCO H-|GILSONITE|COAL T'
,MYLAR PET,MYLAR PET; polyethylene; PE,,,18.0,6.2,6.2,5.0,Polyester & Alkyd,Saturated Polyester,CAS not found after 2 lookups; Rule-based classification: matched pattern '\bPET\b|\bPBT\b|\bPETG\b|POLY.ETHYLENE T'
,VCV A COPOLY,VCV A COPOLY,,,17.3,8.7,6.1,7.8,Vinyl Polymer,,CAS not found after 2 lookups; Rule-based classification: matched pattern '\bVCV A\b|\bVCVA\b'
,PUR,PUR,,550-33-4,17.9,6.9,3.7,2.7,Polyurethane,,CAS found via PubChem: 550-33-4; Rule-based classification: matched pattern '\bPUR\b|\bPU\b(?!\S)|TOLONATE|ISOCYANATE'
Poly(styrene-co-acrylonitrile),SAN,SAN; styrene-acrylonitrile,SAN,,16.6,9.8,7.6,4.8,Styrenic,,CAS not found after 2 lookups; Rule-based classification: matched pattern 'STYRENE|POLYSTYRENE|\bABS\b|\bSAN\b|\bSB'
,VINSOL ROSIN,VINSOL ROSIN,,,17.4,10.0,13.0,10.5,Natural & Petroleum Resin,,CAS not found after 2 lookups; Rule-based classification: matched pattern 'ROSIN|TERPENE|PETROLEUM RESIN|COUMARONE|'
,EPON 1001,EPON 1001,EP,,17.0,9.6,7.8,7.1,Epoxy Resin,,CAS not found after 2 lookups; Class from Step 0 brand prefix mapping
,SHELLAC,SHELLAC,,,19.7,10.1,15.1,10.7,Natural & Petroleum Resin,,CAS not found after 2 lookups; Rule-based classification: matched pattern 'ROSIN|TERPENE|PETROLEUM RESIN|COUMARONE|'
POLYMETHACRYLONITRILE,POLYMETHACRYLONITRILE,POLYMETHACRYLONITRILE,,,17.2,14.4,7.6,3.8,Acrylic,,CAS not found after 2 lookups; Rule-based classification: matched pattern 'MMA/|/MMA|METHYL METHACRYLATE|PLEXIGUM|P'
,CELLULOSE ACETATE,CELLULOSE ACETATE,,,18.3,16.5,11.9,8.8,Cellulosic Polymer,,near_duplicate; CAS not found after 2 lookups; Rule-based classification: matched pattern 'CELLUL|CELLIT\b|ETHOCEL|CELLIDORA|NITROC'
,CELLULOSE NITRATE,CELLULOSE NITRATE,,,16.9,13.5,10.3,9.9,Cellulosic Polymer,,CAS not found after 2 lookups; Rule-based classification: matched pattern 'CELLUL|CELLIT\b|ETHOCEL|CELLIDORA|NITROC'
,PVOH,PVOH; PVA; polyvinyl alcohol,,,17.0,9.0,18.0,4.0,Vinyl Polymer,PVOH,CAS not found after 2 lookups; Rule-based classification: matched pattern '\bPVOH\b|\bPVAL\b'
,NYLON 66,NYLON 66,,,16.0,11.0,24.0,3.0,Polyamide,,CAS not found after 2 lookups; Rule-based classification: matched pattern 'POLYAMIDE|\bNYLON\b|VERSAMID|POLYPHTHALA'
,Acryloid B-44,Acryloid B-44,,,19.4,11.2,4.4,10.5,Acrylic,,CAS not found after 2 lookups; Class from Step 0 brand prefix mapping
,Acryloid B-66,Acryloid B-66,,,18.0,9.0,3.0,9.0,Acrylic,,CAS not found after 2 lookups; Class from Step 0 brand prefix mapping
,Acryloid B-72,Acryloid B-72,,,19.2,11.2,1.8,11.0,Acrylic,,CAS not found after 2 lookups; Class from Step 0 brand prefix mapping
,Acryloid B-82,Acryloid B-82,,,19.1,9.1,3.3,9.0,Acrylic,,CAS not found after 2 lookups; Class from Step 0 brand prefix mapping
,R+H PBA,R+H PBA,,,16.0,8.0,8.0,12.0,Acrylic,,CAS not found after 2 lookups; Rule-based classification: matched pattern '^R\+H\b'
,R+H PiMBA,R+H PiMBA,,,20.7,4.1,10.7,11.5,Acrylic,,CAS not found after 2 lookups; Rule-based classification: matched pattern '^R\+H\b'
,R+H PNBMA,R+H PNBMA,,,16.0,6.2,6.6,9.5,Acrylic,,CAS not found after 2 lookups; Rule-based classification: matched pattern '^R\+H\b'
,R+H PEMA,R+H PEMA; polyethylene; PE,,,19.0,9.0,8.0,11.0,Acrylic,,CAS not found after 2 lookups; Rule-based classification: matched pattern 'MMA/|/MMA|METHYL METHACRYLATE|PLEXIGUM|P'
,R+H PMAA,R+H PMAA,,,25.6,11.2,19.6,20.3,Acrylic,,CAS not found after 2 lookups; Rule-based classification: matched pattern '^R\+H\b'
,R+H PMMA,R+H PMMA; acrylic glass; acrylic; plexiglass; perspex,,,19.1,11.3,4.1,10.3,Acrylic,,CAS not found after 2 lookups; Rule-based classification: matched pattern 'ACRYLIC|ACRYLATE|METHACRYLATE|\bPMMA\b|P'
,BMA/AN 80/20,BMA/AN 80/20,,,17.5,9.9,4.1,9.5,Acrylic,,CAS not found after 2 lookups; Rule-based classification: matched pattern '^BMA/'
,MAA/EA/ST 15/38/47,MAA/EA/ST 15/38/47,,,17.6,5.2,7.0,4.5,Acrylic,,CAS not found after 2 lookups; Rule-based classification: matched pattern '^MAA/'
,MAA/MA/V A 15/27.5/,MAA/MA/V A 15/27.5/,,,57.5,28.5,15.7,18.1,Vinyl Polymer,PVAc,hsp_flag_dd_high; CAS not found after 2 lookups; Rule-based classification: matched pattern 'V A/|VA/|/V A|VINYL ACETATE/|POLY.VINYL '
,MAA/MA/V A 15/17.5/,MAA/MA/V A 15/17.5/,,,67.5,25.5,15.7,18.1,Vinyl Polymer,PVAc,hsp_flag_dd_high; CAS not found after 2 lookups; Rule-based classification: matched pattern 'V A/|VA/|/V A|VINYL ACETATE/|POLY.VINYL '
,MMA/CYCLOL 58/42,MMA/CYCLOL 58/42,,,18.7,9.9,8.7,8.8,Acrylic,,CAS not found after 2 lookups; Rule-based classification: matched pattern 'MMA/|/MMA|METHYL METHACRYLATE|PLEXIGUM|P'
,MMA/EA 50/50,MMA/EA 50/50,,,17.5,9.9,4.1,9.5,Acrylic,,CAS not found after 2 lookups; Rule-based classification: matched pattern 'MMA/|/MMA|METHYL METHACRYLATE|PLEXIGUM|P'
,MMA/EA 25/75,MMA/EA 25/75,,,19.0,9.0,15.0,12.0,Acrylic,,CAS not found after 2 lookups; Rule-based classification: matched pattern 'MMA/|/MMA|METHYL METHACRYLATE|PLEXIGUM|P'
,MMA/EA/AGE 40/40/20,MMA/EA/AGE 40/40/20,,,17.6,9.8,5.6,9.7,Acrylic,,CAS not found after 2 lookups; Rule-based classification: matched pattern 'MMA/|/MMA|METHYL METHACRYLATE|PLEXIGUM|P'
,MMA/EA/AA,MMA/EA/AA,,,15.9,15.9,11.5,11.1,Acrylic,,CAS not found after 2 lookups; Rule-based classification: matched pattern 'MMA/|/MMA|METHYL METHACRYLATE|PLEXIGUM|P'
,MMA/EA/AN 55/30/15,MMA/EA/AN 55/30/15,,,16.7,10.9,8.5,8.5,Acrylic,,source_uncertainty; CAS not found after 2 lookups; Rule-based classification: matched pattern 'MMA/|/MMA|METHYL METHACRYLATE|PLEXIGUM|P'
,MMA/EA/AN 40/40/20,MMA/EA/AN 40/40/20,,,20.4,13.2,11.0,12.3,Acrylic,,CAS not found after 2 lookups; Rule-based classification: matched pattern 'MMA/|/MMA|METHYL METHACRYLATE|PLEXIGUM|P'
,MMA/EA/BAMA 40/40/20,MMA/EA/BAMA 40/40/20,,,17.9,8.5,11.7,12.9,Acrylic,,CAS not found after 2 lookups; Rule-based classification: matched pattern 'MMA/|/MMA|METHYL METHACRYLATE|PLEXIGUM|P'
,MMA/EA/CYCLOL,MMA/EA/CYCLOL,,,17.6,9.8,6.4,9.8,Acrylic,,CAS not found after 2 lookups; Rule-based classification: matched pattern 'MMA/|/MMA|METHYL METHACRYLATE|PLEXIGUM|P'
,MMA/EA/MAM 40/40/20,MMA/EA/MAM 40/40/20,,,19.0,9.0,15.0,12.0,Acrylic,,CAS not found after 2 lookups; Rule-based classification: matched pattern 'MMA/|/MMA|METHYL METHACRYLATE|PLEXIGUM|P'
,MMA/EA/MAM 45/45/10,MMA/EA/MAM 45/45/10,,,19.5,11.1,8.7,11.2,Acrylic,,source_uncertainty; CAS not found after 2 lookups; Rule-based classification: matched pattern 'MMA/|/MMA|METHYL METHACRYLATE|PLEXIGUM|P'
,MMA/EA/BVBE 40/40/20,MMA/EA/BVBE 40/40/20,,,17.8,10.0,6.6,9.8,Acrylic,,CAS not found after 2 lookups; Rule-based classification: matched pattern 'MMA/|/MMA|METHYL METHACRYLATE|PLEXIGUM|P'
,ACID DEGMP,ACID DEGMP,,,15.3,13.3,14.9,15.6,Polyester & Alkyd,,CAS not found after 2 lookups; Rule-based classification: matched pattern 'ACID DEG'
,CARB DEG PTH,CARB DEG PTH,,,19.4,13.4,11.6,11.1,Polyester & Alkyd,,CAS not found after 2 lookups; Rule-based classification: matched pattern '\bDEG\b|\bDPG\b|\bTEG\b|\bHYD BIS\b|ISOP'
,CRYPLEX 1473-5,CRYPLEX 1473-5,,,19.2,9.4,5.6,8.9,Acrylic,,CAS not found after 2 lookups; Rule-based classification: matched pattern '\bSINCLAIR\b|\bCRYPLEX\b|\bVYSET\b'
,DEG ISOPH,DEG ISOPH,,,19.2,17.2,14.6,11.8,Polyester & Alkyd,,CAS not found after 2 lookups; Rule-based classification: matched pattern '\bDEG\b|\bDPG\b|\bTEG\b|\bHYD BIS\b|ISOP'
,DEG PHTH,DEG PHTH,,,21.0,15.2,13.2,13.7,Polyester & Alkyd,,CAS not found after 2 lookups; Rule-based classification: matched pattern '\bDEG\b|\bDPG\b|\bTEG\b|\bHYD BIS\b|ISOP'
,DPG PHTH,DPG PHTH,,,20.1,11.5,6.7,11.607248,Polyester & Alkyd,,CAS not found after 2 lookups; Rule-based classification: matched pattern '\bDEG\b|\bDPG\b|\bTEG\b|\bHYD BIS\b|ISOP'
,DOW ADIP TEREP,DOW ADIP TEREP,,,17.8,10.4,6.8,9.3,Polyester & Alkyd,,CAS not found after 2 lookups; Rule-based classification: matched pattern '\bDEG\b|\bDPG\b|\bTEG\b|\bHYD BIS\b|ISOP'
,DOW X-2635 MALEATE,DOW X-2635 MALEATE,,,17.8,5.6,6.8,4.5,Polyester & Alkyd,,CAS not found after 2 lookups; Rule-based classification: matched pattern '\bDEG\b|\bDPG\b|\bTEG\b|\bHYD BIS\b|ISOP'
,VITEL PE LINEAR,VITEL PE LINEAR; polyethylene; PE,,,14.9,10.1,2.9,6.1,Polyester & Alkyd,,CAS not found after 2 lookups; Rule-based classification: matched pattern '\bPBT\b|\bPET\b|\bPETP\b|\bPEI\b|ESTANE|'
,VITEL PE101-X,VITEL PE101-X; polyethylene; PE,,,21.3,6.3,4.7,7.3,Polyester & Alkyd,,CAS not found after 2 lookups; Rule-based classification: matched pattern '\bPBT\b|\bPET\b|\bPETP\b|\bPEI\b|ESTANE|'
,HYD BIS A FUM ISPH,HYD BIS A FUM ISPH,,,17.0,4.4,6.2,5.0,Polyester & Alkyd,,CAS not found after 2 lookups; Rule-based classification: matched pattern '\bDEG\b|\bDPG\b|\bTEG\b|\bHYD BIS\b|ISOP'
,HYD BIS A PG FUM ISPH,HYD BIS A PG FUM ISPH,,,18.7,8.9,5.5,8.4,Polyester & Alkyd,,CAS not found after 2 lookups; Rule-based classification: matched pattern '\bDEG\b|\bDPG\b|\bTEG\b|\bHYD BIS\b|ISOP'
,PENTA BENZ MAL,PENTA BENZ MAL; polyethylene; PE,,,19.4,12.2,10.2,10.8,Polyester & Alkyd,,CAS not found after 2 lookups; Rule-based classification: matched pattern 'PENTA.*BENZ.*MAL|HEXADECYL.*TRIM'
,SOL MYLAR 49001,SOL MYLAR 49001,,,19.0,5.0,4.0,5.0,Polyester & Alkyd,Saturated Polyester,CAS not found after 2 lookups; Rule-based classification: matched pattern '\bPET\b|\bPBT\b|\bPETG\b|POLY.ETHYLENE T'
,SOL MYLAR 49002,SOL MYLAR 49002,,,19.0,5.0,5.0,5.0,Polyester & Alkyd,Saturated Polyester,CAS not found after 2 lookups; Rule-based classification: matched pattern '\bPET\b|\bPBT\b|\bPETG\b|POLY.ETHYLENE T'
,TEG EG MAL TEREP,TEG EG MAL TEREP,,,18.8,11.4,9.2,10.2,Polyester & Alkyd,,CAS not found after 2 lookups; Rule-based classification: matched pattern '\bDEG\b|\bDPG\b|\bTEG\b|\bHYD BIS\b|ISOP'
,TEG MALEATE,TEG MALEATE,,,18.1,13.9,12.1,9.7,Polyester & Alkyd,,CAS not found after 2 lookups; Rule-based classification: matched pattern '\bDEG\b|\bDPG\b|\bTEG\b|\bHYD BIS\b|ISOP'
,V AREZ 123,V AREZ 123,,,17.3,10.9,11.9,10.7,Vinyl Polymer,,CAS not found after 2 lookups; Rule-based classification: matched pattern '\bV AREZ\b|\bVAREZ\b'
,AMOCO 18-290,AMOCO 18-290,,,19.3,3.7,7.9,7.8,Polyolefin,,CAS not found after 2 lookups; Rule-based classification: matched pattern 'AMOCO|TOPAS'
,BUTON 100 BUTAD-STY,BUTON 100 BUTAD-STY,,,17.0,4.0,3.0,7.3,Styrenic,SBS,CAS not found after 2 lookups; Rule-based classification: matched pattern '\bBUTON\b'
,BUTON 300,BUTON 300,,,17.3,3.7,7.3,7.0,Styrenic,SBS,CAS not found after 2 lookups; Rule-based classification: matched pattern '\bBUTON\b'
,KOPPERS KTPL-A,KOPPERS KTPL-A; polypropylene; PP,,,19.3,3.7,7.9,7.8,Phenolic Resin,,CAS not found after 2 lookups; Rule-based classification: matched pattern 'KOPPERS'
,RUBBER MOD PS,RUBBER MOD PS; polystyrene; PS,,,20.0,5.0,1.0,7.0,Elastomer,,CAS not found after 2 lookups; Rule-based classification: matched pattern '\bRUBBER\b|ELASTOMER|\bNBR\b|\bSBR\b|NEO'
,STY MAL ANH,STY MAL ANH,,,23.4,13.8,15.2,16.5,Styrenic,,CAS not found after 2 lookups; Rule-based classification: matched pattern 'STY/|/STY\b|STY MAL|STYRENE MALEIC|STYRE'
,LYTRON 820,LYTRON 820,,,21.1,13.1,14.5,14.4,Natural & Petroleum Resin,,CAS not found after 2 lookups; Rule-based classification: matched pattern 'HYDROCARBON M|CONOCO H-|GILSONITE|COAL T'
,MARBON 9200,MARBON 9200,,61789-96-6,19.0,4.0,4.0,6.0,Styrenic,,CAS found via PubChem: 61789-96-6; Rule-based classification: matched pattern '\bMARBON\b'
,PARAPOL S-50,PARAPOL S-50,,,17.9,3.9,4.9,3.9,Natural & Petroleum Resin,,CAS not found after 2 lookups; Rule-based classification: matched pattern 'HYDROCARBON M|CONOCO H-|GILSONITE|COAL T'
,PARAPOL S-60,PARAPOL S-60,,,17.9,3.9,4.9,3.9,Natural & Petroleum Resin,,CAS not found after 2 lookups; Rule-based classification: matched pattern 'HYDROCARBON M|CONOCO H-|GILSONITE|COAL T'
,PICCOFLEX 120,PICCOFLEX 120,,,17.4,7.8,3.8,7.7,Natural & Petroleum Resin,,CAS not found after 2 lookups; Rule-based classification: matched pattern 'ROSIN|TERPENE|PETROLEUM RESIN|COUMARONE|'
,SHELL POLYALDEHYDE EX 39,SHELL POLYALDEHYDE EX 39,,,19.6,10.0,3.6,9.4,Polyacetal / PEI / PC,Polyacetal,CAS not found after 2 lookups; Rule-based classification: matched pattern 'POLYOXYMETHYLENE|POLYALDEHYDE|SHELL POLY'
,SHELL POLYALDEHYDE EX 40,SHELL POLYALDEHYDE EX 40,,,19.6,10.0,3.6,9.4,Polyacetal / PEI / PC,Polyacetal,CAS not found after 2 lookups; Rule-based classification: matched pattern 'POLYOXYMETHYLENE|POLYALDEHYDE|SHELL POLY'
,SHELL X-450,SHELL X-450,,,19.3,9.5,11.1,11.1,Polyacetal / PEI / PC,Polyaldehyde,CAS not found after 2 lookups; Rule-based classification: matched pattern 'SHELL X-\d|SHELL POLYALD'
,SMA 1430A,SMA 1430A,,,18.8,11.4,16.4,14.1,Styrenic,,CAS not found after 2 lookups; Rule-based classification: matched pattern 'STY/|/STY\b|STY MAL|STYRENE MALEIC|STYRE'
,SAN 85/15,SAN 85/15; SAN; styrene-acrylonitrile,,,19.1,9.5,3.1,8.7,Styrenic,,CAS not found after 2 lookups; Rule-based classification: matched pattern 'STYRENE|POLYSTYRENE|\bABS\b|\bSAN\b|\bSB'
,STY/BUTENOL 85/15,STY/BUTENOL 85/15,,,17.4,7.8,3.8,7.7,Styrenic,,CAS not found after 2 lookups; Rule-based classification: matched pattern 'STY/|/STY\b|STY MAL|STYRENE MALEIC|STYRE'
,STY/CYCLOL 82/18,STY/CYCLOL 82/18,,,18.2,5.6,7.2,5.7,Styrenic,,CAS not found after 2 lookups; Rule-based classification: matched pattern 'STY/|/STY\b|STY MAL|STYRENE MALEIC|STYRE'
,STY/2EHA/AA 81/11/8,STY/2EHA/AA 81/11/8,,,17.7,4.9,5.9,5.9,Styrenic,,CAS not found after 2 lookups; Rule-based classification: matched pattern 'STY/|/STY\b|STY MAL|STYRENE MALEIC|STYRE'
,STY/MAA 90/10,STY/MAA 90/10,,,18.7,6.3,7.3,6.7,Styrenic,,CAS not found after 2 lookups; Rule-based classification: matched pattern 'STY/|/STY\b|STY MAL|STYRENE MALEIC|STYRE'
,STY/MA 85/15,STY/MA 85/15,,,18.0,9.0,3.0,9.0,Styrenic,,CAS not found after 2 lookups; Rule-based classification: matched pattern 'STY/|/STY\b|STY MAL|STYRENE MALEIC|STYRE'
,STY/HALF ESTER MA 60/40,STY/HALF ESTER MA 60/40,,,18.9,10.9,10.7,9.7,Styrenic,,CAS not found after 2 lookups; Rule-based classification: matched pattern 'STY/|/STY\b|STY MAL|STYRENE MALEIC|STYRE'
,STY/PROP HALF E MA 57/43,STY/PROP HALF E MA 57/43,,,18.0,9.8,8.4,10.1,Styrenic,,CAS not found after 2 lookups; Rule-based classification: matched pattern 'STY/|/STY\b|STY MAL|STYRENE MALEIC|STYRE'
,STY/VBE 85/15,STY/VBE 85/15,,,17.4,7.8,3.8,7.7,Styrenic,,CAS not found after 2 lookups; Rule-based classification: matched pattern 'STY/|/STY\b|STY MAL|STYRENE MALEIC|STYRE'
,Styron 44OM-27 MOD PS,Styron 44OM-27 MOD PS; polystyrene; PS,,,20.0,5.0,1.0,7.0,Styrenic,,CAS not found after 2 lookups; Class from Step 0 brand prefix mapping
,Styron 475M-27,Styron 475M-27,,,20.0,5.0,1.0,7.0,Styrenic,,CAS not found after 2 lookups; Class from Step 0 brand prefix mapping
,Styron 480-27,Styron 480-27,,,20.0,6.0,4.0,5.3,Styrenic,,CAS not found after 2 lookups; Class from Step 0 brand prefix mapping
,Acryloid K120N,Acryloid K120N,,,17.6,10.0,3.8,9.5,Acrylic,,CAS not found after 2 lookups; Class from Step 0 brand prefix mapping
,DODA 6225,DODA 6225,,,19.0,2.0,1.0,3.0,Polyester & Alkyd,,CAS not found after 2 lookups; Rule-based classification: matched pattern '\bDODA\b'
,DODA 3457,DODA 3457,,,19.0,2.0,1.0,3.0,Polyester & Alkyd,,CAS not found after 2 lookups; Rule-based classification: matched pattern '\bDODA\b'
,ELV AX 250,ELV AX 250,,,19.0,2.0,1.0,3.0,Vinyl Polymer,EVA,CAS not found after 2 lookups; Rule-based classification: matched pattern '\bEVA\b|\bEVA \d|\bELVAX\b|ELV AX'
,ELV AX 150,ELV AX 150,,,18.7,2.3,0.7,6.0,Vinyl Polymer,EVA,CAS not found after 2 lookups; Rule-based classification: matched pattern '\bEVA\b|\bEVA \d|\bELVAX\b|ELV AX'
,ELV AX EOD 3602-1,ELV AX EOD 3602-1,,,17.7,3.3,2.7,5.407248,Vinyl Polymer,EVA,CAS not found after 2 lookups; Rule-based classification: matched pattern '\bEVA\b|\bEVA \d|\bELVAX\b|ELV AX'
,EXON 470 PVC,EXON 470 PVC; PVC; vinyl; vinyl plastic,,,17.4,7.8,3.8,7.7,Vinyl Polymer,,CAS not found after 2 lookups; Rule-based classification: matched pattern 'POLYVINYL|VINYL ACETATE|VINYL ALCOHOL|VI'
,EXON 471,EXON 471,,,17.9,8.7,2.5,9.0,Vinyl Polymer,PVC,CAS not found after 2 lookups; Rule-based classification: matched pattern '\bGEON\b|\bEXON\b'
,EXON 473,EXON 473,,,17.4,7.8,3.8,7.7,Vinyl Polymer,PVC,CAS not found after 2 lookups; Rule-based classification: matched pattern '\bGEON\b|\bEXON\b'
,GEON 121,GEON 121,,,19.5,6.7,11.1,8.0,Vinyl Polymer,PVC,CAS not found after 2 lookups; Rule-based classification: matched pattern '\bGEON\b|\bEXON\b'
POLYCYCLOLa,POLYCYCLOLa,POLYCYCLOLa,,,19.0,9.0,15.0,12.0,Acrylic,,CAS not found after 2 lookups; Rule-based classification: matched pattern 'CYCLOL|POLYCYCLOL'
,PVBE,PVBE,,,16.7,3.7,8.3,8.6,Vinyl Polymer,PVE,CAS not found after 2 lookups; Rule-based classification: matched pattern 'VBE/|PVBE\b|PVEE\b|PVIBE\b|PVETHYL|PVINY'
,PVEE,PVEE,,,16.0,4.0,12.0,14.0,Vinyl Polymer,PVE,CAS not found after 2 lookups; Rule-based classification: matched pattern 'VBE/|PVBE\b|PVEE\b|PVIBE\b|PVETHYL|PVINY'
,FORMV AR 7/70E PVFORMAL,FORMV AR 7/70E PVFORMAL,,,22.2,12.6,14.2,14.0,Vinyl Polymer,PVFormal,CAS not found after 2 lookups; Rule-based classification: matched pattern 'FORMV AR|PVFORMAL|POLYVINYL FORMAL|FORMV'
,FORMV AR 15/95E,FORMV AR 15/95E,,,22.2,12.6,14.2,14.0,Vinyl Polymer,PVFormal,CAS not found after 2 lookups; Rule-based classification: matched pattern 'FORMV AR|PVFORMAL|POLYVINYL FORMAL|FORMV'
,PVIBE,PVIBE,,,16.0,1.0,8.0,10.0,Vinyl Polymer,PVE,CAS not found after 2 lookups; Rule-based classification: matched pattern 'VBE/|PVBE\b|PVEE\b|PVIBE\b|PVETHYL|PVINY'
,SARAN F-120 VCL2/AN,SARAN F-120 VCL2/AN,,,28.8,16.8,0.8,23.7,Vinyl Polymer,PVDC,source_uncertainty; hsp_flag_dd_high; CAS not found after 2 lookups; Rule-based classification: matched pattern 'VDC/|PVDC|VINYLIDENE CHLORIDE|SARAN'
,SARAN F-220,SARAN F-220,,,28.8,16.8,0.8,23.7,Vinyl Polymer,PVDC,source_uncertainty; hsp_flag_dd_high; CAS not found after 2 lookups; Rule-based classification: matched pattern 'VDC/|PVDC|VINYLIDENE CHLORIDE|SARAN'
,SINCLAIR 3840A,SINCLAIR 3840A,,,18.4,4.0,9.6,7.3,Acrylic,,CAS not found after 2 lookups; Rule-based classification: matched pattern '\bSINCLAIR\b|\bCRYPLEX\b|\bVYSET\b'
,V A/EHA/MA 63/33/4,V A/EHA/MA 63/33/4,,,17.7,6.3,7.7,5.3,Vinyl Polymer,PVAc,CAS not found after 2 lookups; Rule-based classification: matched pattern 'V A/|VA/|/V A|VINYL ACETATE/|POLY.VINYL '
,V A/EHA/CYC/MAA/76/12/8/4,V A/EHA/CYC/MAA/76/12/8/4,,,21.2,12.4,13.0,12.6,Vinyl Polymer,PVAc,CAS not found after 2 lookups; Rule-based classification: matched pattern 'V A/|VA/|/V A|VINYL ACETATE/|POLY.VINYL '
,V A/EA/CY 70/20/10,V A/EA/CY 70/20/10,,,20.0,12.0,11.0,15.0,Vinyl Polymer,PVAc,CAS not found after 2 lookups; Rule-based classification: matched pattern 'V A/|VA/|/V A|VINYL ACETATE/|POLY.VINYL '
,VBE/AN/MAA 46/27/27,VBE/AN/MAA 46/27/27,,,18.9,11.7,11.1,9.6,Vinyl Polymer,PVE,CAS not found after 2 lookups; Rule-based classification: matched pattern 'VBE/|PVBE\b|PVEE\b|PVIBE\b|PVETHYL|PVINY'
,VBE/MA/MAC46/27/27,VBE/MA/MAC46/27/27,,,19.4,13.0,13.8,12.3,Vinyl Polymer,PVE,CAS not found after 2 lookups; Rule-based classification: matched pattern 'VBE/|PVBE\b|PVEE\b|PVIBE\b|PVETHYL|PVINY'
,VDC/AA 75/25,VDC/AA 75/25,,,20.4,11.0,0.8,11.7,Vinyl Polymer,PVDC,source_uncertainty; CAS not found after 2 lookups; Rule-based classification: matched pattern 'VDC/|PVDC|VINYLIDENE CHLORIDE|SARAN'
,VINYLITE AYAA PV AC,VINYLITE AYAA PV AC,,,22.9,18.3,7.7,20.4,Vinyl Polymer,,CAS not found after 2 lookups; Rule-based classification: matched pattern 'POLYVINYL|VINYL ACETATE|VINYL ALCOHOL|VI'
,VINYLITE VAGH,VINYLITE VAGH,,,17.0,7.8,6.8,7.1,Vinyl Polymer,,near_duplicate; CAS not found after 2 lookups; Rule-based classification: matched pattern 'POLYVINYL|VINYL ACETATE|VINYL ALCOHOL|VI'
,VINYLITE VMCH,VINYLITE VMCH,,,18.3,9.7,7.7,8.5,Vinyl Polymer,,near_duplicate; CAS not found after 2 lookups; Rule-based classification: matched pattern 'POLYVINYL|VINYL ACETATE|VINYL ALCOHOL|VI'
,VINYLITE VXCC,VINYLITE VXCC,,,18.0,9.4,4.6,8.4,Vinyl Polymer,,CAS not found after 2 lookups; Rule-based classification: matched pattern 'POLYVINYL|VINYL ACETATE|VINYL ALCOHOL|VI'
,VINYLITE VYHH,VINYLITE VYHH,,,19.0,11.0,5.0,10.0,Vinyl Polymer,,near_duplicate; CAS not found after 2 lookups; Rule-based classification: matched pattern 'POLYVINYL|VINYL ACETATE|VINYL ALCOHOL|VI'
,VINYLITE VYLF,VINYLITE VYLF,,,18.0,9.4,4.6,8.4,Vinyl Polymer,,near_duplicate; CAS not found after 2 lookups; Rule-based classification: matched pattern 'POLYVINYL|VINYL ACETATE|VINYL ALCOHOL|VI'
,VINYLITE XYHL PVBUTYRAL,VINYLITE XYHL PVBUTYRAL,,,19.0,9.0,15.0,12.0,Vinyl Polymer,,CAS not found after 2 lookups; Rule-based classification: matched pattern 'POLYVINYL|VINYL ACETATE|VINYL ALCOHOL|VI'
,VINYLITE XYSG PVBUTYRAL,VINYLITE XYSG PVBUTYRAL,,,19.0,9.0,15.0,12.0,Vinyl Polymer,,CAS not found after 2 lookups; Rule-based classification: matched pattern 'POLYVINYL|VINYL ACETATE|VINYL ALCOHOL|VI'
,VYSET 69,VYSET 69,,,17.9,3.5,7.5,5.9,Acrylic,,CAS not found after 2 lookups; Rule-based classification: matched pattern '\bSINCLAIR\b|\bCRYPLEX\b|\bVYSET\b'
,ACRYLAMIDE MONOMER,ACRYLAMIDE MONOMER,,79-06-1,16.9,18.1,19.9,17.0,Biological & Other,Monomer,CAS found via PubChem: 79-06-1; Rule-based classification: matched pattern 'MONOMER\b'
,BAKELITE SULFONE P-47,BAKELITE SULFONE P-47,,,20.0,3.0,6.0,3.0,Phenolic Resin,,CAS not found after 2 lookups; Rule-based classification: matched pattern 'PHENOL.FORMALDEHYDE|PHENOLIC|NOVOLAC|RES'
,BECKOLIN 27 MODIF OIL,BECKOLIN 27 MODIF OIL,,,11.4,0.0,3.0,18.1,Polyester & Alkyd,,CAS not found after 2 lookups; Rule-based classification: matched pattern '\bDEG\b|\bDPG\b|\bTEG\b|\bHYD BIS\b|ISOP'
,PEO 4000  SAMPLES HEA TED,PEO 4000  SAMPLES HEA TED; polyethylene; PE,,,22.2,11.2,13.2,17.1,Polyolefin,,source_uncertainty; CAS not found after 2 lookups; Rule-based classification: matched pattern '\bPE\b(?!\s*\d)|POLYETHYLENEOXIDE|PEO\b|'
,CHLORINATED RUBBER,CHLORINATED RUBBER,,,18.0,6.0,5.0,7.0,Elastomer,,near_duplicate; CAS not found after 2 lookups; Rule-based classification: matched pattern '\bRUBBER\b|ELASTOMER|\bNBR\b|\bSBR\b|NEO'
,CONOCO H-35 HYDROCARBON M,CONOCO H-35 HYDROCARBON M,,,11.4,0.0,3.0,18.1,Natural & Petroleum Resin,,CAS not found after 2 lookups; Rule-based classification: matched pattern 'HYDROCARBON M|CONOCO H-|GILSONITE|COAL T'
,DAMMAR GUM DEWAXED,DAMMAR GUM DEWAXED,,,19.0,2.0,9.0,9.0,Natural & Petroleum Resin,,CAS not found after 2 lookups; Rule-based classification: matched pattern 'ROSIN|TERPENE|PETROLEUM RESIN|COUMARONE|'
,EPOCRYL E-11,EPOCRYL E-11,,,17.3,12.9,12.1,8.5,Acrylic,Epoxy Acrylate,source_uncertainty; CAS not found after 2 lookups; Rule-based classification: matched pattern '\bEPOCRYL\b'
,ESTANE X-7  DIO XANE ONLY,ESTANE X-7  DIO XANE ONLY,,,19.0,1.8,7.4,1.0,Polyester & Alkyd,,source_uncertainty; CAS not found after 2 lookups; Rule-based classification: matched pattern '\bPBT\b|\bPET\b|\bPETP\b|\bPEI\b|ESTANE|'
,HEXADECYL MONOESTER TRIME,HEXADECYL MONOESTER TRIME,,,19.0,11.6,14.0,11.9,Polyester & Alkyd,,CAS not found after 2 lookups; Rule-based classification: matched pattern 'PENTA.*BENZ.*MAL|HEXADECYL.*TRIM'
,HYDR SPERM OIL WX135,HYDR SPERM OIL WX135; polyethylene; PE,,,20.0,4.0,2.0,5.0,Natural & Petroleum Resin,Drying Oil,CAS not found after 2 lookups; Rule-based classification: matched pattern 'SPERM OIL|DRYING OIL|LINSEED|TUNG OIL|SO'
,HYPALON 20 CHL SULF PE,HYPALON 20 CHL SULF PE; polyethylene; PE,,,17.8,3.2,4.4,4.1,Elastomer,,CAS not found after 2 lookups; Rule-based classification: matched pattern '\bRUBBER\b|ELASTOMER|\bNBR\b|\bSBR\b|NEO'
,HYPALON 30,HYPALON 30,,,17.8,3.4,3.2,5.1,Elastomer,,near_duplicate; CAS not found after 2 lookups; Rule-based classification: matched pattern '\bRUBBER\b|ELASTOMER|\bNBR\b|\bSBR\b|NEO'
,KETONE RESIN S588,KETONE RESIN S588,,,18.0,10.8,13.2,12.2,Natural & Petroleum Resin,Ketone Resin,CAS not found after 2 lookups; Rule-based classification: matched pattern 'KETONE RESIN'
,SANTOLITE MHP ARYLSULFONA,SANTOLITE MHP ARYLSULFONA; SAN; styrene-acrylonitrile,,,18.4,12.0,8.4,10.6,Amino Resin,,CAS not found after 2 lookups; Rule-based classification: matched pattern 'FORMALDEH|SULFONAMIDE.*FORMALD|pTOLSULFO'
,pTOLSULFONAMIDE-FORMALDEH,pTOLSULFONAMIDE-FORMALDEH,,,24.6,18.6,16.4,20.907248,Amino Resin,,CAS not found after 2 lookups; Rule-based classification: matched pattern 'FORMALDEH|SULFONAMIDE.*FORMALD|pTOLSULFO'
,VYHH-NIF REPT,VYHH-NIF REPT,,,17.4,9.9,6.7,7.5,Vinyl Polymer,PVC Copolymer,CAS not found after 2 lookups; Rule-based classification: matched pattern '\bVYHH\b'
,PVF,PVF; DMF ONLY GOOD SOLVENT,,,17.4,13.7,11.3,2.0,Fluoropolymer,,source_uncertainty; CAS not found after 2 lookups; Rule-based classification: matched pattern '\bPVF\b|POLY.VINYL FLUORIDE'
,PES SOL,PES SOL; polyethylene; PE,,,19.6,10.8,9.2,6.2,Polysulfone / PES / PPS,,CAS not found after 2 lookups; Rule-based classification: matched pattern '\bPSU\b|\bPES\b\s*(SOL|L\s)'
,LARD 37C,LARD 37C,,,15.9,1.16,5.41,12.03,Biological & Other,,CAS lookup skipped: out of scope; Out-of-scope entry
,LARD 23C,LARD 23C,,,17.69,2.66,4.36,7.98,Biological & Other,,CAS lookup skipped: out of scope; Out-of-scope entry
,1%IN WATER -AMINES,1%IN WATER -AMINES,,,15.07,20.44,16.5,18.12,Biological & Other,Aqueous,CAS not found after 2 lookups; Rule-based classification: matched pattern 'IN WATER|WATER\s*\+'
,1%IN WATER +AMINES,1%IN WATER +AMINES,,,14.96,18.33,15.15,16.22,Biological & Other,Aqueous,CAS not found after 2 lookups; Rule-based classification: matched pattern 'IN WATER|WATER\s*\+'
,BLOOD SERUM,BLOOD SERUM,,,23.2,22.73,30.6,20.48,Biological & Other,,CAS lookup skipped: out of scope; Out-of-scope entry
,SUCROSE,SUCROSE,,,21.67,26.26,29.62,20.44,Biological & Other,,CAS lookup skipped: out of scope; Out-of-scope entry
,UREA,UREA,,,20.9,18.7,26.4,19.42,Biological & Other,,CAS lookup skipped: out of scope; Out-of-scope entry
,PSORIASIS SCALES,PSORIASIS SCALES; polystyrene; PS,,,24.64,11.94,12.92,19.04,Biological & Other,,CAS lookup skipped: out of scope; Out-of-scope entry
,LIGNIN,LIGNIN,,9005-53-2,20.61,13.88,15.25,11.83,Natural & Petroleum Resin,,near_duplicate; CAS found via PubChem: 9005-53-2; Rule-based classification: matched pattern 'ROSIN|TERPENE|PETROLEUM RESIN|COUMARONE|'
,CHOLESTEROL,CHOLESTEROL,,,20.4,2.8,9.4,12.6,Biological & Other,,CAS lookup skipped: out of scope; Out-of-scope entry
,CHLOROPHYLL,CHLOROPHYLL,,,20.2,15.6,18.2,11.1,Biological & Other,,CAS lookup skipped: out of scope; Out-of-scope entry
,CELLULOSE-PAPER STRENGTH,CELLULOSE-PAPER STRENGTH; polyethylene; PE,,,25.4,18.6,24.8,21.7,Cellulosic Polymer,,CAS not found after 2 lookups; Rule-based classification: matched pattern 'CELLUL|CELLIT\b|ETHOCEL|CELLIDORA|NITROC'
,PSU ULTRASON S,PSU ULTRASON S; polystyrene; PS,,,19.7,8.3,8.3,8.0,Polysulfone / PES / PPS,,CAS not found after 2 lookups; Rule-based classification: matched pattern '^R\s+.*POLYSULFONE|^R\s+.*PSU|\bR POLYSU'
,BAREX 210 CR,BAREX 210 CR,,,20.1,9.1,12.7,10.9,Acrylic,,CAS not found after 2 lookups; Rule-based classification: matched pattern '\bBAREX\b'
,BAREX 210 CR-STYRENE,BAREX 210 CR-STYRENE,,,17.7,8.9,10.9,6.4,Styrenic,,CAS not found after 2 lookups; Rule-based classification: matched pattern 'STYRENE|POLYSTYRENE|\bABS\b|\bSAN\b|\bSB'
,Paraloid B72,Paraloid B72,,,17.6,7.4,5.6,9.4,Acrylic,,CAS not found after 2 lookups; Class from Step 0 brand prefix mapping
,ESTIMATE DRIED OIL,ESTIMATE DRIED OIL,,,16.0,6.0,7.0,5.0,Natural & Petroleum Resin,Drying Oil,CAS not found after 2 lookups; Rule-based classification: matched pattern 'SPERM OIL|DRYING OIL|LINSEED|TUNG OIL|SO'
,DAMMAR DEWAXED,DAMMAR DEWAXED,,,19.0,2.0,9.0,9.0,Natural & Petroleum Resin,,CAS not found after 2 lookups; Rule-based classification: matched pattern 'ROSIN|TERPENE|PETROLEUM RESIN|COUMARONE|'
,LDPE PERM>80,LDPE PERM>80; LDPE; low-density polyethylene,,,16.5,4.5,0.5,6.0,Polyolefin,,CAS not found after 2 lookups; Rule-based classification: matched pattern 'POLYETHYLENE|\bHDPE\b|\bLDPE\b|\bLLDPE\b'
,LDPE PERM<,LDPE PERM<; LDPE; low-density polyethylene,,,0.8,15.3,5.3,2.5,Polyolefin,,hsp_flag_dd_low; CAS not found after 2 lookups; Rule-based classification: matched pattern 'POLYETHYLENE|\bHDPE\b|\bLDPE\b|\bLLDPE\b'
,TOLONATE HDT,TOLONATE HDT; RH-POULENC,,,19.0,11.0,3.0,12.0,Polyurethane,,CAS not found after 2 lookups; Rule-based classification: matched pattern '\bPUR\b|\bPU\b(?!\S)|TOLONATE|ISOCYANATE'
,TOLONATE HDB,TOLONATE HDB; RH-POULENC,,,19.0,11.0,2.0,11.3,Polyurethane,,CAS not found after 2 lookups; Rule-based classification: matched pattern '\bPUR\b|\bPU\b(?!\S)|TOLONATE|ISOCYANATE'
,R ACM,R ACM,,,16.8,11.8,11.6,17.0,Elastomer,,CAS not found after 2 lookups; Rule-based classification: matched pattern '^R\s+.*BUTYL|^R\s+.*\bCSM\b|^R\s+.*\bACM'
,R BUTYL,R BUTYL,,,18.0,0.0,3.0,9.0,Elastomer,,CAS not found after 2 lookups; Rule-based classification: matched pattern '^R\s+.*BUTYL|^R\s+.*\bCSM\b|^R\s+.*\bACM'
,R ECO,R ECO,,,21.3,8.1,6.1,12.0,Elastomer,ECO,CAS not found after 2 lookups; Rule-based classification: matched pattern '\bR ECO\b|\bECO\b.*RUBBER'
,R CSM,R CSM,,,28.0,14.0,3.4,28.3,Elastomer,,CAS not found after 2 lookups; Rule-based classification: matched pattern '^R\s+.*BUTYL|^R\s+.*\bCSM\b|^R\s+.*\bACM'
,R EBONITE,R EBONITE; DATA FIT 0.722,,,18.7,6.1,2.7,6.6,Elastomer,Ebonite,CAS not found after 2 lookups; Rule-based classification: matched pattern '\bR EBONITE\b'
,R ETHYLENE/PROPYLENE,R ETHYLENE/PROPYLENE,,,16.6,0.0,5.2,9.1,Elastomer,,CAS not found after 2 lookups; Rule-based classification: matched pattern '^R\s+.*ETHYLENE.*PROPYLENE|^R\s+.*\bEPDM'
,R FQ FL/SI,R FQ FL/SI,,,15.9,20.1,6.9,16.8,Fluoropolymer,,CAS not found after 2 lookups; Rule-based classification: matched pattern '^R\s+.*FLUOROCARBON|^R\s+.*FQ FL|^R\s+.*'
,R FKM,R FKM; VITON,,,11.6,23.0,5.0,21.6,Fluoropolymer,,CAS not found after 2 lookups; Rule-based classification: matched pattern 'FLUORO|PTFE|TEFLON|PVDF|POLYVINYLIDENE F'
,R NR NAT RUB,R NR NAT RUB,,,20.8,1.8,3.6,14.0,Elastomer,,CAS not found after 2 lookups; Rule-based classification: matched pattern '^R\s+.*RUBBER|^R\s+.*\bNR\b|^R\s+.*NAT R'
,R NBR,R NBR; nitrile rubber; NBR; nitrile-butadiene rubber,,,19.8,17.8,3.2,19.007248,Elastomer,,CAS not found after 2 lookups; Rule-based classification: matched pattern '\bRUBBER\b|ELASTOMER|\bNBR\b|\bSBR\b|NEO'
,R CR CHLOROPRENE,R CR CHLOROPRENE,,,24.6,8.6,6.4,20.4,Elastomer,,CAS not found after 2 lookups; Rule-based classification: matched pattern '\bRUBBER\b|ELASTOMER|\bNBR\b|\bSBR\b|NEO'
,R AU ESTER PU,R AU ESTER PU,,,17.9,13.3,10.7,17.1,Polyurethane,,CAS not found after 2 lookups; Rule-based classification: matched pattern '^R\s+.*POLYURETHANE|^R\s+.*\bPU\b|^R\s+.'
,R PEU ETHER PU,R PEU ETHER PU; polyethylene; PE,,,17.9,13.3,10.7,17.1,Polyurethane,,CAS not found after 2 lookups; Rule-based classification: matched pattern '^R\s+.*POLYURETHANE|^R\s+.*\bPU\b|^R\s+.'
,R T SULPHIDE,R T SULPHIDE,,,25.3,17.3,6.7,23.6,Polysulfone / PES / PPS,Polysulfide,CAS not found after 2 lookups; Rule-based classification: matched pattern '^R\s+.*POLYSULPHIDE|^R\s+.*\bT SULPHIDE\'
,R Q SILICONE (0.748 D ATA FIT),R Q SILICONE (0.748 D ATA FIT),,,13.8,5.0,1.2,14.3,Elastomer,Silicone,CAS not found after 2 lookups; Rule-based classification: matched pattern 'SILICONE|BAYSILON|SILICON RESIN|POLY.DIM'
,R SBR,R SBR,,,17.2,6.0,4.6,9.8,Elastomer,,CAS not found after 2 lookups; Rule-based classification: matched pattern '\bRUBBER\b|ELASTOMER|\bNBR\b|\bSBR\b|NEO'
,R TFP TETFLPROP (0.744 DATA FIT),R TFP TETFLPROP (0.744 DATA FIT),,,16.6,6.8,0.6,7.9,Fluoropolymer,,CAS not found after 2 lookups; Rule-based classification: matched pattern '^R\s+.*FLUOROCARBON|^R\s+.*FQ FL|^R\s+.*'
,R ABS,R ABS; ABS; acrylonitrile butadiene styrene,,,17.6,8.6,6.4,10.9,Styrenic,,CAS not found after 2 lookups; Rule-based classification: matched pattern 'STYRENE|POLYSTYRENE|\bABS\b|\bSAN\b|\bSB'
,R CELLULOSE ACETATE,R CELLULOSE ACETATE,,,14.9,7.1,11.1,12.4,Cellulosic Polymer,,CAS not found after 2 lookups; Rule-based classification: matched pattern 'CELLUL|CELLIT\b|ETHOCEL|CELLIDORA|NITROC'
,R CHLORINATED PVC,R CHLORINATED PVC; PVC; vinyl; vinyl plastic,,,17.5,6.5,5.5,6.3,Vinyl Polymer,,CAS not found after 2 lookups; Rule-based classification: matched pattern 'POLYVINYL|VINYL ACETATE|VINYL ALCOHOL|VI'
,R DIALLYLPHTHALATE,R DIALLYLPHTHALATE,,,22.2,12.2,8.6,15.8,Polyester & Alkyd,Allyl Resin,CAS not found after 2 lookups; Rule-based classification: matched pattern '^R\s+.*DIALLYL|^R\s+.*DIALLYLPHTHALATE|\'
,R POM ACETAL,R POM ACETAL; polyacetal; POM; acetal; Delrin,,,17.2,9.0,9.8,5.3,Polyacetal / PEI / PC,,CAS not found after 2 lookups; Rule-based classification: matched pattern 'POLYCARBONATE|\bPOM\b|POLYACETAL|POLYOXY'
,R PA12,R PA12,,,18.5,8.1,9.1,6.3,Polyamide,,CAS not found after 2 lookups; Rule-based classification: matched pattern '^R\s+.*POLYAMIDE|^R\s+.*\bPA\d|^R\s+.*NY'
,R PA66,R PA66,,,18.2,8.8,10.8,5.2,Polyamide,,CAS not found after 2 lookups; Rule-based classification: matched pattern 'POLYAMIDE|\bNYLON\b|VERSAMID|POLYPHTHALA'
,R POLYAMIDEIMIDE,R POLYAMIDEIMIDE,,,18.5,5.7,8.7,4.2,Polyamide,,CAS not found after 2 lookups; Rule-based classification: matched pattern 'POLYAMIDE|\bNYLON\b|VERSAMID|POLYPHTHALA'
,R POLYBUTYLENETEREPH,R POLYBUTYLENETEREPH,,,18.0,5.6,8.4,4.5,Elastomer,,CAS not found after 2 lookups; Rule-based classification: matched pattern '^R\s+.*BUTYL|^R\s+.*\bCSM\b|^R\s+.*\bACM'
,R POLYCARBONATE,R POLYCARBONATE,,,19.1,10.9,5.1,12.1,Polyacetal / PEI / PC,,CAS not found after 2 lookups; Rule-based classification: matched pattern 'POLYCARBONATE|\bPOM\b|POLYACETAL|POLYOXY'
,R HDPE/LDPE,R HDPE/LDPE; HDPE; high-density polyethylene,,,17.5,4.3,8.3,3.9,Polyolefin,,CAS not found after 2 lookups; Rule-based classification: matched pattern 'POLYETHYLENE|\bHDPE\b|\bLDPE\b|\bLLDPE\b'
,R PET,R PET; polyethylene; PE,,,19.1,6.3,9.1,4.8,Polyester & Alkyd,Saturated Polyester,CAS not found after 2 lookups; Rule-based classification: matched pattern '\bPET\b|\bPBT\b|\bPETG\b|POLY.ETHYLENE T'
,R POLYIMIDES,R POLYIMIDES,,,24.3,19.5,22.9,21.6,Polysulfone / PES / PPS,Polyimide,CAS not found after 2 lookups; Rule-based classification: matched pattern 'POLYIMIDE|\bPI\b|KAPTON'
,R PMMA,R PMMA; acrylic glass; acrylic; plexiglass; perspex,,,19.3,16.7,4.7,17.4,Acrylic,,CAS not found after 2 lookups; Rule-based classification: matched pattern 'ACRYLIC|ACRYLATE|METHACRYLATE|\bPMMA\b|P'
,R TPX,R TPX,,,18.8,1.4,6.4,7.9,Polyolefin,Poly(4-methylpentene),CAS not found after 2 lookups; Rule-based classification: matched pattern '\bR TPX\b|TPX\b'
,R POLYPHENYLENEOXIDE,R POLYPHENYLENEOXIDE,,,16.9,8.9,2.7,11.7,Polyacetal / PEI / PC,,CAS not found after 2 lookups; Rule-based classification: matched pattern '^R\s+.*POLYCARBONATE|^R\s+.*\bPC\b|^R\s+'
,R POLYSULPHONE,R POLYSULPHONE,,,19.8,11.2,6.2,11.3,Polysulfone / PES / PPS,,CAS not found after 2 lookups; Rule-based classification: matched pattern '^R\s+.*POLYSULFONE|^R\s+.*PSU|\bR POLYSU'
,R EPOXY COLD CURING,R EPOXY COLD CURING,,,16.8,10.8,8.8,8.2,Epoxy Resin,,CAS not found after 2 lookups; Rule-based classification: matched pattern 'EPOXY|\bEPIKOTE\b|\bEPON\b|\bARALDITE\b|'
,R EPOXY HOT CURING,R EPOXY HOT CURING,,,18.3,12.3,9.7,7.3,Epoxy Resin,,CAS not found after 2 lookups; Rule-based classification: matched pattern 'EPOXY|\bEPIKOTE\b|\bEPON\b|\bARALDITE\b|'
,R HET RESIN,R HET RESIN,,,17.5,11.3,8.3,8.6,Phenolic Resin,,CAS not found after 2 lookups; Rule-based classification: matched pattern '^R\s+.*FURAN|\bR HET RESIN\b'
,R ISOPHTHALIC,R ISOPHTHALIC,,,19.8,17.4,4.2,18.0,Polyester & Alkyd,,CAS not found after 2 lookups; Rule-based classification: matched pattern '^R\s+.*POLYESTER|^R\s+.*TEREPHTH|^R\s+.*'
,R TEREPHTALIC,R TEREPHTALIC,,,19.8,17.4,4.2,18.0,Polyester & Alkyd,,CAS not found after 2 lookups; Rule-based classification: matched pattern '^R\s+.*POLYESTER|^R\s+.*TEREPHTH|^R\s+.*'
,EPIKOTE 828 (60%),EPIKOTE 828 (60%),EP,,16.6,14.0,2.8,14.9,Epoxy Resin,,CAS not found after 2 lookups; Class from Step 0 brand prefix mapping
,EPIKOTE 828 (30%),EPIKOTE 828 (30%),EP,,16.3,16.4,1.9,16.7,Epoxy Resin,,CAS not found after 2 lookups; Class from Step 0 brand prefix mapping
,EPIKOTE 1001 (60%),EPIKOTE 1001 (60%),EP,,15.8,16.3,3.3,16.4,Epoxy Resin,,CAS not found after 2 lookups; Class from Step 0 brand prefix mapping
,EPIKOTE 1001 (40%),EPIKOTE 1001 (40%),EP,,16.3,13.1,6.3,10.9,Epoxy Resin,,CAS not found after 2 lookups; Class from Step 0 brand prefix mapping
,EPIKOTE 1001 (20%),EPIKOTE 1001 (20%),EP,,19.8,13.6,8.9,12.0,Epoxy Resin,,CAS not found after 2 lookups; Class from Step 0 brand prefix mapping
,EPIKOTE 1001 (10%),EPIKOTE 1001 (10%),EP,,18.1,11.4,9.0,9.1,Epoxy Resin,,CAS not found after 2 lookups; Class from Step 0 brand prefix mapping
,EPIKOTE 1004 (60%),EPIKOTE 1004 (60%),EP,,17.7,10.1,7.6,9.8,Epoxy Resin,,CAS not found after 2 lookups; Class from Step 0 brand prefix mapping
,EPIKOTE 1004 (30%),EPIKOTE 1004 (30%),EP,,18.5,9.3,8.0,9.6,Epoxy Resin,,CAS not found after 2 lookups; Class from Step 0 brand prefix mapping
,EPIKOTE 1007 (30%),EPIKOTE 1007 (30%),EP,,18.6,10.6,8.1,8.8,Epoxy Resin,,CAS not found after 2 lookups; Class from Step 0 brand prefix mapping
,EPIKOTE 1009 (60%),EPIKOTE 1009 (60%),EP,,17.0,9.6,8.5,7.6,Epoxy Resin,,CAS not found after 2 lookups; Class from Step 0 brand prefix mapping
,EPIKOTE 1009 (30%),EPIKOTE 1009 (30%),EP,,19.8,10.6,10.3,9.7,Epoxy Resin,,CAS not found after 2 lookups; Class from Step 0 brand prefix mapping
,EPIKOTE 1009 (10%),EPIKOTE 1009 (10%),EP,,19.0,9.1,10.7,8.0,Epoxy Resin,,CAS not found after 2 lookups; Class from Step 0 brand prefix mapping
,PIBMA (10%),PIBMA (10%),,,17.0,4.6,7.6,9.5,Acrylic,,CAS not found after 2 lookups; Rule-based classification: matched pattern 'MMA/|/MMA|METHYL METHACRYLATE|PLEXIGUM|P'
,PIBMA (30%),PIBMA (30%),,,17.1,5.9,0.7,7.307248,Acrylic,,CAS not found after 2 lookups; Rule-based classification: matched pattern 'MMA/|/MMA|METHYL METHACRYLATE|PLEXIGUM|P'
,PMMA (10%),PMMA (10%); acrylic glass; acrylic; plexiglass; perspex,,,17.8,10.4,2.9,9.6,Acrylic,,near_duplicate; CAS not found after 2 lookups; Rule-based classification: matched pattern 'ACRYLIC|ACRYLATE|METHACRYLATE|\bPMMA\b|P'
,PMMA (30%),PMMA (30%); acrylic glass; acrylic; plexiglass; perspex,,,17.2,7.2,3.5,4.8,Acrylic,,near_duplicate; CAS not found after 2 lookups; Rule-based classification: matched pattern 'ACRYLIC|ACRYLATE|METHACRYLATE|\bPMMA\b|P'
,PBMA (10%),PBMA (10%),,,20.6,3.5,7.2,12.8,Acrylic,,CAS not found after 2 lookups; Rule-based classification: matched pattern 'MMA/|/MMA|METHYL METHACRYLATE|PLEXIGUM|P'
,PBMA (30%),PBMA (30%),,,18.1,5.7,0.0,8.5,Acrylic,,CAS not found after 2 lookups; Rule-based classification: matched pattern 'MMA/|/MMA|METHYL METHACRYLATE|PLEXIGUM|P'
,PMMA (10%),PMMA (10%); acrylic glass; acrylic; plexiglass; perspex,,,17.6,10.1,5.8,9.4,Acrylic,,near_duplicate; CAS not found after 2 lookups; Rule-based classification: matched pattern 'ACRYLIC|ACRYLATE|METHACRYLATE|\bPMMA\b|P'
,PMMA (30%),PMMA (30%); acrylic glass; acrylic; plexiglass; perspex,,,17.5,5.5,3.8,4.5,Acrylic,,near_duplicate; CAS not found after 2 lookups; Rule-based classification: matched pattern 'ACRYLIC|ACRYLATE|METHACRYLATE|\bPMMA\b|P'
,PEMA (10%),PEMA (10%); polyethylene; PE,,,16.5,8.7,5.0,10.4,Acrylic,,CAS not found after 2 lookups; Rule-based classification: matched pattern 'MMA/|/MMA|METHYL METHACRYLATE|PLEXIGUM|P'
,PEMA (30%),PEMA (30%); polyethylene; PE,,,16.9,7.8,0.5,7.3,Acrylic,,CAS not found after 2 lookups; Rule-based classification: matched pattern 'MMA/|/MMA|METHYL METHACRYLATE|PLEXIGUM|P'
,CRODA AC500 THERMOSET (10%),CRODA AC500 THERMOSET (10%),,,17.8,6.4,4.7,10.7,Acrylic,Thermoset Acrylic,CAS not found after 2 lookups; Rule-based classification: matched pattern '\bCRODA\b'
,CRODA AC500 THERMOSET (30%),CRODA AC500 THERMOSET (30%),,,21.2,1.4,10.7,12.3,Acrylic,Thermoset Acrylic,CAS not found after 2 lookups; Rule-based classification: matched pattern '\bCRODA\b'
,CRODA AC550 THERMOSET (10%),CRODA AC550 THERMOSET (10%),,,16.3,10.6,7.4,12.9,Acrylic,Thermoset Acrylic,CAS not found after 2 lookups; Rule-based classification: matched pattern '\bCRODA\b'
,CRODA AC550 THERMOSET (30%),CRODA AC550 THERMOSET (30%),,,16.3,10.6,7.4,12.9,Acrylic,Thermoset Acrylic,CAS not found after 2 lookups; Rule-based classification: matched pattern '\bCRODA\b'
,LUMFLON LF200 (10%),LUMFLON LF200 (10%),,,18.5,5.4,6.9,9.9,Fluoropolymer,,CAS not found after 2 lookups; Rule-based classification: matched pattern '\bLUMFLON\b|\bLUMFLON LF'
,LUMFLON LF200 (30%),LUMFLON LF200 (30%),,,20.1,4.4,3.2,8.5,Fluoropolymer,,CAS not found after 2 lookups; Rule-based classification: matched pattern '\bLUMFLON\b|\bLUMFLON LF'
,LUMFLON LF916 (10%),LUMFLON LF916 (10%),,,17.5,6.8,10.5,12.5,Fluoropolymer,,CAS not found after 2 lookups; Rule-based classification: matched pattern '\bLUMFLON\b|\bLUMFLON LF'
,LUMFLON LF916 (30%),LUMFLON LF916 (30%),,,18.1,3.9,8.3,8.8,Fluoropolymer,,CAS not found after 2 lookups; Rule-based classification: matched pattern '\bLUMFLON\b|\bLUMFLON LF'
,PLASTOKYD S27 (30%),PLASTOKYD S27 (30%),,,20.1,5.7,5.3,20.0,Polyester & Alkyd,,CAS not found after 2 lookups; Rule-based classification: matched pattern '\bDEG\b|\bDPG\b|\bTEG\b|\bHYD BIS\b|ISOP'
,PLASTOKYD SC140 (30%),PLASTOKYD SC140 (30%),,,25.2,9.2,3.7,20.0,Polyester & Alkyd,,CAS not found after 2 lookups; Rule-based classification: matched pattern '\bDEG\b|\bDPG\b|\bTEG\b|\bHYD BIS\b|ISOP'
,PLASTOKYD SC400 (30%),PLASTOKYD SC400 (30%),,,23.7,0.5,10.3,20.0,Polyester & Alkyd,,CAS not found after 2 lookups; Rule-based classification: matched pattern '\bDEG\b|\bDPG\b|\bTEG\b|\bHYD BIS\b|ISOP'
,PLASTOKYD AC4X (30%),PLASTOKYD AC4X (30%),,,23.9,7.8,8.8,19.9,Polyester & Alkyd,,CAS not found after 2 lookups; Rule-based classification: matched pattern '\bDEG\b|\bDPG\b|\bTEG\b|\bHYD BIS\b|ISOP'
,ALLOPRENE R10 (10%),ALLOPRENE R10 (10%),,,19.5,9.2,6.9,7.5,Elastomer,,CAS not found after 2 lookups; Rule-based classification: matched pattern '\bRUBBER\b|ELASTOMER|\bNBR\b|\bSBR\b|NEO'
,ALLOPRENE R10 (30%),ALLOPRENE R10 (30%),,,17.9,5.6,6.7,5.8,Elastomer,,CAS not found after 2 lookups; Rule-based classification: matched pattern '\bRUBBER\b|ELASTOMER|\bNBR\b|\bSBR\b|NEO'
,ALLOPRENE R10 (60%),ALLOPRENE R10 (60%),,,19.6,6.5,5.8,9.1,Elastomer,,CAS not found after 2 lookups; Rule-based classification: matched pattern '\bRUBBER\b|ELASTOMER|\bNBR\b|\bSBR\b|NEO'
,HYPALON 20 (30%),HYPALON 20 (30%),,,20.3,3.2,0.7,11.3,Elastomer,,CAS not found after 2 lookups; Rule-based classification: matched pattern '\bRUBBER\b|ELASTOMER|\bNBR\b|\bSBR\b|NEO'
POLYISOPRENE SW,POLYISOPRENE SW,POLYISOPRENE SW,,,17.0,4.0,4.0,7.3,Elastomer,,CAS not found after 2 lookups; Rule-based classification: matched pattern '\bRUBBER\b|ELASTOMER|\bNBR\b|\bSBR\b|NEO'
,BROMOBUTYL RUBBER S,BROMOBUTYL RUBBER S,,,17.6,1.7,2.0,6.0,Elastomer,,CAS not found after 2 lookups; Rule-based classification: matched pattern '\bRUBBER\b|ELASTOMER|\bNBR\b|\bSBR\b|NEO'
,BROMOBUTYL RUBBER L,BROMOBUTYL RUBBER L,,,17.0,3.4,2.0,6.0,Elastomer,,CAS not found after 2 lookups; Rule-based classification: matched pattern '\bRUBBER\b|ELASTOMER|\bNBR\b|\bSBR\b|NEO'
,NEOPRENE CR,NEOPRENE CR,,,18.1,4.3,6.7,8.9,Elastomer,,CAS not found after 2 lookups; Rule-based classification: matched pattern '\bRUBBER\b|ELASTOMER|\bNBR\b|\bSBR\b|NEO'
,HYTREL,HYTREL,,,24.2,14.6,13.2,18.8,Elastomer,,CAS not found after 2 lookups; Rule-based classification: matched pattern '\bRUBBER\b|ELASTOMER|\bNBR\b|\bSBR\b|NEO'
,HYTREL,HYTREL,,,26.4,18.8,7.4,26.3,Elastomer,,CAS not found after 2 lookups; Rule-based classification: matched pattern '\bRUBBER\b|ELASTOMER|\bNBR\b|\bSBR\b|NEO'
,HYPALON,HYPALON,,,18.4,3.6,6.4,9.0,Elastomer,,CAS not found after 2 lookups; Rule-based classification: matched pattern '\bRUBBER\b|ELASTOMER|\bNBR\b|\bSBR\b|NEO'
,HYPALON,HYPALON,,,18.4,5.6,6.0,9.4,Elastomer,,CAS not found after 2 lookups; Rule-based classification: matched pattern '\bRUBBER\b|ELASTOMER|\bNBR\b|\bSBR\b|NEO'
,EV A 4055 SOL,EV A 4055 SOL,,,17.7,3.5,3.7,4.707248,Vinyl Polymer,EVA,CAS not found after 2 lookups; Rule-based classification: matched pattern '^\s*EV\s+A\b'
,TOPAS 6013 SOL,TOPAS 6013 SOL,,,18.0,3.0,2.0,5.0,Polyolefin,,CAS not found after 2 lookups; Rule-based classification: matched pattern 'POLYETHYLENE|\bHDPE\b|\bLDPE\b|\bLLDPE\b'
,CZ RESIN SOL,CZ RESIN SOL,,,18.0,1.0,3.0,4.0,Natural & Petroleum Resin,Hydrocarbon Resin,CAS not found after 2 lookups; Rule-based classification: matched pattern '\bCZ RESIN\b'
,KAURI GUM,KAURI GUM,,,18.7,8.1,13.0,8.2,Natural & Petroleum Resin,,CAS not found after 2 lookups; Rule-based classification: matched pattern 'ROSIN|TERPENE|PETROLEUM RESIN|COUMARONE|'
POLYVINYLPYRROLIDONE,POLYVINYLPYRROLIDONE,POLYVINYLPYRROLIDONE; PVP; povidone,,,21.4,11.6,21.6,17.3,Vinyl Polymer,,CAS not found after 2 lookups; Rule-based classification: matched pattern 'POLYVINYL|VINYL ACETATE|VINYL ALCOHOL|VI'
,PALM OIL,PALM OIL,,,17.7,3.5,3.7,4.7,Biological & Other,,CAS lookup skipped: out of scope; Out-of-scope entry
,BETHOXAZIN,BETHOXAZIN,,163269-30-5,22.4,7.6,10.8,13.9,Phenolic Resin,Benzoxazine,CAS found via PubChem: 163269-30-5; Rule-based classification: matched pattern 'BETHOXAZIN|BENZOXAZIN'
,CARBON-60,CARBON-60,,,19.7,2.9,2.7,3.97248,Biological & Other,,CAS lookup skipped: out of scope; Out-of-scope entry
