Name,cas_final,cas_source,pubchem_cid,confidence_score,confidence_label,score_cas,score_name_match,score_pubchem,score_smiles,score_crossref,score_properties,needs_manual_review,lookup_failed,processing_notes
"1,1,1,2-Tetrachloroethane",630-20-6,original,12418.0,0.975,HIGH,1.0,1.0,1.0,1.0,1.0,0.5,False,False,[SMILES] SMILES from CIR fallback.
"1,1,1-Trichloroethane",71-55-6,original,6278.0,0.975,HIGH,1.0,1.0,1.0,1.0,1.0,0.5,False,False,[SMILES] SMILES from CIR fallback.
"1,1,1-Trifluoroethane",420-46-2,original,9868.0,0.975,HIGH,1.0,1.0,1.0,1.0,1.0,0.5,False,False,[SMILES] SMILES from CIR fallback.
"1,1,2,2-Tetrabromoethane",79-27-6,original,6588.0,0.975,HIGH,1.0,1.0,1.0,1.0,1.0,0.5,False,False,[SMILES] SMILES from CIR fallback.
"1,1,2,2-Tetrachloroethane",79-34-5,original,6591.0,0.975,HIGH,1.0,1.0,1.0,1.0,1.0,0.5,False,False,[SMILES] SMILES from CIR fallback.
"1,1,2,2-Tetrachloropropane",13116-60-4,original,83154.0,0.975,HIGH,1.0,1.0,1.0,1.0,1.0,0.5,False,False,[SMILES] SMILES from CIR fallback.
"1,1,2-Tribromo Ethylene",598-16-3,original,11712.0,0.945,HIGH,1.0,0.85,1.0,1.0,1.0,0.5,False,False,[SMILES] SMILES from CIR fallback.
"1,1,2-Trichloro Propene",21400-25-9,original,30616.0,0.945,HIGH,1.0,0.85,1.0,1.0,1.0,0.5,False,False,[SMILES] SMILES from CIR fallback.
"1,1,2-Trichloroethane",79-00-5,original,6574.0,0.975,HIGH,1.0,1.0,1.0,1.0,1.0,0.5,False,False,[SMILES] SMILES from CIR fallback.
"1,1,2-Trichlorotrifluoroethane (Freon113)",76-13-1,original,6428.0,0.945,HIGH,1.0,0.85,1.0,1.0,1.0,0.5,False,False,[SMILES] SMILES from CIR fallback.
"1,1,3,3-Tetramethoxypropane",102-52-3,original,66019.0,0.975,HIGH,1.0,1.0,1.0,1.0,1.0,0.5,False,False,[SMILES] SMILES from CIR fallback.
"1,1-Diallyloxyethane",20682-69-3,original,225379.0,0.945,HIGH,1.0,0.85,1.0,1.0,1.0,0.5,False,False,[SMILES] SMILES from CIR fallback.
"1,1-Dibromoethane",557-91-5,original,11201.0,0.975,HIGH,1.0,1.0,1.0,1.0,1.0,0.5,False,False,[SMILES] SMILES from CIR fallback.
"1,1-Dibromoethylene",593-92-0,original,11652.0,0.945,HIGH,1.0,0.85,1.0,1.0,1.0,0.5,False,False,[SMILES] SMILES from CIR fallback.
"1,1-Dichloro-1-Nitroethane",594-72-9,original,11674.0,0.975,HIGH,1.0,1.0,1.0,1.0,1.0,0.5,False,False,[SMILES] SMILES from CIR fallback.
"1,1-Dichloroacetone",513-88-2,original,10567.0,0.945,HIGH,1.0,0.85,1.0,1.0,1.0,0.5,False,False,[SMILES] SMILES from CIR fallback.
"1,1-Dichloroethane",75-34-3,original,6365.0,0.975,HIGH,1.0,1.0,1.0,1.0,1.0,0.5,False,False,[SMILES] SMILES from CIR fallback.
"1,1-Dichloroethylene",75-35-4,original,6366.0,0.945,HIGH,1.0,0.85,1.0,1.0,1.0,0.5,False,False,[SMILES] SMILES from CIR fallback.
"1,1-Dichloropropane",78-99-9,original,6573.0,0.975,HIGH,1.0,1.0,1.0,1.0,1.0,0.5,False,False,[SMILES] SMILES from CIR fallback.
"1,1-Dichloropropene",563-58-6,original,11245.0,0.945,HIGH,1.0,0.85,1.0,1.0,1.0,0.5,False,False,[SMILES] SMILES from CIR fallback.
"1,1-Diethoxy Butane",3658-95-5,original,77225.0,0.945,HIGH,1.0,0.85,1.0,1.0,1.0,0.5,False,False,[SMILES] SMILES from CIR fallback.
"1,1-Diethoxy Ethane",105-57-7,original,7765.0,0.945,HIGH,1.0,0.85,1.0,1.0,1.0,0.5,False,False,[SMILES] SMILES from CIR fallback.
"1,1-Difluoroethane",75-37-6,original,6368.0,0.975,HIGH,1.0,1.0,1.0,1.0,1.0,0.5,False,False,[SMILES] SMILES from CIR fallback.
"1,1-Difluoroethylene",75-38-7,original,6369.0,0.945,HIGH,1.0,0.85,1.0,1.0,1.0,0.5,False,False,[SMILES] SMILES from CIR fallback.
"1,1-Dimethoxy Ethane",534-15-6,original,10795.0,0.945,HIGH,1.0,0.85,1.0,1.0,1.0,0.5,False,False,[SMILES] SMILES from CIR fallback.
"1,1-Dimethyl Hydrazine",57-14-7,original,5976.0,0.945,HIGH,1.0,0.85,1.0,1.0,1.0,0.5,False,False,[SMILES] SMILES from CIR fallback.
"1,2,3,4-Tetramethylbenzene",488-23-3,original,10263.0,0.975,HIGH,1.0,1.0,1.0,1.0,1.0,0.5,False,False,[SMILES] SMILES from CIR fallback.
"1,2,3,5-Tetramethylbenzene",527-53-7,original,10695.0,0.975,HIGH,1.0,1.0,1.0,1.0,1.0,0.5,False,False,[SMILES] SMILES from CIR fallback.
"1,2,3-Benzotriazole",95-14-7,original,7220.0,0.945,HIGH,1.0,0.85,1.0,1.0,1.0,0.5,False,False,[SMILES] SMILES from CIR fallback.
"1,2,3-Triazole",288-36-8,original,67516.0,0.945,HIGH,1.0,0.85,1.0,1.0,1.0,0.5,False,False,[SMILES] SMILES from CIR fallback.
"1,2,3-Trichloro Propene",96-19-5,original,7286.0,0.945,HIGH,1.0,0.85,1.0,1.0,1.0,0.5,False,False,[SMILES] SMILES from CIR fallback.
"1,2,3-Trichloropropane",96-18-4,original,7285.0,0.975,HIGH,1.0,1.0,1.0,1.0,1.0,0.5,False,False,[SMILES] SMILES from CIR fallback.
"1,2,4,5-Tetrachlorobenzene",95-94-3,original,7270.0,0.975,HIGH,1.0,1.0,1.0,1.0,1.0,0.5,False,False,[SMILES] SMILES from CIR fallback.
"1,2,4-Trichlorobenzene",120-82-1,original,13.0,0.975,HIGH,1.0,1.0,1.0,1.0,1.0,0.5,False,False,[SMILES] SMILES from CIR fallback.
"1,2-Butadiene",590-19-2,original,11535.0,0.945,HIGH,1.0,0.85,1.0,1.0,1.0,0.5,False,False,[SMILES] SMILES from CIR fallback.
"1,2-Chlorobromoethylene",,,,0.06,LOW,0.0,0.3,0.0,0.0,0.0,0.0,True,True,[CAS] Original CAS '3018-09-05 00:00:00' failed checksum. | [CAS] Not found by any method.
"1,2-Cyclohexanediol",931-17-9,original,13601.0,0.945,HIGH,1.0,0.85,1.0,1.0,1.0,0.5,False,False,[SMILES] SMILES from CIR fallback.
"1,2-Cyclohexanedione",765-87-7,original,13006.0,0.945,HIGH,1.0,0.85,1.0,1.0,1.0,0.5,False,False,[SMILES] SMILES from CIR fallback.
"1,2-Dibromoethylene",540-49-8,original,10897.0,0.945,HIGH,1.0,0.85,1.0,1.0,1.0,0.5,False,False,[SMILES] SMILES from CIR fallback.
"1,2-Dichloroethylene (Cis)",156-59-2,original,643833.0,0.945,HIGH,1.0,0.85,1.0,1.0,1.0,0.5,False,False,[SMILES] SMILES from CIR fallback.
"1,2-Dichloropropane",78-87-5,original,6564.0,0.975,HIGH,1.0,1.0,1.0,1.0,1.0,0.5,False,False,[SMILES] SMILES from CIR fallback.
"1,2-Dichloropropene (Cis)",6923-20-2,original,5463459.0,0.945,HIGH,1.0,0.85,1.0,1.0,1.0,0.5,False,False,[SMILES] SMILES from CIR fallback.
"1,2-Dichlorotetrafluoroethane (Freon 114)",76-14-2,original,6429.0,0.945,HIGH,1.0,0.85,1.0,1.0,1.0,0.5,False,False,[SMILES] SMILES from CIR fallback.
"1,2-Dichlorovinyl Ethyl Ether",42345-82-4,original,53440473.0,0.945,HIGH,1.0,0.85,1.0,1.0,1.0,0.5,False,False,[SMILES] SMILES from CIR fallback.
"1,2-Diethyl Benzene",135-01-3,original,8657.0,0.945,HIGH,1.0,0.85,1.0,1.0,1.0,0.5,False,False,[SMILES] SMILES from CIR fallback.
"1,2-Dihydroxybenzene (Catechol)",120-80-9,original,289.0,0.945,HIGH,1.0,0.85,1.0,1.0,1.0,0.5,False,False,[SMILES] SMILES from CIR fallback.
"1,2-Dimethoxybenzene",91-16-7,original,7043.0,0.975,HIGH,1.0,1.0,1.0,1.0,1.0,0.5,False,False,[SMILES] SMILES from CIR fallback.
"1,2-Dinitrobenzene",528-29-0,original,10707.0,0.975,HIGH,1.0,1.0,1.0,1.0,1.0,0.5,False,False,[SMILES] SMILES from CIR fallback.
"1,2-Epoxy-2-Propene",40079-14-9,original,3029326.0,0.945,HIGH,1.0,0.85,1.0,1.0,1.0,0.5,False,False,[SMILES] SMILES from CIR fallback.
"1,2-Ethane Dithiol",540-63-6,original,10902.0,0.795,MEDIUM,1.0,0.85,1.0,0.0,1.0,0.5,False,False,
