name,cas_number,smiles,molecular_formula,delta_d,delta_p,delta_h,molecular_weight,boiling_point,density,molar_volume,category,ghs_hazard,confidence,source_count,source,source_url,hidden
"1,1,1-Trichlorethane (methyl chloroform)",71-55-6,,C2H3Cl3,16.8,4.3,2.0,133.4,,,99.3,halogenated,,0.75,1,accudyne_solvents,,
"1,2-Dichlorobenzene",95-50-1,,C6H4Cl2,19.2,6.3,3.3,147.0,,,112.8,halogenated,,0.75,1,accudyne_solvents,,
"1,2-Dichloroethane (ethylene dichloride)",107-06-2,,C2H4Cl2,19.0,7.4,4.1,98.96,,,79.4,halogenated,,0.75,1,accudyne_solvents,,
"1,2-Dimethoxyethane (DME, ethylene glycol dimethyl ether)",110-71-4,,C4H10O2,15.4,6.3,6.0,90.12,,,103.9,alcohol,,0.75,1,accudyne_solvents,,
"1,2-Propanediol (propylene glycol)",57-55-6,,C3H8O2,16.8,9.4,23.3,76.1,,,73.6,alcohol,,0.75,1,accudyne_solvents,,
"1,3-Butanediol",107-88-0,,C4H10O2,16.6,10.0,21.5,90.12,,,89.9,hydrocarbon,,0.75,1,accudyne_solvents,,
"1,4-Dioxane",123-91-1,,C4H8O2,19.0,1.8,7.4,88.11,,,85.7,ether,,0.75,1,accudyne_solvents,,
1-Bromonaphthalene,90-11-9,,C10H7Br,20.3,3.1,4.1,207.07,,,140.0,halogenated,,0.75,1,accudyne_solvents,,
1-Butanol (n-butyl alcohol),71-36-3,,C4H10O,16.0,5.7,15.8,74.12,,,91.5,alcohol,,0.75,1,accudyne_solvents,,
"1-Propanol (n-propanol, n-propyl alcohol)",71-23-8,,C3H8O,16.0,6.8,17.4,60.1,,,75.2,alcohol,,0.75,1,accudyne_solvents,,
2-Aminoethanol (ethanolamine),141-43-5,,C2H7NO,17.0,15.5,21.2,61.08,,,59.8,alcohol,,0.75,1,accudyne_solvents,,
2-Butanol (sec-butanol),78-92-2,,C4H10O,15.8,5.7,14.5,74.12,,,92.0,alcohol,,0.75,1,accudyne_solvents,,
2-Butanone (methyl ethyl ketone),78-93-3,,C4H8O,16.0,9.0,5.1,72.11,,,90.1,ketone,,0.75,1,accudyne_solvents,,
2-Butoxyethanol (ethylene glycol monobutyl ether),111-76-2,,C6H14O2,16.0,5.1,12.3,118.17,,,131.6,alcohol,,0.75,1,accudyne_solvents,,
2-Ethoxyethanol (ethylene glycol monoethyl ether),110-80-5,,C4H10O2,16.2,9.2,14.3,90.12,,,97.8,alcohol,,0.75,1,accudyne_solvents,,
2-Ethyl-1-hexanol,104-76-7,,C8H18O,15.9,3.3,11.8,130.23,,,156.6,alcohol,,0.75,1,accudyne_solvents,,
2-Furanmethanol (furfuryl alcohol),98-00-0,,C5H6O2,17.4,7.6,15.1,98.1,,,86.5,alcohol,,0.75,1,accudyne_solvents,,
2-Heptanone (methyl n-amyl ketone),110-43-0,,C7H14O,16.2,5.7,4.1,114.18,,,139.8,ketone,,0.75,1,accudyne_solvents,,
2-Methoxymethanol (ethylene glycol monomethyl ether),109-86-4,,C3H8O2,16.2,9.2,16.4,76.1,,,79.1,alcohol,,0.75,1,accudyne_solvents,,
2-Methylpropyl alcohol (isobutanol),78-83-1,,C4H10O,15.1,5.7,15.9,74.12,,,92.8,alcohol,,0.75,1,accudyne_solvents,,
2-Methylpropyl ethanoate (isobutyl acetate),110-19-0,,C6H12O2,15.1,3.7,6.3,116.16,,,133.5,ester,,0.75,1,accudyne_solvents,,
2-Propanol (isopropyl alcohol),67-63-0,,C3H8O,15.8,6.1,16.4,60.1,,,76.8,alcohol,,0.75,1,accudyne_solvents,,
3-Methylphenol (m-Cresol),108-39-4,,C7H8O,18.0,5.1,12.9,108.14,,,104.7,alcohol,,0.75,1,accudyne_solvents,,
4-Methyl-2-pentanone (methyl isobutyl ketone),108-10-1,,C6H12O,15.3,6.1,4.1,100.16,,,125.8,ketone,,0.75,1,accudyne_solvents,,
Acetic acid (ethanoic acid),64-19-7,,C2H4O2,14.5,8.0,13.5,60.05,,,57.1,acid,,0.75,1,accudyne_solvents,,
Acetone (propanone),67-64-1,,C3H6O,15.5,10.4,7.0,58.08,,,74.0,ketone,,0.75,1,accudyne_solvents,,
Acetonitrile (ethane nitrile),75-05-8,,C2H3N,15.3,18.0,6.1,41.05,,,52.6,nitrile,,0.75,1,accudyne_solvents,,
Acetophenone (1-phenylethanone),98-86-2,,C8H8O,19.6,8.6,3.7,120.15,,,117.4,ketone,,0.75,1,accudyne_solvents,,
Acrylonitrile (ethenylnitrile),107-13-1,,C3H3N,16.0,12.8,6.8,53.06,,,67.1,nitrile,,0.75,1,accudyne_solvents,,
Aniline,62-53-3,,C6H7N,19.4,5.1,10.2,93.13,,,91.5,amine,,0.75,1,accudyne_solvents,,
Benzaldehyde,100-52-7,,C7H6O,19.4,7.4,5.3,106.12,,,101.5,aldehyde,,0.75,1,accudyne_solvents,,
Benzene,71-43-2,,C6H6,18.4,0.0,2.0,78.11,,,89.4,aromatic,,0.75,1,accudyne_solvents,,
Benzonitrile,100-47-0,,C7H5N,17.4,9.0,3.3,103.12,,,102.6,nitrile,,0.75,1,accudyne_solvents,,
Benzyl alcohol,100-51-6,,C7H8O,18.4,6.3,13.7,108.14,,,103.6,alcohol,,0.75,1,accudyne_solvents,,
"Bis(2-ethylhexyl)phthalate (BEHP, dioctyl phthalate)",117-84-0,,C24H38O4,16.6,7.0,3.1,390.56,,,377.0,ester,,0.75,1,accudyne_solvents,,
Bromine,7726-95-6,,Br2,18.2,14.9,0.0,159.81,,,51.5,halogenated,,0.75,1,accudyne_solvents,,
Bromine,7726-95-6,,Br2,18.2,2.1,0.0,159.81,,,51.5,halogenated,,0.75,1,accudyne_solvents,,
Butyl acetate,123-86-4,,C6H12O2,15.8,3.7,6.3,116.16,,,132.5,ester,,0.75,1,accudyne_solvents,,
Cyclohexane,110-82-7,,C6H12,16.8,0.0,0.2,84.16,,,108.7,hydrocarbon,,0.75,1,accudyne_solvents,,
Cyclohexanol,108-93-0,,C6H12O,17.4,4.1,13.5,100.16,,,106.0,alcohol,,0.75,1,accudyne_solvents,,
Cyclohexanone,108-94-1,,C6H10O,17.8,6.3,5.1,98.14,,,104.0,ketone,,0.75,1,accudyne_solvents,,
Dibutyl phthalate,84-74-2,,C16H22O4,17.8,8.6,4.1,278.35,,,266.0,ester,,0.75,1,accudyne_solvents,,
"Dichloromethane (methylene chloride, DCM)",75-09-2,,CH2Cl2,18.2,6.3,6.1,84.93,,,63.9,halogenated,,0.75,1,accudyne_solvents,,
Diethyl ether (ethoxyethane),60-29-7,,C4H10O,14.5,2.9,5.1,74.12,,,104.8,ether,,0.75,1,accudyne_solvents,,
Diethylene glycol,111-46-6,,C4H10O3,16.6,12.0,20.7,106.12,,,94.9,alcohol,,0.75,1,accudyne_solvents,,
Diiodomethane (methylene iodide),75-11-6,,CH2I2,17.8,3.9,5.5,267.84,,,80.5,halogenated,,0.75,1,accudyne_solvents,,
Dimethoxymethane (methylal),109-87-5,,C3H8O2,15.0,1.8,8.6,76.1,,,169.4,other,,0.75,1,accudyne_solvents,,
Dimethyl sulfoxide (DMSO),67-68-5,,C2H6OS,18.4,16.4,10.2,78.13,,,71.3,sulfoxide,,0.75,1,accudyne_solvents,,
Dimethylethanolamine (2-(dimethylamino)ethanol),108-01-0,,C4H11NO,16.1,9.2,15.3,89.14,,,101.1,alcohol,,0.75,1,accudyne_solvents,,
Dioctyl hexanedioate (dioctyl adipate),103-23-1,,C22H42O4,16.7,2.0,5.1,370.57,,,400.0,ester,,0.75,1,accudyne_solvents,,
Epichlorohydrin (chloromethyloxirane),106-89-8,,C3H5ClO,18.9,7.6,6.6,92.52,,,78.4,halogenated,,0.75,1,accudyne_solvents,,
Ethanol (ethyl alcohol),64-17-5,,C2H6O,15.8,8.8,19.4,46.07,,,58.5,alcohol,,0.75,1,accudyne_solvents,,
Ethyl acetate (ethyl ethanoate),141-78-6,,C4H8O2,15.8,5.3,7.2,88.11,,,98.5,ester,,0.75,1,accudyne_solvents,,
Ethylbenzene,100-41-4,,C8H10,17.8,0.6,1.4,106.17,,,123.1,aromatic,,0.75,1,accudyne_solvents,,
Ethylene glycol,107-21-1,,C2H6O2,17.0,11.0,26.0,62.07,,,55.8,alcohol,,0.75,1,accudyne_solvents,,
Formamide (methanomide),75-12-7,,CH3NO,17.2,26.2,19.0,45.04,,,39.8,amide,,0.75,1,accudyne_solvents,,
Glycerol,56-81-5,,C3H8O3,17.4,12.1,29.3,92.09,,,73.3,alcohol,,0.75,1,accudyne_solvents,,
Hexadecane,544-76-3,,C16H34,16.3,0.0,0.0,226.44,,,294.1,hydrocarbon,,0.75,1,accudyne_solvents,,
Hydrazine,302-01-2,,H4N2,14.2,8.3,8.9,32.04,,,32.1,other,,0.75,1,accudyne_solvents,,
Hydrogen peroxide,7722-84-1,,H2O2,15.5,12.2,42.7,34.02,,,23.2,other,,0.75,1,accudyne_solvents,,
Isophorone,78-59-1,,C9H14O,16.6,8.2,7.4,138.21,,,150.5,ketone,,0.75,1,accudyne_solvents,,
Isopropyl acetate (isopropyl ethanoate),108-21-4,,C5H10O2,14.9,4.5,8.2,102.13,,,117.1,ester,,0.75,1,accudyne_solvents,,
Methanoic acid (formic acid),64-18-6,,CH2O2,14.3,11.9,16.6,46.03,,,37.8,acid,,0.75,1,accudyne_solvents,,
Methanol (methyl alcohol),67-56-1,,CH4O,15.1,12.3,22.3,32.04,,,40.7,alcohol,,0.75,1,accudyne_solvents,,
Methyl acetate,79-20-9,,C3H6O2,15.5,7.2,7.6,74.08,,,79.7,ester,,0.75,1,accudyne_solvents,,
Methyl methacrylate,80-62-6,,C5H8O2,15.8,6.5,5.4,100.12,,,106.1,ester,,0.75,1,accudyne_solvents,,
Morpholine,110-91-8,,C4H9NO,18.8,4.9,9.2,87.12,,,87.1,amine,,0.75,1,accudyne_solvents,,
"N,N-Dimethylformamide (DMF)",68-12-2,,C3H7NO,17.4,13.7,11.3,73.09,,,77.0,amide,,0.75,1,accudyne_solvents,,
n-Heptane,142-85-5,,C7H16,15.3,0.0,0.0,100.21,,,147.4,hydrocarbon,,0.75,1,accudyne_solvents,,
N-Methyl-2-pyrrolidine,872-50-4,,C5H9NO,18.0,12.3,7.2,99.13,,,96.5,other,,0.75,1,accudyne_solvents,,
Nitromethane,75-52-5,,CH3NO2,15.8,18.8,5.1,61.04,,,54.3,nitro,,0.75,1,accudyne_solvents,,
o-Xylene,95-47-6,,C8H10,17.8,1.0,3.1,106.17,,,121.2,aromatic,,0.75,1,accudyne_solvents,,
Octanoic acid (caprylic acid),124-07-2,,C8H16O2,15.1,3.3,8.2,144.21,,,159.0,acid,,0.75,1,accudyne_solvents,,
p-Xylene,106-42-3,,C8H10,17.6,1.0,3.1,106.17,,,123.2,aromatic,,0.75,1,accudyne_solvents,,
Phenoxyethanol (ethylene glycol monophenyl ether),122-99-6,,C8H10O2,17.8,5.7,14.3,138.16,,,125.3,alcohol,,0.75,1,accudyne_solvents,,
Propyl acetate (propyl ethanoate),109-60-4,,C5H10O2,15.3,4.3,7.6,102.13,,,115.3,ester,,0.75,1,accudyne_solvents,,
Propylene carbonate,108-32-7,,C4H6O3,20.0,18.0,4.1,102.09,,,85.0,ester,,0.75,1,accudyne_solvents,,
Pyridine,110-86-1,,C5H5N,19.0,8.8,5.9,79.1,,,80.9,amine,,0.75,1,accudyne_solvents,,
Styrene (phenylethene),100-42-5,,C8H8,18.6,1.0,4.1,104.15,,,115.6,aromatic,,0.75,1,accudyne_solvents,,
Tetrachloromethane (carbon tetrachloride),56-23-5,,CCl4,16.1,8.3,0.0,153.82,,,97.1,halogenated,,0.75,1,accudyne_solvents,,
Tetrachloromethane (carbon tetrachloride),56-23-5,,CCl4,17.8,0.0,0.6,153.82,,,97.1,halogenated,,0.75,1,accudyne_solvents,,
Tetrahydrofuran,109-99-9,,C4H8O,16.8,5.7,8.0,72.11,,,81.7,ether,,0.75,1,accudyne_solvents,,
Toluene,08-88-3,,C7H81,18.0,1.4,2.0,92.13,,,106.8,aromatic,,0.75,1,accudyne_solvents,,
"Trichloroethylene (TCE, trichloroethene)",79-01-6,,C2HCl3,18.0,3.1,5.3,131.39,,,90.2,halogenated,,0.75,1,accudyne_solvents,,
Trichloromethane (chloroform),67-66-3,,CHCl3,17.8,3.1,5.7,119.38,,,80.7,halogenated,,0.75,1,accudyne_solvents,,
Triethanolamine,102-71-6,,C6H15NO3,17.3,22.4,23.3,149.19,,,133.2,alcohol,,0.75,1,accudyne_solvents,,
Water,7732-18-5,,H2O,15.6,16.0,42.3,18.02,,,18.0,inorganic,,0.75,1,accudyne_solvents,,
