name,cas_number,delta_d,delta_p,delta_h,radius,type,confidence,source_count,source
Cellit BP-300,,16.6,12.0,6.7,10.2,Cellulosic Polymer,0.850,1,hsp_polymers_2
Cellidora A,,18.2,12.4,10.8,7.4,Cellulosic Polymer,0.850,1,hsp_polymers_2
Ethocel HE10,,17.9,4.3,3.9,5.9,Cellulosic Polymer,0.850,1,hsp_polymers_2
Ethocel STD 20,,20.1,6.9,5.9,9.9,Cellulosic Polymer,0.850,1,hsp_polymers_2
Araldite DY O25,,14.0,7.4,9.4,13.7,Epoxy Resin,0.850,1,hsp_polymers_2
EPIKOTE 828,,23.1,14.6,5.0,20.5,Epoxy Resin,0.850,1,hsp_polymers_2
EPIKOTE 1001,,20.0,10.32,10.11,10.02,Epoxy Resin,0.850,1,hsp_polymers_2
EPIKOTE 1004,,17.4,10.5,9.0,7.9,Epoxy Resin,0.850,1,hsp_polymers_2
EPIKOTE 1007,,21.0,11.1,13.4,11.7,Epoxy Resin,0.850,1,hsp_polymers_2
EPIKOTE 1009,,19.3,9.37,10.95,8.26,Epoxy Resin,0.850,1,hsp_polymers_2
PKHH,,23.4,7.2,14.8,14.9,Epoxy Resin,0.850,1,hsp_polymers_2
Versamid 100,,23.8,5.3,16.2,16.1,Polyamide,0.850,1,hsp_polymers_2
Versamid 115,,20.3,6.6,14.1,9.6,Polyamide,0.850,1,hsp_polymers_2
Versamid 125,,24.9,3.1,18.7,20.3,Polyamide,0.850,1,hsp_polymers_2
Versamid 140,,26.9,2.4,18.5,24.0,Polyamide,0.850,1,hsp_polymers_2
Desmophen 651,,17.7,10.6,11.6,9.5,Polyurethane,0.850,1,hsp_polymers_2
Desmophen 800,,19.1,12.2,9.9,8.0,Polyurethane,0.850,1,hsp_polymers_2
Desmophen 850,,21.54,14.94,12.28,16.78,Polyurethane,0.850,1,hsp_polymers_2
Desmophen 1100,,16.0,13.1,9.2,11.4,Polyurethane,0.850,1,hsp_polymers_2
Desmophen 1150,,20.6,7.8,11.6,13.1,Polyurethane,0.850,1,hsp_polymers_2
Desmophen 1200,,19.4,7.4,6.0,9.8,Polyurethane,0.850,1,hsp_polymers_2
Desmophen 1700,,17.9,9.6,5.9,8.2,Polyurethane,0.850,1,hsp_polymers_2
Desmolac 4200,,18.7,9.6,9.9,8.2,Polyurethane,0.850,1,hsp_polymers_2
Macrynal SM 510N,,19.9,8.1,6.0,9.8,Acrylic,0.850,1,hsp_polymers_2
SUPER BECKACITE 1001,,23.26,6.55,8.35,19.85,Polyester & Alkyd,0.850,1,hsp_polymers_2
Phenodur 373U,,19.74,11.62,14.59,12.69,Amino Resin,0.850,1,hsp_polymers_2
PLIOLYTE S-100,,16.47,0.37,2.84,8.59,Elastomer,0.850,1,hsp_polymers_2
Piccopale 110,,17.55,1.19,3.6,6.55,Natural & Petroleum Resin,0.850,1,hsp_polymers_2
Piccorone 450L,,19.42,5.48,5.77,9.62,Natural & Petroleum Resin,0.850,1,hsp_polymers_2
POLYSAR 5630,,17.55,3.35,2.7,6.55,Elastomer,0.850,1,hsp_polymers_2
Hycar 1052,,18.62,8.78,4.17,9.627248,Elastomer,0.850,1,hsp_polymers_2
BUNA HULS B10,,17.53,2.25,3.42,6.55,Elastomer,0.850,1,hsp_polymers_2
LUTONAL IC/1203,,14.2,2.5,4.6,12.4,Vinyl Polymer,0.850,1,hsp_polymers_2
LUTANAL I60,,16.9,2.5,4.0,7.2,Vinyl Polymer,0.850,1,hsp_polymers_2
POLYVINYLBUTYL ETHER,,17.4,4.3,8.4,7.4,Vinyl Polymer,0.850,1,hsp_polymers_2
LIGNIN,9005-53-2,20.17,14.61,15.04,11.66,Natural & Petroleum Resin,0.850,1,hsp_polymers_2
MODAFLOW,,16.1,3.7,7.9,8.9,Acrylic,0.850,1,hsp_polymers_2
VIPLA KR,,18.4,6.6,8.0,3.0,Vinyl Polymer,0.850,1,hsp_polymers_2
CERECLOR 70,56509-64-9,20.0,8.3,6.8,9.8,Elastomer,0.850,1,hsp_polymers_2
CHLOROPAR 40,,17.0,7.6,7.9,11.9,Elastomer,0.850,1,hsp_polymers_2
PERGUT S 5,,17.4,9.5,3.8,10.0,Elastomer,0.850,1,hsp_polymers_2
ALLOPREN R10,,17.4,4.3,3.9,6.1,Elastomer,0.850,1,hsp_polymers_2
PARLON P 10,,20.26,6.32,5.4,10.64,Elastomer,0.850,1,hsp_polymers_2
HYPALON 20,,18.1,3.4,4.9,3.6,Elastomer,0.850,1,hsp_polymers_2
HYPALON 30,,18.2,4.7,2.0,5.0,Elastomer,0.850,1,hsp_polymers_2
ALPEX,,19.9,0.0,0.0,9.4,Natural & Petroleum Resin,0.850,1,hsp_polymers_2
1/2-sec.-NITRO CELLULOSE H 23,,15.41,14.73,8.84,11.46,Cellulosic Polymer,0.850,1,hsp_polymers_2
CELLOLYN 102,,21.73,0.94,8.53,15.75,Cellulosic Polymer,0.850,1,hsp_polymers_2
Pentalyn 255,,17.55,9.37,14.32,10.64,Natural & Petroleum Resin,0.850,1,hsp_polymers_2
Pentalyn 830,,20.03,5.81,10.93,11.66,Natural & Petroleum Resin,0.850,1,hsp_polymers_2
ESTER GUM BL,,19.64,4.73,7.77,10.64,Cellulosic Polymer,0.850,1,hsp_polymers_2
Versamid 961,,18.9,9.6,11.1,6.2,Polyamide,0.850,1,hsp_polymers_2
Versamid 965,,20.15,6.04,12.9,9.207248,Polyamide,0.850,1,hsp_polymers_2
Desmodur L,,17.5,11.3,5.9,8.5,Polyurethane,0.850,1,hsp_polymers_2
Desmodur N,28574-90-5,17.6,10.0,3.7,9.3,Polyurethane,0.850,1,hsp_polymers_2
SUPRASEC F-5100,,19.7,12.9,12.8,11.4,Polyurethane,0.850,1,hsp_polymers_2
Mowital B 30 H,,18.6,12.9,10.3,8.3,Vinyl Polymer,0.850,1,hsp_polymers_2
Mowital B 60 H,,20.2,11.2,13.3,11.2,Vinyl Polymer,0.850,1,hsp_polymers_2
BUTV AR B 76,,18.6,4.36,13.03,10.64,Vinyl Polymer,0.850,1,hsp_polymers_2
LUCITE 2042 PEMA,,17.6,9.66,3.97,10.64,Acrylic,0.850,1,hsp_polymers_2
LUCITE 2044 PMMA,,16.2,6.8,5.7,9.1,Acrylic,0.850,1,hsp_polymers_2
PLEXIGUM MB319,,18.6,10.8,4.1,11.5,Acrylic,0.850,1,hsp_polymers_2
PLEXIGUM M527,,18.4,9.4,6.5,10.7,Acrylic,0.850,1,hsp_polymers_2
PMMA,,18.64,10.52,7.51,8.59,Acrylic,0.850,1,hsp_polymers_2
MOWILITH 50 PVAC,,20.93,11.27,9.66,13.71,Vinyl Polymer,0.850,1,hsp_polymers_2
POLYSTYRENE LG,,22.28,5.75,4.3,12.68,Styrenic,0.850,1,hsp_polymers_2
LAROFLEX MP 45,,18.4,8.4,5.8,9.0,Acrylic,0.850,1,hsp_polymers_2
VILIT MB 30,,20.0,8.3,6.7,9.4,Vinyl Polymer,0.850,1,hsp_polymers_2
VILIT MC 31,,20.0,8.3,6.7,9.4,Vinyl Polymer,0.850,1,hsp_polymers_2
VILIT MC 39,,18.4,7.6,6.7,6.8,Vinyl Polymer,0.850,1,hsp_polymers_2
VINYLITE VAGD,,17.1,10.4,6.5,7.5,Vinyl Polymer,0.850,1,hsp_polymers_2
VINYLITE VAGH,,16.5,10.9,6.4,7.7,Vinyl Polymer,0.850,1,hsp_polymers_2
VINYLITE VMCA,,17.7,11.1,6.9,8.7,Vinyl Polymer,0.850,1,hsp_polymers_2
VINYLITE VMCC,,17.6,11.1,6.8,8.8,Vinyl Polymer,0.850,1,hsp_polymers_2
VINYLITE VMCH,,17.6,11.1,6.4,8.6,Vinyl Polymer,0.850,1,hsp_polymers_2
VINYLITE VYHH,,17.4,10.2,5.9,7.8,Vinyl Polymer,0.850,1,hsp_polymers_2
VINYLITE VYLF,,18.1,10.3,4.2,8.3,Vinyl Polymer,0.850,1,hsp_polymers_2
Alftalat AC 366,,18.6,10.0,5.0,10.4,Polyester & Alkyd,0.850,1,hsp_polymers_2
Alftalat AM 756,,23.0,2.2,4.2,16.9,Polyester & Alkyd,0.850,1,hsp_polymers_2
Alftalat AN 896,,22.9,15.2,7.6,18.1,Polyester & Alkyd,0.850,1,hsp_polymers_2
Alftalat AN 950,,22.6,13.8,8.1,17.1,Polyester & Alkyd,0.850,1,hsp_polymers_2
Alftalat AT 316,,20.5,9.3,9.1,12.4,Polyester & Alkyd,0.850,1,hsp_polymers_2
Alftalat AT 576,,19.2,5.3,6.3,11.9,Polyester & Alkyd,0.850,1,hsp_polymers_2
Alkydal F 261 HS,,23.6,1.0,7.6,19.0,Polyester & Alkyd,0.850,1,hsp_polymers_2
Alkydal F 41,,20.6,4.6,5.5,12.6,Polyester & Alkyd,0.850,1,hsp_polymers_2
DUROFTAL T 354,,17.3,4.2,7.9,9.3,Polyester & Alkyd,0.850,1,hsp_polymers_2
DYNAPOL L 812,,22.6,13.1,5.8,16.807248,Polyester & Alkyd,0.850,1,hsp_polymers_2
DYNAPOL L 850,,20.0,6.2,7.0,9.5,Polyester & Alkyd,0.850,1,hsp_polymers_2
PLEXAL C-34,,18.5,9.21,4.91,10.64,Polyester & Alkyd,0.850,1,hsp_polymers_2
SOALKYD 1935-EGAX,,18.0,11.6,8.5,9.0,Polyester & Alkyd,0.850,1,hsp_polymers_2
VESTURIT BL 908,,18.8,12.0,6.0,11.5,Polyester & Alkyd,0.850,1,hsp_polymers_2
VESTURIT BL 915,,17.7,13.0,7.6,11.5,Polyester & Alkyd,0.850,1,hsp_polymers_2
BE 370,,20.7,6.1,12.7,14.8,Epoxy Resin,0.850,1,hsp_polymers_2
Cymel 300,,19.35,12.83,12.87,9.82,Amino Resin,0.850,1,hsp_polymers_2
Cymel 325,,25.5,15.2,9.5,22.2,Amino Resin,0.850,1,hsp_polymers_2
DYNOMIN MM 9,,18.8,14.0,12.3,10.5,Amino Resin,0.850,1,hsp_polymers_2
DYNOMIN UM 15,,19.9,15.8,13.4,11.7,Amino Resin,0.850,1,hsp_polymers_2
SOAMIN M 60,,15.9,8.1,6.5,10.6,Amino Resin,0.850,1,hsp_polymers_2
SYNRESIN A 560,,22.1,5.0,11.3,15.5,Polyester & Alkyd,0.850,1,hsp_polymers_2
PLASTOPAL H,,20.81,8.29,14.96,12.69,Amino Resin,0.850,1,hsp_polymers_2
UFORMITE MX-61,,22.7,2.8,5.4,16.2,Amino Resin,0.850,1,hsp_polymers_2
URACRON 15,,19.2,7.7,5.7,10.6,Amino Resin,0.850,1,hsp_polymers_2
Paraloid P 400,,19.2,9.6,9.3,12.2,Acrylic,0.850,1,hsp_polymers_2
Paraloid P 410,,19.6,9.1,6.8,12.2,Acrylic,0.850,1,hsp_polymers_2
Paraloid EXPER. RES. QR 954,,18.4,9.8,10.0,12.4,Acrylic,0.850,1,hsp_polymers_2
BAYSILON UD 125,,19.4,9.9,10.1,6.9,Elastomer,0.850,1,hsp_polymers_2
TEFLON,,17.1,8.1,1.3,4.7,Fluoropolymer,0.850,1,hsp_polymers_2
DOW EPOXY NOVOLAC 438,,20.3,15.4,5.3,15.1,Epoxy Resin,0.850,1,hsp_polymers_2
DOW EPOXY NOVOLAC 444,,19.5,11.6,9.3,10.0,Epoxy Resin,0.850,1,hsp_polymers_2
ZINK SILICATE - CHEMICAL RES.,,23.5,17.5,16.8,15.6,Biological & Other,0.850,1,hsp_polymers_2
2-COMP EPOXY CHEMICAL RES.,,18.4,9.4,10.1,7.0,Epoxy Resin,0.850,1,hsp_polymers_2
POLYVINYLIDINE FLUORIDE SOL.,,17.0,12.1,10.2,4.1,Vinyl Polymer,0.850,1,hsp_polymers_2
COAL TAR PITCH SOL.,,18.7,7.5,8.9,5.8,Natural & Petroleum Resin,0.850,1,hsp_polymers_2
NITRILE 20 MIN,,17.5,7.3,6.5,5.1,Elastomer,0.850,1,hsp_polymers_2
NITRILE 1 HR,,16.6,9.1,4.4,10.0,Elastomer,0.850,1,hsp_polymers_2
NITRILE 4 HR,,19.0,12.6,3.8,13.3,Elastomer,0.850,1,hsp_polymers_2
BUTYL 20 MIN,,16.5,1.0,5.1,5.0,Elastomer,0.850,1,hsp_polymers_2
BUTYL 4 HR (2),,17.6,2.1,2.1,7.0,Elastomer,0.850,1,hsp_polymers_2
NATURAL RUBBER 20 MIN,,14.5,7.3,4.5,11.0,Elastomer,0.850,1,hsp_polymers_2
NATURAL RUBBER 1 HR,,15.6,3.4,9.1,14.0,Elastomer,0.850,1,hsp_polymers_2
NATURAL RUBBER 4 HR,,19.4,13.2,7.7,19.0,Elastomer,0.850,1,hsp_polymers_2
PVC 20 MIN,,16.1,7.1,5.9,9.3,Vinyl Polymer,0.850,1,hsp_polymers_2
PVC 1 HR,,14.9,11.1,3.8,13.2,Vinyl Polymer,0.850,1,hsp_polymers_2
PVC 4 HR,,24.4,4.9,9.9,22.707248,Vinyl Polymer,0.850,1,hsp_polymers_2
POLYVINYLALCOHOL 20 MIN,,11.2,12.4,13.0,12.1,Vinyl Polymer,0.850,1,hsp_polymers_2
POLYVINYLALCOHOL 1 HR,,15.3,13.2,13.5,8.8,Vinyl Polymer,0.850,1,hsp_polymers_2
POLYVINYLALCOHOL 4 HR,,17.2,13.6,15.4,10.9,Vinyl Polymer,0.850,1,hsp_polymers_2
POLYETHYLENE 20 MIN,,16.9,3.3,4.1,8.1,Polyolefin,0.850,1,hsp_polymers_2
POLYETHYLENE 1 HR,,17.1,3.1,5.2,8.2,Polyolefin,0.850,1,hsp_polymers_2
POLYETHYLENE 4 HR,,24.1,14.9,0.3,24.3,Polyolefin,0.850,1,hsp_polymers_2
VITON 20 MIN,,10.9,14.5,3.1,14.1,Fluoropolymer,0.850,1,hsp_polymers_2
VITON 1 HR,,16.5,8.1,8.3,6.6,Fluoropolymer,0.850,1,hsp_polymers_2
VITON 4 HR,,13.6,15.4,8.6,14.4,Fluoropolymer,0.850,1,hsp_polymers_2
NEOPRENE 20 MIN,,17.6,2.5,5.9,6.2,Elastomer,0.850,1,hsp_polymers_2
NEOPRENE 1 HR,,19.0,8.0,0.0,13.2,Elastomer,0.850,1,hsp_polymers_2
NEOPRENE 4 HR,,14.6,13.9,2.3,15.9,Elastomer,0.850,1,hsp_polymers_2
CH 5100 3 HR,,16.6,5.4,4.0,3.8,Elastomer,0.850,1,hsp_polymers_2
CH 5200 3 HR,,16.6,6.0,4.8,3.7,Elastomer,0.850,1,hsp_polymers_2
PVDC (110C) SOLUBILITY,,17.6,9.1,7.8,3.9,Vinyl Polymer,0.850,1,hsp_polymers_2
PVDC (130C) SOLUBILITY,,20.4,10.0,10.2,7.6,Vinyl Polymer,0.850,1,hsp_polymers_2
PES L C=1,,18.7,10.5,7.6,9.1,Polysulfone / PES / PPS,0.850,1,hsp_polymers_2
PES L B + C =1,,17.7,9.7,6.4,9.3,Polysulfone / PES / PPS,0.850,1,hsp_polymers_2
PPS CR 93°C,,18.8,4.8,6.8,2.8,Polysulfone / PES / PPS,0.850,1,hsp_polymers_2
PPS TS60%12MO,,18.7,5.3,3.7,6.7,Polysulfone / PES / PPS,0.850,1,hsp_polymers_2
PA6 CR,,17.0,3.4,10.6,5.1,Polyamide,0.850,1,hsp_polymers_2
PA66 SOL,,17.4,9.8,14.6,5.1,Polyamide,0.850,1,hsp_polymers_2
PA11 CR,,17.0,4.4,10.6,5.1,Polyamide,0.850,1,hsp_polymers_2
POMH+POMC CR,,17.1,3.1,10.7,5.2,Polyolefin,0.850,1,hsp_polymers_2
PETP CR,,18.2,6.4,6.6,5.0,Polyester & Alkyd,0.850,1,hsp_polymers_2
PTFE L80 CR,,16.2,1.8,3.4,3.9,Fluoropolymer,0.850,1,hsp_polymers_2
PMMA CR,,16.0,5.0,12.0,13.0,Acrylic,0.850,1,hsp_polymers_2
PE CR QUESTIONABLE V ALUES,,16.8,5.4,2.4,4.7,Polyolefin,0.850,1,hsp_polymers_2
PPO CR,,17.9,3.1,8.5,8.6,Polyacetal / PEI / PC,0.850,1,hsp_polymers_2
PUR CR,,18.1,9.3,4.5,9.7,Polyurethane,0.850,1,hsp_polymers_2
ABS CR,,16.3,2.7,7.1,7.8,Styrenic,0.850,1,hsp_polymers_2
PSU CR,,16.0,6.0,6.6,9.0,Polysulfone / PES / PPS,0.850,1,hsp_polymers_2
VINYL SILANE,7291-09-0,16.4,3.7,4.5,10.0,Vinyl Polymer,0.850,1,hsp_polymers_2
CELLOPHAN SW,,16.1,18.5,14.5,9.3,Cellulosic Polymer,0.850,1,hsp_polymers_2
EVOH SOL,,20.5,10.5,12.3,7.3,Vinyl Polymer,0.850,1,hsp_polymers_2
SARANEX 4HR,,17.7,18.3,0.7,18.4,Vinyl Polymer,0.850,1,hsp_polymers_2
4H 35°C,,19.4,13.4,18.0,8.6,Biological & Other,0.850,1,hsp_polymers_2
4H 35°C no plasticizer included,,20.5,11.3,10.3,6.7,Biological & Other,0.850,1,hsp_polymers_2
POLYVINYLALCOHOL,,15.0,17.2,17.8,10.2,Vinyl Polymer,0.850,1,hsp_polymers_2
ACETAL CELANESE,,21.1,9.3,5.9,11.4,Polyacetal / PEI / PC,0.850,1,hsp_polymers_2
ACETALHOMO-DUO,,19.0,5.0,8.0,5.0,Polyacetal / PEI / PC,0.850,1,hsp_polymers_2
CELLULOSE ACETATE,,16.9,16.3,3.7,13.707248,Cellulosic Polymer,0.850,1,hsp_polymers_2
CELL. ACET. BUTYRATE,,17.2,13.8,2.8,12.6,Cellulosic Polymer,0.850,1,hsp_polymers_2
CELL. ACET. PROPIONATE,,9.8,13.6,11.4,15.2,Cellulosic Polymer,0.850,1,hsp_polymers_2
PCTFE,,14.1,2.7,5.5,6.6,Fluoropolymer,0.850,1,hsp_polymers_2
FEP,,19.0,4.0,3.0,4.0,Fluoropolymer,0.850,1,hsp_polymers_2
FURAN,110-00-9,19.0,6.0,8.0,5.0,Phenolic Resin,0.850,1,hsp_polymers_2
FURF ALC,,19.9,3.9,5.1,3.8,Phenolic Resin,0.850,1,hsp_polymers_2
PHENOLIC,,21.6,5.2,18.8,15.4,Phenolic Resin,0.850,1,hsp_polymers_2
PETG,63407-54-5,18.0,3.0,4.0,6.0,Polyester & Alkyd,0.850,1,hsp_polymers_2
HDPE,,18.0,0.0,2.0,2.0,Polyolefin,0.850,1,hsp_polymers_2
PP,,18.0,0.0,1.0,6.0,Polyolefin,0.850,1,hsp_polymers_2
PECTFE SOL AT HIGH TEMP.,,19.5,7.3,1.7,5.1,Fluoropolymer,0.850,1,hsp_polymers_2
PAN,85-85-8,21.7,14.1,9.1,10.9,Acrylic,0.850,1,hsp_polymers_2
PEI 1200PSI,,17.2,6.4,5.2,3.6,Polyester & Alkyd,0.850,1,hsp_polymers_2
PEI 2400PSI,,17.4,4.6,9.0,7.2,Polyester & Alkyd,0.850,1,hsp_polymers_2
PEI 600PSI,,17.3,5.3,4.7,3.3,Polyester & Alkyd,0.850,1,hsp_polymers_2
ESTER GUM,,16.9,4.5,6.5,9.2,Cellulosic Polymer,0.850,1,hsp_polymers_2
ALKYD 45 SOYA,,17.5,2.3,7.7,10.0,Polyester & Alkyd,0.850,1,hsp_polymers_2
SILICONE DC-1107,,19.6,3.4,10.8,9.8,Elastomer,0.850,1,hsp_polymers_2
PVETHYLETHER,,15.1,3.1,11.9,12.9,Vinyl Polymer,0.850,1,hsp_polymers_2
PBUTYLACRYLATE,,16.2,9.0,3.0,10.1,Acrylic,0.850,1,hsp_polymers_2
PBMA,,15.9,5.5,5.9,8.5,Acrylic,0.850,1,hsp_polymers_2
SILICONE DC 23,,16.4,0.0,7.8,5.5,Elastomer,0.850,1,hsp_polymers_2
PE,,16.0,0.8,2.8,3.2,Polyolefin,0.850,1,hsp_polymers_2
GILSONITE,,17.1,2.1,3.9,4.9,Natural & Petroleum Resin,0.850,1,hsp_polymers_2
PVINYLBUTYLETHER,,17.4,3.4,7.8,8.4,Vinyl Polymer,0.850,1,hsp_polymers_2
NAT RUBBER,,16.0,4.0,6.0,1.3,Elastomer,0.850,1,hsp_polymers_2
HYP 20 CHLOROSULFONATED PE,,17.4,3.2,4.0,4.8,Polyolefin,0.850,1,hsp_polymers_2
ETHCEL N22,,22.7,0.5,16.5,20.1,Cellulosic Polymer,0.850,1,hsp_polymers_2
CHLORINATED RUBBER,,17.9,6.3,5.1,7.6,Elastomer,0.850,1,hsp_polymers_2
DAMMAR GUM,,18.4,4.2,7.8,8.3,Natural & Petroleum Resin,0.850,1,hsp_polymers_2
Versamid 100,,18.8,3.0,9.2,7.8,Polyamide,0.850,1,hsp_polymers_2
PS,,18.5,4.5,2.9,5.3,Styrenic,0.850,1,hsp_polymers_2
PV AC,,17.6,2.2,4.0,4.1,Vinyl Polymer,0.850,1,hsp_polymers_2
PVC,,17.6,7.8,3.4,8.2,Vinyl Polymer,0.850,1,hsp_polymers_2
PHENOLICS,,19.8,7.2,10.8,12.8,Phenolic Resin,0.850,1,hsp_polymers_2
BUNA N BUTADIENE/ACRYLONITRILE,,17.8,3.2,3.4,3.7,Elastomer,0.850,1,hsp_polymers_2
PMMA,,18.1,10.5,5.1,9.5,Acrylic,0.850,1,hsp_polymers_2
PEO 4000  HEATED SAMPLES,,21.5,10.9,13.1,15.9,Polyolefin,0.850,1,hsp_polymers_2
POLYETHYLENESULFIDE,,17.8,3.8,2.2,4.1,Polyolefin,0.850,1,hsp_polymers_2
PC,,18.1,5.9,6.9,5.5,Polyacetal / PEI / PC,0.850,1,hsp_polymers_2
PLIOLITE P1230,,18.1,4.7,3.7,3.907248,Natural & Petroleum Resin,0.850,1,hsp_polymers_2
MYLAR PET,,18.0,6.2,6.2,5.0,Polyester & Alkyd,0.850,1,hsp_polymers_2
VCV A COPOLY,,17.3,8.7,6.1,7.8,Vinyl Polymer,0.850,1,hsp_polymers_2
PUR,550-33-4,17.9,6.9,3.7,2.7,Polyurethane,0.850,1,hsp_polymers_2
SAN,,16.6,9.8,7.6,4.8,Styrenic,0.850,1,hsp_polymers_2
VINSOL ROSIN,,17.4,10.0,13.0,10.5,Natural & Petroleum Resin,0.850,1,hsp_polymers_2
EPON 1001,,17.0,9.6,7.8,7.1,Epoxy Resin,0.850,1,hsp_polymers_2
SHELLAC,,19.7,10.1,15.1,10.7,Natural & Petroleum Resin,0.850,1,hsp_polymers_2
POLYMETHACRYLONITRILE,,17.2,14.4,7.6,3.8,Acrylic,0.850,1,hsp_polymers_2
CELLULOSE ACETATE,,18.3,16.5,11.9,8.8,Cellulosic Polymer,0.850,1,hsp_polymers_2
CELLULOSE NITRATE,,16.9,13.5,10.3,9.9,Cellulosic Polymer,0.850,1,hsp_polymers_2
PVOH,,17.0,9.0,18.0,4.0,Vinyl Polymer,0.850,1,hsp_polymers_2
NYLON 66,,16.0,11.0,24.0,3.0,Polyamide,0.850,1,hsp_polymers_2
Acryloid B-44,,19.4,11.2,4.4,10.5,Acrylic,0.850,1,hsp_polymers_2
Acryloid B-66,,18.0,9.0,3.0,9.0,Acrylic,0.850,1,hsp_polymers_2
Acryloid B-72,,19.2,11.2,1.8,11.0,Acrylic,0.850,1,hsp_polymers_2
Acryloid B-82,,19.1,9.1,3.3,9.0,Acrylic,0.850,1,hsp_polymers_2
R+H PBA,,16.0,8.0,8.0,12.0,Acrylic,0.850,1,hsp_polymers_2
R+H PiMBA,,20.7,4.1,10.7,11.5,Acrylic,0.850,1,hsp_polymers_2
R+H PNBMA,,16.0,6.2,6.6,9.5,Acrylic,0.850,1,hsp_polymers_2
R+H PEMA,,19.0,9.0,8.0,11.0,Acrylic,0.850,1,hsp_polymers_2
R+H PMAA,,25.6,11.2,19.6,20.3,Acrylic,0.850,1,hsp_polymers_2
R+H PMMA,,19.1,11.3,4.1,10.3,Acrylic,0.850,1,hsp_polymers_2
BMA/AN 80/20,,17.5,9.9,4.1,9.5,Acrylic,0.850,1,hsp_polymers_2
MAA/EA/ST 15/38/47,,17.6,5.2,7.0,4.5,Acrylic,0.850,1,hsp_polymers_2
MAA/MA/V A 15/27.5/,,57.5,28.5,15.7,18.1,Vinyl Polymer,0.850,1,hsp_polymers_2
MAA/MA/V A 15/17.5/,,67.5,25.5,15.7,18.1,Vinyl Polymer,0.850,1,hsp_polymers_2
MMA/CYCLOL 58/42,,18.7,9.9,8.7,8.8,Acrylic,0.850,1,hsp_polymers_2
MMA/EA 50/50,,17.5,9.9,4.1,9.5,Acrylic,0.850,1,hsp_polymers_2
MMA/EA 25/75,,19.0,9.0,15.0,12.0,Acrylic,0.850,1,hsp_polymers_2
MMA/EA/AGE 40/40/20,,17.6,9.8,5.6,9.7,Acrylic,0.850,1,hsp_polymers_2
MMA/EA/AA,,15.9,15.9,11.5,11.1,Acrylic,0.850,1,hsp_polymers_2
MMA/EA/AN 55/30/15,,16.7,10.9,8.5,8.5,Acrylic,0.850,1,hsp_polymers_2
MMA/EA/AN 40/40/20,,20.4,13.2,11.0,12.3,Acrylic,0.850,1,hsp_polymers_2
MMA/EA/BAMA 40/40/20,,17.9,8.5,11.7,12.9,Acrylic,0.850,1,hsp_polymers_2
MMA/EA/CYCLOL,,17.6,9.8,6.4,9.8,Acrylic,0.850,1,hsp_polymers_2
MMA/EA/MAM 40/40/20,,19.0,9.0,15.0,12.0,Acrylic,0.850,1,hsp_polymers_2
MMA/EA/MAM 45/45/10,,19.5,11.1,8.7,11.2,Acrylic,0.850,1,hsp_polymers_2
MMA/EA/BVBE 40/40/20,,17.8,10.0,6.6,9.8,Acrylic,0.850,1,hsp_polymers_2
ACID DEGMP,,15.3,13.3,14.9,15.6,Polyester & Alkyd,0.850,1,hsp_polymers_2
CARB DEG PTH,,19.4,13.4,11.6,11.1,Polyester & Alkyd,0.850,1,hsp_polymers_2
CRYPLEX 1473-5,,19.2,9.4,5.6,8.9,Acrylic,0.850,1,hsp_polymers_2
DEG ISOPH,,19.2,17.2,14.6,11.8,Polyester & Alkyd,0.850,1,hsp_polymers_2
DEG PHTH,,21.0,15.2,13.2,13.7,Polyester & Alkyd,0.850,1,hsp_polymers_2
DPG PHTH,,20.1,11.5,6.7,11.607248,Polyester & Alkyd,0.850,1,hsp_polymers_2
DOW ADIP TEREP,,17.8,10.4,6.8,9.3,Polyester & Alkyd,0.850,1,hsp_polymers_2
DOW X-2635 MALEATE,,17.8,5.6,6.8,4.5,Polyester & Alkyd,0.850,1,hsp_polymers_2
VITEL PE LINEAR,,14.9,10.1,2.9,6.1,Polyester & Alkyd,0.850,1,hsp_polymers_2
VITEL PE101-X,,21.3,6.3,4.7,7.3,Polyester & Alkyd,0.850,1,hsp_polymers_2
HYD BIS A FUM ISPH,,17.0,4.4,6.2,5.0,Polyester & Alkyd,0.850,1,hsp_polymers_2
HYD BIS A PG FUM ISPH,,18.7,8.9,5.5,8.4,Polyester & Alkyd,0.850,1,hsp_polymers_2
PENTA BENZ MAL,,19.4,12.2,10.2,10.8,Polyester & Alkyd,0.850,1,hsp_polymers_2
SOL MYLAR 49001,,19.0,5.0,4.0,5.0,Polyester & Alkyd,0.850,1,hsp_polymers_2
SOL MYLAR 49002,,19.0,5.0,5.0,5.0,Polyester & Alkyd,0.850,1,hsp_polymers_2
TEG EG MAL TEREP,,18.8,11.4,9.2,10.2,Polyester & Alkyd,0.850,1,hsp_polymers_2
TEG MALEATE,,18.1,13.9,12.1,9.7,Polyester & Alkyd,0.850,1,hsp_polymers_2
V AREZ 123,,17.3,10.9,11.9,10.7,Vinyl Polymer,0.850,1,hsp_polymers_2
AMOCO 18-290,,19.3,3.7,7.9,7.8,Polyolefin,0.850,1,hsp_polymers_2
BUTON 100 BUTAD-STY,,17.0,4.0,3.0,7.3,Styrenic,0.850,1,hsp_polymers_2
BUTON 300,,17.3,3.7,7.3,7.0,Styrenic,0.850,1,hsp_polymers_2
KOPPERS KTPL-A,,19.3,3.7,7.9,7.8,Phenolic Resin,0.850,1,hsp_polymers_2
RUBBER MOD PS,,20.0,5.0,1.0,7.0,Elastomer,0.850,1,hsp_polymers_2
STY MAL ANH,,23.4,13.8,15.2,16.5,Styrenic,0.850,1,hsp_polymers_2
LYTRON 820,,21.1,13.1,14.5,14.4,Natural & Petroleum Resin,0.850,1,hsp_polymers_2
MARBON 9200,61789-96-6,19.0,4.0,4.0,6.0,Styrenic,0.850,1,hsp_polymers_2
PARAPOL S-50,,17.9,3.9,4.9,3.9,Natural & Petroleum Resin,0.850,1,hsp_polymers_2
PARAPOL S-60,,17.9,3.9,4.9,3.9,Natural & Petroleum Resin,0.850,1,hsp_polymers_2
PICCOFLEX 120,,17.4,7.8,3.8,7.7,Natural & Petroleum Resin,0.850,1,hsp_polymers_2
SHELL POLYALDEHYDE EX 39,,19.6,10.0,3.6,9.4,Polyacetal / PEI / PC,0.850,1,hsp_polymers_2
SHELL POLYALDEHYDE EX 40,,19.6,10.0,3.6,9.4,Polyacetal / PEI / PC,0.850,1,hsp_polymers_2
SHELL X-450,,19.3,9.5,11.1,11.1,Polyacetal / PEI / PC,0.850,1,hsp_polymers_2
SMA 1430A,,18.8,11.4,16.4,14.1,Styrenic,0.850,1,hsp_polymers_2
SAN 85/15,,19.1,9.5,3.1,8.7,Styrenic,0.850,1,hsp_polymers_2
STY/BUTENOL 85/15,,17.4,7.8,3.8,7.7,Styrenic,0.850,1,hsp_polymers_2
STY/CYCLOL 82/18,,18.2,5.6,7.2,5.7,Styrenic,0.850,1,hsp_polymers_2
STY/2EHA/AA 81/11/8,,17.7,4.9,5.9,5.9,Styrenic,0.850,1,hsp_polymers_2
STY/MAA 90/10,,18.7,6.3,7.3,6.7,Styrenic,0.850,1,hsp_polymers_2
STY/MA 85/15,,18.0,9.0,3.0,9.0,Styrenic,0.850,1,hsp_polymers_2
STY/HALF ESTER MA 60/40,,18.9,10.9,10.7,9.7,Styrenic,0.850,1,hsp_polymers_2
STY/PROP HALF E MA 57/43,,18.0,9.8,8.4,10.1,Styrenic,0.850,1,hsp_polymers_2
STY/VBE 85/15,,17.4,7.8,3.8,7.7,Styrenic,0.850,1,hsp_polymers_2
Styron 44OM-27 MOD PS,,20.0,5.0,1.0,7.0,Styrenic,0.850,1,hsp_polymers_2
Styron 475M-27,,20.0,5.0,1.0,7.0,Styrenic,0.850,1,hsp_polymers_2
Styron 480-27,,20.0,6.0,4.0,5.3,Styrenic,0.850,1,hsp_polymers_2
Acryloid K120N,,17.6,10.0,3.8,9.5,Acrylic,0.850,1,hsp_polymers_2
DODA 6225,,19.0,2.0,1.0,3.0,Polyester & Alkyd,0.850,1,hsp_polymers_2
DODA 3457,,19.0,2.0,1.0,3.0,Polyester & Alkyd,0.850,1,hsp_polymers_2
ELV AX 250,,19.0,2.0,1.0,3.0,Vinyl Polymer,0.850,1,hsp_polymers_2
ELV AX 150,,18.7,2.3,0.7,6.0,Vinyl Polymer,0.850,1,hsp_polymers_2
ELV AX EOD 3602-1,,17.7,3.3,2.7,5.407248,Vinyl Polymer,0.850,1,hsp_polymers_2
EXON 470 PVC,,17.4,7.8,3.8,7.7,Vinyl Polymer,0.850,1,hsp_polymers_2
EXON 471,,17.9,8.7,2.5,9.0,Vinyl Polymer,0.850,1,hsp_polymers_2
EXON 473,,17.4,7.8,3.8,7.7,Vinyl Polymer,0.850,1,hsp_polymers_2
GEON 121,,19.5,6.7,11.1,8.0,Vinyl Polymer,0.850,1,hsp_polymers_2
POLYCYCLOLa,,19.0,9.0,15.0,12.0,Acrylic,0.850,1,hsp_polymers_2
PVBE,,16.7,3.7,8.3,8.6,Vinyl Polymer,0.850,1,hsp_polymers_2
PVEE,,16.0,4.0,12.0,14.0,Vinyl Polymer,0.850,1,hsp_polymers_2
FORMV AR 7/70E PVFORMAL,,22.2,12.6,14.2,14.0,Vinyl Polymer,0.850,1,hsp_polymers_2
FORMV AR 15/95E,,22.2,12.6,14.2,14.0,Vinyl Polymer,0.850,1,hsp_polymers_2
PVIBE,,16.0,1.0,8.0,10.0,Vinyl Polymer,0.850,1,hsp_polymers_2
SARAN F-120 VCL2/AN,,28.8,16.8,0.8,23.7,Vinyl Polymer,0.850,1,hsp_polymers_2
SARAN F-220,,28.8,16.8,0.8,23.7,Vinyl Polymer,0.850,1,hsp_polymers_2
SINCLAIR 3840A,,18.4,4.0,9.6,7.3,Acrylic,0.850,1,hsp_polymers_2
V A/EHA/MA 63/33/4,,17.7,6.3,7.7,5.3,Vinyl Polymer,0.850,1,hsp_polymers_2
V A/EHA/CYC/MAA/76/12/8/4,,21.2,12.4,13.0,12.6,Vinyl Polymer,0.850,1,hsp_polymers_2
V A/EA/CY 70/20/10,,20.0,12.0,11.0,15.0,Vinyl Polymer,0.850,1,hsp_polymers_2
VBE/AN/MAA 46/27/27,,18.9,11.7,11.1,9.6,Vinyl Polymer,0.850,1,hsp_polymers_2
VBE/MA/MAC46/27/27,,19.4,13.0,13.8,12.3,Vinyl Polymer,0.850,1,hsp_polymers_2
VDC/AA 75/25,,20.4,11.0,0.8,11.7,Vinyl Polymer,0.850,1,hsp_polymers_2
VINYLITE AYAA PV AC,,22.9,18.3,7.7,20.4,Vinyl Polymer,0.850,1,hsp_polymers_2
VINYLITE VAGH,,17.0,7.8,6.8,7.1,Vinyl Polymer,0.850,1,hsp_polymers_2
VINYLITE VMCH,,18.3,9.7,7.7,8.5,Vinyl Polymer,0.850,1,hsp_polymers_2
VINYLITE VXCC,,18.0,9.4,4.6,8.4,Vinyl Polymer,0.850,1,hsp_polymers_2
VINYLITE VYHH,,19.0,11.0,5.0,10.0,Vinyl Polymer,0.850,1,hsp_polymers_2
VINYLITE VYLF,,18.0,9.4,4.6,8.4,Vinyl Polymer,0.850,1,hsp_polymers_2
VINYLITE XYHL PVBUTYRAL,,19.0,9.0,15.0,12.0,Vinyl Polymer,0.850,1,hsp_polymers_2
VINYLITE XYSG PVBUTYRAL,,19.0,9.0,15.0,12.0,Vinyl Polymer,0.850,1,hsp_polymers_2
VYSET 69,,17.9,3.5,7.5,5.9,Acrylic,0.850,1,hsp_polymers_2
ACRYLAMIDE MONOMER,79-06-1,16.9,18.1,19.9,17.0,Biological & Other,0.850,1,hsp_polymers_2
BAKELITE SULFONE P-47,,20.0,3.0,6.0,3.0,Phenolic Resin,0.850,1,hsp_polymers_2
BECKOLIN 27 MODIF OIL,,11.4,0.0,3.0,18.1,Polyester & Alkyd,0.850,1,hsp_polymers_2
PEO 4000  SAMPLES HEA TED,,22.2,11.2,13.2,17.1,Polyolefin,0.850,1,hsp_polymers_2
CHLORINATED RUBBER,,18.0,6.0,5.0,7.0,Elastomer,0.850,1,hsp_polymers_2
CONOCO H-35 HYDROCARBON M,,11.4,0.0,3.0,18.1,Natural & Petroleum Resin,0.850,1,hsp_polymers_2
DAMMAR GUM DEWAXED,,19.0,2.0,9.0,9.0,Natural & Petroleum Resin,0.850,1,hsp_polymers_2
EPOCRYL E-11,,17.3,12.9,12.1,8.5,Acrylic,0.850,1,hsp_polymers_2
ESTANE X-7  DIO XANE ONLY,,19.0,1.8,7.4,1.0,Polyester & Alkyd,0.850,1,hsp_polymers_2
HEXADECYL MONOESTER TRIME,,19.0,11.6,14.0,11.9,Polyester & Alkyd,0.850,1,hsp_polymers_2
HYDR SPERM OIL WX135,,20.0,4.0,2.0,5.0,Natural & Petroleum Resin,0.850,1,hsp_polymers_2
HYPALON 20 CHL SULF PE,,17.8,3.2,4.4,4.1,Elastomer,0.850,1,hsp_polymers_2
HYPALON 30,,17.8,3.4,3.2,5.1,Elastomer,0.850,1,hsp_polymers_2
KETONE RESIN S588,,18.0,10.8,13.2,12.2,Natural & Petroleum Resin,0.850,1,hsp_polymers_2
SANTOLITE MHP ARYLSULFONA,,18.4,12.0,8.4,10.6,Amino Resin,0.850,1,hsp_polymers_2
pTOLSULFONAMIDE-FORMALDEH,,24.6,18.6,16.4,20.907248,Amino Resin,0.850,1,hsp_polymers_2
VYHH-NIF REPT,,17.4,9.9,6.7,7.5,Vinyl Polymer,0.850,1,hsp_polymers_2
PVF,,17.4,13.7,11.3,2.0,Fluoropolymer,0.850,1,hsp_polymers_2
PES SOL,,19.6,10.8,9.2,6.2,Polysulfone / PES / PPS,0.850,1,hsp_polymers_2
LARD 37C,,15.9,1.16,5.41,12.03,Biological & Other,0.850,1,hsp_polymers_2
LARD 23C,,17.69,2.66,4.36,7.98,Biological & Other,0.850,1,hsp_polymers_2
1%IN WATER -AMINES,,15.07,20.44,16.5,18.12,Biological & Other,0.850,1,hsp_polymers_2
1%IN WATER +AMINES,,14.96,18.33,15.15,16.22,Biological & Other,0.850,1,hsp_polymers_2
BLOOD SERUM,,23.2,22.73,30.6,20.48,Biological & Other,0.850,1,hsp_polymers_2
SUCROSE,,21.67,26.26,29.62,20.44,Biological & Other,0.850,1,hsp_polymers_2
UREA,,20.9,18.7,26.4,19.42,Biological & Other,0.850,1,hsp_polymers_2
PSORIASIS SCALES,,24.64,11.94,12.92,19.04,Biological & Other,0.850,1,hsp_polymers_2
LIGNIN,9005-53-2,20.61,13.88,15.25,11.83,Natural & Petroleum Resin,0.850,1,hsp_polymers_2
CHOLESTEROL,,20.4,2.8,9.4,12.6,Biological & Other,0.850,1,hsp_polymers_2
CHLOROPHYLL,,20.2,15.6,18.2,11.1,Biological & Other,0.850,1,hsp_polymers_2
CELLULOSE-PAPER STRENGTH,,25.4,18.6,24.8,21.7,Cellulosic Polymer,0.850,1,hsp_polymers_2
PSU ULTRASON S,,19.7,8.3,8.3,8.0,Polysulfone / PES / PPS,0.850,1,hsp_polymers_2
BAREX 210 CR,,20.1,9.1,12.7,10.9,Acrylic,0.850,1,hsp_polymers_2
BAREX 210 CR-STYRENE,,17.7,8.9,10.9,6.4,Styrenic,0.850,1,hsp_polymers_2
Paraloid B72,,17.6,7.4,5.6,9.4,Acrylic,0.850,1,hsp_polymers_2
ESTIMATE DRIED OIL,,16.0,6.0,7.0,5.0,Natural & Petroleum Resin,0.850,1,hsp_polymers_2
DAMMAR DEWAXED,,19.0,2.0,9.0,9.0,Natural & Petroleum Resin,0.850,1,hsp_polymers_2
LDPE PERM>80,,16.5,4.5,0.5,6.0,Polyolefin,0.850,1,hsp_polymers_2
LDPE PERM<,,0.8,15.3,5.3,2.5,Polyolefin,0.850,1,hsp_polymers_2
TOLONATE HDT,,19.0,11.0,3.0,12.0,Polyurethane,0.850,1,hsp_polymers_2
TOLONATE HDB,,19.0,11.0,2.0,11.3,Polyurethane,0.850,1,hsp_polymers_2
R ACM,,16.8,11.8,11.6,17.0,Elastomer,0.850,1,hsp_polymers_2
R BUTYL,,18.0,0.0,3.0,9.0,Elastomer,0.850,1,hsp_polymers_2
R ECO,,21.3,8.1,6.1,12.0,Elastomer,0.850,1,hsp_polymers_2
R CSM,,28.0,14.0,3.4,28.3,Elastomer,0.850,1,hsp_polymers_2
R EBONITE,,18.7,6.1,2.7,6.6,Elastomer,0.850,1,hsp_polymers_2
R ETHYLENE/PROPYLENE,,16.6,0.0,5.2,9.1,Elastomer,0.850,1,hsp_polymers_2
R FQ FL/SI,,15.9,20.1,6.9,16.8,Fluoropolymer,0.850,1,hsp_polymers_2
R FKM,,11.6,23.0,5.0,21.6,Fluoropolymer,0.850,1,hsp_polymers_2
R NR NAT RUB,,20.8,1.8,3.6,14.0,Elastomer,0.850,1,hsp_polymers_2
R NBR,,19.8,17.8,3.2,19.007248,Elastomer,0.850,1,hsp_polymers_2
R CR CHLOROPRENE,,24.6,8.6,6.4,20.4,Elastomer,0.850,1,hsp_polymers_2
R AU ESTER PU,,17.9,13.3,10.7,17.1,Polyurethane,0.850,1,hsp_polymers_2
R PEU ETHER PU,,17.9,13.3,10.7,17.1,Polyurethane,0.850,1,hsp_polymers_2
R T SULPHIDE,,25.3,17.3,6.7,23.6,Polysulfone / PES / PPS,0.850,1,hsp_polymers_2
R Q SILICONE (0.748 D ATA FIT),,13.8,5.0,1.2,14.3,Elastomer,0.850,1,hsp_polymers_2
R SBR,,17.2,6.0,4.6,9.8,Elastomer,0.850,1,hsp_polymers_2
R TFP TETFLPROP (0.744 DATA FIT),,16.6,6.8,0.6,7.9,Fluoropolymer,0.850,1,hsp_polymers_2
R ABS,,17.6,8.6,6.4,10.9,Styrenic,0.850,1,hsp_polymers_2
R CELLULOSE ACETATE,,14.9,7.1,11.1,12.4,Cellulosic Polymer,0.850,1,hsp_polymers_2
R CHLORINATED PVC,,17.5,6.5,5.5,6.3,Vinyl Polymer,0.850,1,hsp_polymers_2
R DIALLYLPHTHALATE,,22.2,12.2,8.6,15.8,Polyester & Alkyd,0.850,1,hsp_polymers_2
R POM ACETAL,,17.2,9.0,9.8,5.3,Polyacetal / PEI / PC,0.850,1,hsp_polymers_2
R PA12,,18.5,8.1,9.1,6.3,Polyamide,0.850,1,hsp_polymers_2
R PA66,,18.2,8.8,10.8,5.2,Polyamide,0.850,1,hsp_polymers_2
R POLYAMIDEIMIDE,,18.5,5.7,8.7,4.2,Polyamide,0.850,1,hsp_polymers_2
R POLYBUTYLENETEREPH,,18.0,5.6,8.4,4.5,Elastomer,0.850,1,hsp_polymers_2
R POLYCARBONATE,,19.1,10.9,5.1,12.1,Polyacetal / PEI / PC,0.850,1,hsp_polymers_2
R HDPE/LDPE,,17.5,4.3,8.3,3.9,Polyolefin,0.850,1,hsp_polymers_2
R PET,,19.1,6.3,9.1,4.8,Polyester & Alkyd,0.850,1,hsp_polymers_2
R POLYIMIDES,,24.3,19.5,22.9,21.6,Polysulfone / PES / PPS,0.850,1,hsp_polymers_2
R PMMA,,19.3,16.7,4.7,17.4,Acrylic,0.850,1,hsp_polymers_2
R TPX,,18.8,1.4,6.4,7.9,Polyolefin,0.850,1,hsp_polymers_2
R POLYPHENYLENEOXIDE,,16.9,8.9,2.7,11.7,Polyacetal / PEI / PC,0.850,1,hsp_polymers_2
R POLYSULPHONE,,19.8,11.2,6.2,11.3,Polysulfone / PES / PPS,0.850,1,hsp_polymers_2
R EPOXY COLD CURING,,16.8,10.8,8.8,8.2,Epoxy Resin,0.850,1,hsp_polymers_2
R EPOXY HOT CURING,,18.3,12.3,9.7,7.3,Epoxy Resin,0.850,1,hsp_polymers_2
R HET RESIN,,17.5,11.3,8.3,8.6,Phenolic Resin,0.850,1,hsp_polymers_2
R ISOPHTHALIC,,19.8,17.4,4.2,18.0,Polyester & Alkyd,0.850,1,hsp_polymers_2
R TEREPHTALIC,,19.8,17.4,4.2,18.0,Polyester & Alkyd,0.850,1,hsp_polymers_2
EPIKOTE 828 (60%),,16.6,14.0,2.8,14.9,Epoxy Resin,0.850,1,hsp_polymers_2
EPIKOTE 828 (30%),,16.3,16.4,1.9,16.7,Epoxy Resin,0.850,1,hsp_polymers_2
EPIKOTE 1001 (60%),,15.8,16.3,3.3,16.4,Epoxy Resin,0.850,1,hsp_polymers_2
EPIKOTE 1001 (40%),,16.3,13.1,6.3,10.9,Epoxy Resin,0.850,1,hsp_polymers_2
EPIKOTE 1001 (20%),,19.8,13.6,8.9,12.0,Epoxy Resin,0.850,1,hsp_polymers_2
EPIKOTE 1001 (10%),,18.1,11.4,9.0,9.1,Epoxy Resin,0.850,1,hsp_polymers_2
EPIKOTE 1004 (60%),,17.7,10.1,7.6,9.8,Epoxy Resin,0.850,1,hsp_polymers_2
EPIKOTE 1004 (30%),,18.5,9.3,8.0,9.6,Epoxy Resin,0.850,1,hsp_polymers_2
EPIKOTE 1007 (30%),,18.6,10.6,8.1,8.8,Epoxy Resin,0.850,1,hsp_polymers_2
EPIKOTE 1009 (60%),,17.0,9.6,8.5,7.6,Epoxy Resin,0.850,1,hsp_polymers_2
EPIKOTE 1009 (30%),,19.8,10.6,10.3,9.7,Epoxy Resin,0.850,1,hsp_polymers_2
EPIKOTE 1009 (10%),,19.0,9.1,10.7,8.0,Epoxy Resin,0.850,1,hsp_polymers_2
PIBMA (10%),,17.0,4.6,7.6,9.5,Acrylic,0.850,1,hsp_polymers_2
PIBMA (30%),,17.1,5.9,0.7,7.307248,Acrylic,0.850,1,hsp_polymers_2
PMMA (10%),,17.8,10.4,2.9,9.6,Acrylic,0.850,1,hsp_polymers_2
PMMA (30%),,17.2,7.2,3.5,4.8,Acrylic,0.850,1,hsp_polymers_2
PBMA (10%),,20.6,3.5,7.2,12.8,Acrylic,0.850,1,hsp_polymers_2
PBMA (30%),,18.1,5.7,0.0,8.5,Acrylic,0.850,1,hsp_polymers_2
PMMA (10%),,17.6,10.1,5.8,9.4,Acrylic,0.850,1,hsp_polymers_2
PMMA (30%),,17.5,5.5,3.8,4.5,Acrylic,0.850,1,hsp_polymers_2
PEMA (10%),,16.5,8.7,5.0,10.4,Acrylic,0.850,1,hsp_polymers_2
PEMA (30%),,16.9,7.8,0.5,7.3,Acrylic,0.850,1,hsp_polymers_2
CRODA AC500 THERMOSET (10%),,17.8,6.4,4.7,10.7,Acrylic,0.850,1,hsp_polymers_2
CRODA AC500 THERMOSET (30%),,21.2,1.4,10.7,12.3,Acrylic,0.850,1,hsp_polymers_2
CRODA AC550 THERMOSET (10%),,16.3,10.6,7.4,12.9,Acrylic,0.850,1,hsp_polymers_2
CRODA AC550 THERMOSET (30%),,16.3,10.6,7.4,12.9,Acrylic,0.850,1,hsp_polymers_2
LUMFLON LF200 (10%),,18.5,5.4,6.9,9.9,Fluoropolymer,0.850,1,hsp_polymers_2
LUMFLON LF200 (30%),,20.1,4.4,3.2,8.5,Fluoropolymer,0.850,1,hsp_polymers_2
LUMFLON LF916 (10%),,17.5,6.8,10.5,12.5,Fluoropolymer,0.850,1,hsp_polymers_2
LUMFLON LF916 (30%),,18.1,3.9,8.3,8.8,Fluoropolymer,0.850,1,hsp_polymers_2
PLASTOKYD S27 (30%),,20.1,5.7,5.3,20.0,Polyester & Alkyd,0.850,1,hsp_polymers_2
PLASTOKYD SC140 (30%),,25.2,9.2,3.7,20.0,Polyester & Alkyd,0.850,1,hsp_polymers_2
PLASTOKYD SC400 (30%),,23.7,0.5,10.3,20.0,Polyester & Alkyd,0.850,1,hsp_polymers_2
PLASTOKYD AC4X (30%),,23.9,7.8,8.8,19.9,Polyester & Alkyd,0.850,1,hsp_polymers_2
ALLOPRENE R10 (10%),,19.5,9.2,6.9,7.5,Elastomer,0.850,1,hsp_polymers_2
ALLOPRENE R10 (30%),,17.9,5.6,6.7,5.8,Elastomer,0.850,1,hsp_polymers_2
ALLOPRENE R10 (60%),,19.6,6.5,5.8,9.1,Elastomer,0.850,1,hsp_polymers_2
HYPALON 20 (30%),,20.3,3.2,0.7,11.3,Elastomer,0.850,1,hsp_polymers_2
POLYISOPRENE SW,,17.0,4.0,4.0,7.3,Elastomer,0.850,1,hsp_polymers_2
BROMOBUTYL RUBBER S,,17.6,1.7,2.0,6.0,Elastomer,0.850,1,hsp_polymers_2
BROMOBUTYL RUBBER L,,17.0,3.4,2.0,6.0,Elastomer,0.850,1,hsp_polymers_2
NEOPRENE CR,,18.1,4.3,6.7,8.9,Elastomer,0.850,1,hsp_polymers_2
HYTREL,,24.2,14.6,13.2,18.8,Elastomer,0.850,1,hsp_polymers_2
HYTREL,,26.4,18.8,7.4,26.3,Elastomer,0.850,1,hsp_polymers_2
HYPALON,,18.4,3.6,6.4,9.0,Elastomer,0.850,1,hsp_polymers_2
HYPALON,,18.4,5.6,6.0,9.4,Elastomer,0.850,1,hsp_polymers_2
EV A 4055 SOL,,17.7,3.5,3.7,4.707248,Vinyl Polymer,0.850,1,hsp_polymers_2
TOPAS 6013 SOL,,18.0,3.0,2.0,5.0,Polyolefin,0.850,1,hsp_polymers_2
CZ RESIN SOL,,18.0,1.0,3.0,4.0,Natural & Petroleum Resin,0.850,1,hsp_polymers_2
KAURI GUM,,18.7,8.1,13.0,8.2,Natural & Petroleum Resin,0.850,1,hsp_polymers_2
POLYVINYLPYRROLIDONE,,21.4,11.6,21.6,17.3,Vinyl Polymer,0.850,1,hsp_polymers_2
PALM OIL,,17.7,3.5,3.7,4.7,Biological & Other,0.850,1,hsp_polymers_2
BETHOXAZIN,163269-30-5,22.4,7.6,10.8,13.9,Phenolic Resin,0.850,1,hsp_polymers_2
CARBON-60,,19.7,2.9,2.7,3.97248,Biological & Other,0.850,1,hsp_polymers_2
