Name,name_clean,name_type,name_iupac,name_synonyms,CAS,cas_final,cas_valid,cas_source,pubchem_cid,inchikey,smiles_canonical,smiles_isomeric,smiles_valid,mol_formula,mw,dD,dP,dH,R0,bp_c,mp_c,density_g_ml,flash_point_c,vapor_pressure_mmhg,dielectric_constant,xlogp,hbd_count,hba_count,ghs_hazard_statements,ghs_pictograms,ghs_signal_word,ich_q3c_class,ich_q3c_pde_mg_day,flag_carcinogen,flag_reproductive_toxin,flag_flammable,flag_acutely_toxic,hsp_flag_dd_low,hsp_flag_dd_high,hsp_flag_dp_negative,hsp_flag_dh_negative,hsp_flag_r_large,hsp_flag_nonpolar_check,cf_kingdom,cf_superclass,cf_class,cf_subclass,cf_direct_parent,cf_alternative_parents,cf_classification_type,confidence_score,confidence_label,score_cas,score_name_match,score_pubchem,score_smiles,score_crossref,score_properties,verify_inchikey_mismatch,verify_cas_conflict,verify_name_inconsistency,verify_formula_mismatch,verify_hsp_outlier,verify_classyfire_consistent,url_primary,url_source,source_uncertainty,already_in_database,lookup_failed,needs_manual_review,duplicate,processing_notes
"1,1,1,2-Tetrachloroethane","1,1,1,2-Tetrachloroethane",systematic_chemical,"1,1,1,2-tetrachloroethane",,630-20-6,630-20-6,True,original,12418.0,QVLAWKAXOMEXPM-UHFFFAOYSA-N,ClCC(Cl)(Cl)Cl,,True,C2H2Cl4,167.8,18.0,4.4,4.2,,130.6,,,,,,2.7,0.0,0.0,H302; H310; H318; H319; H331; H332; H351; H412; H320; H335; H341; H373; H402,Corrosive; Acute Toxic; Irritant; Health Hazard,Danger,Not listed,,True,False,False,True,False,False,False,False,False,False,Organic compounds,Organohalogen compounds,Organochlorides,,Organochlorides,Hydrocarbon derivatives; Alkyl chlorides,full_molecule,0.988,HIGH,1.0,1.0,1.0,1.0,1.0,0.75,False,False,False,False,False,True,https://pubchem.ncbi.nlm.nih.gov/compound/12418,pubchem,False,False,False,False,False,[SMILES] SMILES from CIR fallback.
"1,1,1-Trichloroethane","1,1,1-Trichloroethane",systematic_chemical,"1,1,1-trichloroethane",,71-55-6,71-55-6,True,original,6278.0,UOCLXMDMGBRAIB-UHFFFAOYSA-N,CC(Cl)(Cl)Cl,,True,C2H3Cl3,133.40,16.8,4.3,2.0,,,,,,,,2.4,0.0,0.0,H332; H420; H225; H315; H319; H290; H320; H336; H350; H360; H370; H372; H400; H410; H335; H351; H361; H373,Irritant; Flammable; Corrosive; Health Hazard; Environmental Hazard,Warning,1,,True,True,True,False,False,False,False,False,False,False,Organic compounds,Organohalogen compounds,Organochlorides,,Organochlorides,Hydrocarbon derivatives; Alkyl chlorides,full_molecule,0.975,HIGH,1.0,1.0,1.0,1.0,1.0,0.5,False,False,False,False,False,True,https://pubchem.ncbi.nlm.nih.gov/compound/6278,pubchem,False,False,False,False,False,[SMILES] SMILES from CIR fallback.
"1,1,1-Trifluoroethane","1,1,1-Trifluoroethane",systematic_chemical,"1,1,1-trifluoroethane",,420-46-2,420-46-2,True,original,9868.0,UJPMYEOUBPIPHQ-UHFFFAOYSA-N,CC(F)(F)F,,True,C2H3F3,84.04,14.6,10.0,0.0,,-46.7,,,,,,1.7,0.0,3.0,H220; H224; H280; H420,Flammable; Compressed Gas; Irritant,Danger,Not listed,,False,False,True,False,False,False,False,False,False,False,Organic compounds,Organohalogen compounds,Organofluorides,,Organofluorides,Hydrofluorocarbons; Hydrocarbon derivatives; Alkyl fluorides,full_molecule,0.988,HIGH,1.0,1.0,1.0,1.0,1.0,0.75,False,False,False,False,False,True,https://pubchem.ncbi.nlm.nih.gov/compound/9868,pubchem,False,False,False,False,False,[SMILES] SMILES from CIR fallback.
"1,1,2,2-Tetrabromoethane","1,1,2,2-Tetrabromoethane",systematic_chemical,"1,1,2,2-tetrabromoethane",,79-27-6,79-27-6,True,original,6588.0,QXSZNDIIPUOQMB-UHFFFAOYSA-N,BrC(Br)C(Br)Br,,True,C2H2Br4,345.65,21.0,7.0,8.2,,243.6,-0.9,,,,,3.6,0.0,0.0,H319; H330; H412; H302; H315; H331; H335; H370; H372; H373; H320; H371,Acute Toxic; Irritant; Health Hazard,Danger,Not listed,,False,False,False,True,False,False,False,False,False,False,Organic compounds,Organohalogen compounds,Organobromides,,Organobromides,Hydrocarbon derivatives; Alkyl bromides,full_molecule,1.0,HIGH,1.0,1.0,1.0,1.0,1.0,1.0,False,False,False,False,False,True,https://pubchem.ncbi.nlm.nih.gov/compound/6588,pubchem,False,False,False,False,False,[SMILES] SMILES from CIR fallback.
"1,1,2,2-Tetrachloroethane","1,1,2,2-Tetrachloroethane",systematic_chemical,"1,1,2,2-tetrachloroethane",,79-34-5,79-34-5,True,original,6591.0,QPFMBZIOSGYJDE-UHFFFAOYSA-N,ClC(Cl)C(Cl)Cl,,True,C2H2Cl4,167.8,18.8,5.1,5.3,,,-43.4,,,,,2.4,0.0,0.0,H310; H330; H411; H302; H350; H315; H319; H331; H335; H336; H341; H351; H370; H372; H227; H301; H401,Acute Toxic; Environmental Hazard; Irritant; Health Hazard,Danger,1,,True,False,False,True,False,False,False,False,False,False,Organic compounds,Organohalogen compounds,Organochlorides,,Organochlorides,Hydrocarbon derivatives; Alkyl chlorides,full_molecule,0.988,HIGH,1.0,1.0,1.0,1.0,1.0,0.75,False,False,False,False,False,True,https://pubchem.ncbi.nlm.nih.gov/compound/6591,pubchem,False,False,False,False,False,[SMILES] SMILES from CIR fallback.
"1,1,2,2-Tetrachloropropane","1,1,2,2-Tetrachloropropane",systematic_chemical,"1,1,2,2-tetrachloropropane",,13116-60-4,13116-60-4,True,original,83154.0,MDCBRXYTSHYYJE-UHFFFAOYSA-N,CC(Cl)(Cl)C(Cl)Cl,,True,C3H4Cl4,181.9,17.9,6.7,3.3,,153.0,,,,,,3.1,0.0,0.0,,,,Not listed,,False,False,False,False,False,False,False,False,False,False,Organic compounds,Organohalogen compounds,Organochlorides,,Organochlorides,Hydrocarbon derivatives; Alkyl chlorides,full_molecule,0.988,HIGH,1.0,1.0,1.0,1.0,1.0,0.75,False,False,False,False,False,True,https://pubchem.ncbi.nlm.nih.gov/compound/83154,pubchem,False,False,False,False,False,[SMILES] SMILES from CIR fallback.
"1,1,2-Tribromo Ethylene","1,1,2-Tribromo Ethylene",systematic_chemical,"1,1,2-tribromoethene",,598-16-3,598-16-3,True,original,11712.0,OZVJKTHTULCNHB-UHFFFAOYSA-N,BrC=C(Br)Br,,True,C2HBr3,264.74,18.3,9.4,8.0,,164.1,,,,,,3.2,0.0,0.0,H302; H312; H315; H319; H332; H335,Irritant,Warning,Not listed,,False,False,False,False,False,False,False,False,False,False,Organic compounds,Organohalogen compounds,Vinyl halides,Vinyl bromides,Vinyl bromides,Bromoalkenes; Organobromides; Hydrocarbon derivatives,full_molecule,0.958,HIGH,1.0,0.85,1.0,1.0,1.0,0.75,False,False,False,False,False,True,https://pubchem.ncbi.nlm.nih.gov/compound/11712,pubchem,False,False,False,False,False,[SMILES] SMILES from CIR fallback.
"1,1,2-Trichloro Propene","1,1,2-Trichloro Propene",systematic_chemical,"1,1,2-trichloroprop-1-ene",,21400-25-9,21400-25-9,True,original,30616.0,LIPPKMMVZOHCIF-UHFFFAOYSA-N,CC(Cl)=C(Cl)Cl,,True,C3H3Cl3,145.41,17.7,15.7,3.4,,,,,,,,3.0,0.0,0.0,,,,Not listed,,False,False,False,False,False,False,False,False,False,False,Organic compounds,Organohalogen compounds,Vinyl halides,Vinyl chlorides,Vinyl chlorides,Chloroalkenes; Organochlorides; Hydrocarbon derivatives,full_molecule,0.945,HIGH,1.0,0.85,1.0,1.0,1.0,0.5,False,False,False,False,False,True,https://pubchem.ncbi.nlm.nih.gov/compound/30616,pubchem,False,False,False,False,False,[SMILES] SMILES from CIR fallback.
"1,1,2-Trichloroethane","1,1,2-Trichloroethane",systematic_chemical,"1,1,2-trichloroethane",,79-00-5,79-00-5,True,original,6574.0,UBOXGVDOUJQMTN-UHFFFAOYSA-N,ClCC(Cl)Cl,,True,C2H3Cl3,133.40,18.2,5.3,6.8,,,-36.5,,,,,1.9,0.0,0.0,H302; H312; H332; H351; H331; H412; H315; H320; H335; H336; H370; H372; H402; H373,Irritant; Health Hazard; Acute Toxic,Warning,1,,True,False,False,True,False,False,False,False,False,False,Organic compounds,Organohalogen compounds,Organochlorides,,Organochlorides,Hydrocarbon derivatives; Alkyl chlorides,full_molecule,0.988,HIGH,1.0,1.0,1.0,1.0,1.0,0.75,False,False,False,False,False,True,https://pubchem.ncbi.nlm.nih.gov/compound/6574,pubchem,False,False,False,False,False,[SMILES] SMILES from CIR fallback.
"1,1,2-Trichlorotrifluoroethane (Freon113)","1,1,2-Trichlorotrifluoroethane",systematic_chemical,"1,1,2-trichloro-1,2,2-trifluoroethane",Freon113,76-13-1,76-13-1,True,original,6428.0,AJDIZQLSFPQPEY-UHFFFAOYSA-N,FC(F)(Cl)C(F)(Cl)Cl,,True,C2Cl3F3,187.37,14.7,1.6,0.0,,47.8,,,,,,3.2,0.0,3.0,H319; H411; H420; H320; H336; H370; H401; H412; H335; H372; H316,Irritant; Environmental Hazard; Health Hazard,Warning,Not listed,,False,False,False,False,False,False,False,False,False,False,Organic compounds,Organohalogen compounds,Alkyl halides,Alkyl chlorides,Chlorofluorocarbons,Organofluorides; Organochlorides; Hydrocarbon derivatives; Alkyl fluorides,full_molecule,0.958,HIGH,1.0,0.85,1.0,1.0,1.0,0.75,False,False,False,False,False,True,https://pubchem.ncbi.nlm.nih.gov/compound/6428,pubchem,False,False,False,False,False,[SMILES] SMILES from CIR fallback.
"1,1,3,3-Tetramethoxypropane","1,1,3,3-Tetramethoxypropane",trivial_name,"1,1,3,3-tetramethoxypropane",,102-52-3,102-52-3,True,original,66019.0,XHTYQFMRBQUCPX-UHFFFAOYSA-N,COC(CC(OC)OC)OC,,True,C7H16O4,164.20,15.0,7.1,6.8,,183.1,,,,,,0.3,0.0,4.0,H226; H315,Flammable; Irritant,Warning,Not listed,,False,False,True,False,False,False,False,False,False,False,Organic compounds,Organic oxygen compounds,Organooxygen compounds,Ethers,Acetals,Hydrocarbon derivatives,full_molecule,0.988,HIGH,1.0,1.0,1.0,1.0,1.0,0.75,False,False,False,False,False,True,https://pubchem.ncbi.nlm.nih.gov/compound/66019,pubchem,False,False,False,False,False,[SMILES] SMILES from CIR fallback.
"1,1-Diallyloxyethane","1,1-Diallyloxyethane",trivial_name,3-(1-prop-2-enoxyethoxy)prop-1-ene,,20682-69-3,20682-69-3,True,original,225379.0,XFJWHICSGRNOKN-UHFFFAOYSA-N,CC(OCC=C)OCC=C,,True,C8H14O2,142.20,15.4,5.1,4.8,,,,,,,,1.7,0.0,2.0,,,,Not listed,,False,False,False,False,False,False,False,False,False,False,Organic compounds,Organic oxygen compounds,Organooxygen compounds,Ethers,Acetals,Hydrocarbon derivatives,full_molecule,0.945,HIGH,1.0,0.85,1.0,1.0,1.0,0.5,False,False,False,False,False,True,https://pubchem.ncbi.nlm.nih.gov/compound/225379,pubchem,False,False,False,False,False,[SMILES] SMILES from CIR fallback.
"1,1-Dibromoethane","1,1-Dibromoethane",systematic_chemical,"1,1-dibromoethane",,557-91-5,557-91-5,True,original,11201.0,APQIUTYORBAGEZ-UHFFFAOYSA-N,CC(Br)Br,,True,C2H4Br2,187.86,18.5,8.4,8.8,,109.5,,,,,,2.3,0.0,0.0,H301; H302; H311; H312; H315; H319; H331; H332; H335; H351,Acute Toxic; Irritant; Health Hazard,Danger,Not listed,,True,False,False,True,False,False,False,False,False,False,Organic compounds,Organohalogen compounds,Organobromides,,Organobromides,Hydrocarbon derivatives; Alkyl bromides,full_molecule,0.988,HIGH,1.0,1.0,1.0,1.0,1.0,0.75,False,False,False,False,False,True,https://pubchem.ncbi.nlm.nih.gov/compound/11201,pubchem,False,False,False,False,False,[SMILES] SMILES from CIR fallback.
"1,1-Dibromoethylene","1,1-Dibromoethylene",systematic_chemical,"1,1-dibromoethene",,593-92-0,593-92-0,True,original,11652.0,IWHJPYXAFGKABF-UHFFFAOYSA-N,BrC(Br)=C,,True,C2H2Br2,185.85,16.2,4.8,7.0,,92.1,,,,,,2.4,0.0,0.0,,,,Not listed,,False,False,False,False,False,False,False,False,False,False,Organic compounds,Organic oxygen compounds,Organooxygen compounds,Ketene acetals,Ketene acetals,Vinyl bromides; Bromoalkenes; Organobromides; Hydrocarbon derivatives,full_molecule,0.958,HIGH,1.0,0.85,1.0,1.0,1.0,0.75,False,False,False,False,False,True,https://pubchem.ncbi.nlm.nih.gov/compound/11652,pubchem,False,False,False,False,False,[SMILES] SMILES from CIR fallback.
"1,1-Dichloro-1-Nitroethane","1,1-Dichloro-1-Nitroethane",systematic_chemical,"1,1-dichloro-1-nitroethane",,594-72-9,594-72-9,True,original,11674.0,OQOGEOLRYAOSKO-UHFFFAOYSA-N,CC(Cl)(Cl)[N+]([O-])=O,,True,C2H3Cl2NO2,143.95,16.8,12.1,4.3,,123.6,,,,,,1.6,0.0,2.0,H301; H311; H331; H226; H302; H315; H370,Acute Toxic; Flammable; Irritant; Health Hazard,Danger,Not listed,,False,False,True,True,False,False,False,False,False,False,Organic compounds,"Organic 1,3-dipolar compounds","Allyl-type 1,3-dipolar organic compounds",Organic nitro compounds,C-nitro compounds,"Propargyl-type 1,3-dipolar organic compounds; Organic oxoazanium compounds; Organopnictogen compounds; Organonitrogen compounds; Organochlorides; Organic oxides; Hydrocarbon derivatives; Alkyl chlorides",full_molecule,0.988,HIGH,1.0,1.0,1.0,1.0,1.0,0.75,False,False,False,False,False,True,https://pubchem.ncbi.nlm.nih.gov/compound/11674,pubchem,False,False,False,False,False,[SMILES] SMILES from CIR fallback.
"1,1-Dichloroacetone","1,1-Dichloroacetone",systematic_chemical,"1,1-dichloropropan-2-one",,513-88-2,513-88-2,True,original,10567.0,CSVFWMMPUJDVKH-UHFFFAOYSA-N,CC(=O)C(Cl)Cl,,True,C3H4Cl2O,126.97,17.1,7.6,5.4,,120.1,,,,,,1.3,0.0,1.0,H226; H301; H302; H314; H318; H319; H400; H410,Flammable; Corrosive; Acute Toxic; Irritant; Environmental Hazard,Danger,Not listed,,False,False,True,True,False,False,False,False,False,False,Organic compounds,Organic oxygen compounds,Organooxygen compounds,Carbonyl compounds,Alpha-chloroketones,Organochlorides; Organic oxides; Hydrocarbon derivatives; Alkyl chlorides,full_molecule,0.958,HIGH,1.0,0.85,1.0,1.0,1.0,0.75,False,False,False,False,False,True,https://pubchem.ncbi.nlm.nih.gov/compound/10567,pubchem,False,False,False,False,False,[SMILES] SMILES from CIR fallback.
"1,1-Dichloroethane","1,1-Dichloroethane",systematic_chemical,"1,1-dichloroethane",,75-34-3,75-34-3,True,original,6365.0,SCYULBFZEHDVBN-UHFFFAOYSA-N,CC(Cl)Cl,,True,C2H4Cl2,98.96,16.5,7.8,3.0,,,-96.6,,,,,1.9,0.0,0.0,H225; H302; H319; H335; H412; H332; H315; H336; H341; H370; H402; H411; H333; H373,Flammable; Irritant; Health Hazard; Environmental Hazard,Danger,Not listed,,False,False,True,False,False,False,False,False,False,False,Organic compounds,Organohalogen compounds,Organochlorides,,Organochlorides,Hydrocarbon derivatives; Alkyl chlorides,full_molecule,0.988,HIGH,1.0,1.0,1.0,1.0,1.0,0.75,False,False,False,False,False,True,https://pubchem.ncbi.nlm.nih.gov/compound/6365,pubchem,False,False,False,False,False,[SMILES] SMILES from CIR fallback.
"1,1-Dichloroethylene","1,1-Dichloroethylene",systematic_chemical,"1,1-dichloroethene",,75-35-4,75-35-4,True,original,6366.0,LGXVIGDEPROXKC-UHFFFAOYSA-N,ClC(Cl)=C,,True,C2H2Cl2,96.94,16.4,5.2,2.4,,31.4,,,,,,2.3,0.0,0.0,H224; H332; H351; H302; H319; H372; H412; H341; H350; H401; H336; H361; H370; H305; H331; H373; H301; H315,Flammable; Irritant; Health Hazard; Acute Toxic,Danger,1,,True,True,True,True,False,False,False,False,False,False,Organic compounds,Organic oxygen compounds,Organooxygen compounds,Ketene acetals,Ketene acetals,Vinyl chlorides; Chloroalkenes; Organochlorides; Hydrocarbon derivatives,full_molecule,0.958,HIGH,1.0,0.85,1.0,1.0,1.0,0.75,False,False,False,False,False,True,https://pubchem.ncbi.nlm.nih.gov/compound/6366,pubchem,False,False,False,False,False,[SMILES] SMILES from CIR fallback.
"1,1-Dichloropropane","1,1-Dichloropropane",systematic_chemical,"1,1-dichloropropane",,78-99-9,78-99-9,True,original,6573.0,WIHMGGWNMISDNJ-UHFFFAOYSA-N,CCC(Cl)Cl,,True,C3H6Cl2,112.98,16.1,7.8,3.5,,88.1,,,,,,2.5,0.0,0.0,H225; H315; H319; H332; H335; H351; H402; H412,Flammable; Irritant; Health Hazard,Danger,Not listed,,True,False,True,False,False,False,False,False,False,False,Organic compounds,Organohalogen compounds,Organochlorides,,Organochlorides,Hydrocarbon derivatives; Alkyl chlorides,full_molecule,0.988,HIGH,1.0,1.0,1.0,1.0,1.0,0.75,False,False,False,False,False,True,https://pubchem.ncbi.nlm.nih.gov/compound/6573,pubchem,False,False,False,False,False,[SMILES] SMILES from CIR fallback.
"1,1-Dichloropropene","1,1-Dichloropropene",systematic_chemical,"1,1-dichloroprop-1-ene",,563-58-6,563-58-6,True,original,11245.0,ZAIDIVBQUMFXEC-UHFFFAOYSA-N,CC=C(Cl)Cl,,True,C3H4Cl2,110.97,16.9,6.7,2.9,,76.6,,,,,,2.6,0.0,0.0,H225; H301; H412,Flammable; Acute Toxic,Danger,Not listed,,False,False,True,True,False,False,False,False,False,False,Organic compounds,Organic oxygen compounds,Organooxygen compounds,Ketene acetals,Ketene acetals,Vinyl chlorides; Chloroalkenes; Organochlorides; Hydrocarbon derivatives,full_molecule,0.958,HIGH,1.0,0.85,1.0,1.0,1.0,0.75,False,False,False,False,False,True,https://pubchem.ncbi.nlm.nih.gov/compound/11245,pubchem,False,False,False,False,False,[SMILES] SMILES from CIR fallback.
"1,1-Diethoxy Butane","1,1-Diethoxy Butane",trivial_name,"1,1-diethoxybutane",,3658-95-5,3658-95-5,True,original,77225.0,UVHXZFGCCJLFMX-UHFFFAOYSA-N,CCCC(OCC)OCC,,True,C8H18O2,146.23,15.4,4.9,4.6,,143.1,,,,,,2.1,0.0,2.0,H225; H226; H315; H317; H319,Flammable; Irritant,Danger,Not listed,,False,False,True,False,False,False,False,False,False,False,Organic compounds,Organic oxygen compounds,Organooxygen compounds,Ethers,Acetals,Hydrocarbon derivatives,full_molecule,0.958,HIGH,1.0,0.85,1.0,1.0,1.0,0.75,False,False,False,False,False,True,https://pubchem.ncbi.nlm.nih.gov/compound/77225,pubchem,False,False,False,False,False,[SMILES] SMILES from CIR fallback.
"1,1-Diethoxy Ethane","1,1-Diethoxy Ethane",trivial_name,"1,1-diethoxyethane",,105-57-7,105-57-7,True,original,7765.0,DHKHKXVYLBGOIT-UHFFFAOYSA-N,CCOC(C)OCC,,True,C6H14O2,118.17,15.0,3.4,4.0,,,,,,,,0.8,0.0,2.0,H225; H315; H319; H318; H320; H335; H336,Flammable; Irritant; Corrosive,Danger,Not listed,,False,False,True,False,False,False,False,False,False,False,Organic compounds,Organic oxygen compounds,Organooxygen compounds,Ethers,Acetals,Hydrocarbon derivatives,full_molecule,0.945,HIGH,1.0,0.85,1.0,1.0,1.0,0.5,False,False,False,False,False,True,https://pubchem.ncbi.nlm.nih.gov/compound/7765,pubchem,False,False,False,False,False,[SMILES] SMILES from CIR fallback.
"1,1-Difluoroethane","1,1-Difluoroethane",systematic_chemical,"1,1-difluoroethane",,75-37-6,75-37-6,True,original,6368.0,NPNPZTNLOVBDOC-UHFFFAOYSA-N,CC(F)F,,True,C2H4F2,66.05,14.9,9.3,2.9,,-24.7,,,,,,1.4,0.0,2.0,H220; H280; H336,Flammable; Compressed Gas; Irritant,Danger,Not listed,,False,False,False,False,False,False,False,False,False,False,Organic compounds,Organohalogen compounds,Organofluorides,,Organofluorides,Hydrofluorocarbons; Hydrocarbon derivatives; Alkyl fluorides,full_molecule,0.988,HIGH,1.0,1.0,1.0,1.0,1.0,0.75,False,False,False,False,False,True,https://pubchem.ncbi.nlm.nih.gov/compound/6368,pubchem,False,False,False,False,False,[SMILES] SMILES from CIR fallback.
"1,1-Difluoroethylene","1,1-Difluoroethylene",systematic_chemical,"1,1-difluoroethene",,75-38-7,75-38-7,True,original,6369.0,BQCIDUSAKPWEOX-UHFFFAOYSA-N,FC(F)=C,,True,C2H2F2,64.03,15.0,5.7,3.6,,-82.9,,,,,,1.3,0.0,2.0,H220; H230; H280; H340; H350; H336,Flammable; Compressed Gas; Health Hazard; Irritant,Danger,Not listed,,True,False,False,False,False,False,False,False,False,False,Organic compounds,Organic oxygen compounds,Organooxygen compounds,Ketene acetals,Ketene acetals,Vinyl fluorides; Fluoroalkenes; Organofluorides; Hydrofluorocarbons; Hydrocarbon derivatives,full_molecule,0.958,HIGH,1.0,0.85,1.0,1.0,1.0,0.75,False,False,False,False,False,True,https://pubchem.ncbi.nlm.nih.gov/compound/6369,pubchem,False,False,False,False,False,[SMILES] SMILES from CIR fallback.
"1,1-Dimethoxy Ethane","1,1-Dimethoxy Ethane",trivial_name,"1,1-dimethoxyethane",,534-15-6,534-15-6,True,original,10795.0,SPEUIVXLLWOEMJ-UHFFFAOYSA-N,COC(C)OC,,True,C4H10O2,90.12,15.1,4.9,4.9,,62.9,,,,,,0.5,0.0,2.0,H225,Flammable,Danger,Not listed,,False,False,True,False,False,False,False,False,False,False,Organic compounds,Organic oxygen compounds,Organooxygen compounds,Ethers,Acetals,Hydrocarbon derivatives,full_molecule,0.958,HIGH,1.0,0.85,1.0,1.0,1.0,0.75,False,False,False,False,False,True,https://pubchem.ncbi.nlm.nih.gov/compound/10795,pubchem,False,False,False,False,False,[SMILES] SMILES from CIR fallback.
"1,1-Dimethyl Hydrazine","1,1-Dimethyl Hydrazine",systematic_chemical,"1,1-dimethylhydrazine",,57-14-7,57-14-7,True,original,5976.0,RHUYHJGZWVXEHW-UHFFFAOYSA-N,CN(C)N,,True,C2H8N2,60.10,15.3,5.9,11.0,,64.0,-57.1,,,,,-0.5,1.0,2.0,H225; H301; H314; H331; H350; H411; H311; H335; H317; H312; H315; H319; H330; H341; H351; H370; H372; H340; H361,Flammable; Corrosive; Acute Toxic; Health Hazard; Environmental Hazard; Irritant,Danger,Not listed,,True,True,True,True,False,False,False,False,False,False,Organic compounds,Organic nitrogen compounds,Organonitrogen compounds,Hydrazines and derivatives,Alkylhydrazines,Organopnictogen compounds; Hydrocarbon derivatives,full_molecule,0.97,HIGH,1.0,0.85,1.0,1.0,1.0,1.0,False,False,False,False,False,True,https://pubchem.ncbi.nlm.nih.gov/compound/5976,pubchem,False,False,False,False,False,[SMILES] SMILES from CIR fallback.
"1,2,3,4-Tetramethylbenzene","1,2,3,4-Tetramethylbenzene",systematic_chemical,"1,2,3,4-tetramethylbenzene",,488-23-3,488-23-3,True,original,10263.0,UOHMMEJUHBCKEE-UHFFFAOYSA-N,Cc1ccc(C)c(C)c1C,,True,C10H14,134.22,18.8,0.5,0.5,,,-6.4,,,,,4.0,0.0,0.0,H315; H319; H335,Irritant,Warning,Not listed,,False,False,False,False,False,False,False,False,False,True,Organic compounds,Benzenoids,Benzene and substituted derivatives,,Benzene and substituted derivatives,Aromatic hydrocarbons; Unsaturated hydrocarbons,full_molecule,0.988,HIGH,1.0,1.0,1.0,1.0,1.0,0.75,False,False,False,False,False,True,https://pubchem.ncbi.nlm.nih.gov/compound/10263,pubchem,False,False,False,False,False,[SMILES] SMILES from CIR fallback.
"1,2,3,5-Tetramethylbenzene","1,2,3,5-Tetramethylbenzene",systematic_chemical,"1,2,3,5-tetramethylbenzene",,527-53-7,527-53-7,True,original,10695.0,BFIMMTCNYPIMRN-UHFFFAOYSA-N,Cc1cc(C)c(C)c(C)c1,,True,C10H14,134.22,18.6,0.5,0.5,,,,,,,,4.0,0.0,0.0,H315; H319,Irritant,Warning,Not listed,,False,False,False,False,False,False,False,False,False,True,Organic compounds,Benzenoids,Benzene and substituted derivatives,,Benzene and substituted derivatives,Aromatic hydrocarbons; Unsaturated hydrocarbons,full_molecule,0.975,HIGH,1.0,1.0,1.0,1.0,1.0,0.5,False,False,False,False,False,True,https://pubchem.ncbi.nlm.nih.gov/compound/10695,pubchem,False,False,False,False,False,[SMILES] SMILES from CIR fallback.
"1,2,3-Benzotriazole","1,2,3-Benzotriazole",trivial_name,2H-benzotriazole,,95-14-7,95-14-7,True,original,7220.0,QRUDEWIWKLJBPS-UHFFFAOYSA-N,[nH]1nnc2ccccc12,,True,C6H5N3,119.12,18.7,15.6,12.4,,,,,,,,1.0,1.0,2.0,H411; H302; H319; H332; H412; H336; H371; H402,Environmental Hazard; Irritant; Health Hazard,Warning,Not listed,,False,False,False,False,False,False,False,False,False,False,Organic compounds,Organoheterocyclic compounds,Benzotriazoles,,Benzotriazoles,Benzenoids; Triazoles; Heteroaromatic compounds; Azacyclic compounds; Organopnictogen compounds; Organonitrogen compounds; Hydrocarbon derivatives,full_molecule,0.945,HIGH,1.0,0.85,1.0,1.0,1.0,0.5,False,False,False,False,False,True,https://pubchem.ncbi.nlm.nih.gov/compound/7220,pubchem,False,False,False,False,False,[SMILES] SMILES from CIR fallback.
"1,2,3-Triazole","1,2,3-Triazole",trivial_name,2H-triazole,,288-36-8,288-36-8,True,original,67516.0,QWENRTYMTSOGBR-UHFFFAOYSA-N,[nH]1ccnn1,,True,C2H3N3,69.07,20.7,8.8,15.0,,,,,,,,-0.3,1.0,2.0,H315; H319; H335,Irritant,Warning,Not listed,,False,False,False,False,False,False,False,False,False,False,Organic compounds,Organoheterocyclic compounds,Azoles,Triazoles,Triazoles,Heteroaromatic compounds; Azacyclic compounds; Organopnictogen compounds; Organonitrogen compounds; Hydrocarbon derivatives,full_molecule,0.945,HIGH,1.0,0.85,1.0,1.0,1.0,0.5,False,False,False,False,False,True,https://pubchem.ncbi.nlm.nih.gov/compound/67516,pubchem,False,False,False,False,False,[SMILES] SMILES from CIR fallback.
"1,2,3-Trichloro Propene","1,2,3-Trichloro Propene",systematic_chemical,"1,2,3-trichloroprop-1-ene",,96-19-5,96-19-5,True,original,7286.0,HIILBTHBHCLUER-UHFFFAOYSA-N,ClCC(Cl)=CCl,,True,C3H3Cl3,145.41,17.8,7.8,3.4,,,,,,,,2.2,0.0,0.0,H227; H301; H302; H311; H315; H319; H330; H331; H335,Acute Toxic; Irritant,Danger,Not listed,,False,False,False,True,False,False,False,False,False,False,Organic compounds,Organohalogen compounds,Vinyl halides,Vinyl chlorides,Vinyl chlorides,Chloroalkenes; Organochlorides; Hydrocarbon derivatives; Alkyl chlorides,full_molecule,0.945,HIGH,1.0,0.85,1.0,1.0,1.0,0.5,False,False,False,False,False,True,https://pubchem.ncbi.nlm.nih.gov/compound/7286,pubchem,False,False,False,False,False,[SMILES] SMILES from CIR fallback.
"1,2,3-Trichloropropane","1,2,3-Trichloropropane",systematic_chemical,"1,2,3-trichloropropane",,96-18-4,96-18-4,True,original,7285.0,CFXQEHVMCRXUSD-UHFFFAOYSA-N,ClCC(Cl)CCl,,True,C3H5Cl3,147.43,17.8,12.3,3.4,,,-13.8,,,,,1.8,0.0,0.0,H302; H312; H332; H350; H360; H301; H311; H319; H331; H341; H372; H373; H411; H227; H330; H335; H370; H401; H336; H371,Irritant; Health Hazard; Acute Toxic; Environmental Hazard,Danger,Not listed,,True,True,False,True,False,False,False,False,False,False,Organic compounds,Organohalogen compounds,Organochlorides,,Organochlorides,Hydrocarbon derivatives; Alkyl chlorides,full_molecule,0.988,HIGH,1.0,1.0,1.0,1.0,1.0,0.75,False,False,False,False,False,True,https://pubchem.ncbi.nlm.nih.gov/compound/7285,pubchem,False,False,False,False,False,[SMILES] SMILES from CIR fallback.
"1,2,4,5-Tetrachlorobenzene","1,2,4,5-Tetrachlorobenzene",systematic_chemical,"1,2,4,5-tetrachlorobenzene",,95-94-3,95-94-3,True,original,7270.0,JHBKHLUZVFWLAG-UHFFFAOYSA-N,Clc1cc(Cl)c(Cl)cc1Cl,,True,C6H2Cl4,215.9,21.2,10.7,3.4,,243.1,139.1,,,,,4.6,0.0,0.0,H302; H315; H319; H335; H400; H410; H336; H361; H362; H372; H373,Irritant; Environmental Hazard; Health Hazard,Warning,Not listed,,False,True,False,False,False,False,False,False,False,False,Organic compounds,Benzenoids,Benzene and substituted derivatives,Halobenzenes,Chlorobenzenes,Aryl chlorides; Organochlorides; Hydrocarbon derivatives,full_molecule,1.0,HIGH,1.0,1.0,1.0,1.0,1.0,1.0,False,False,False,False,False,True,https://pubchem.ncbi.nlm.nih.gov/compound/7270,pubchem,False,False,False,False,False,[SMILES] SMILES from CIR fallback.
"1,2,4-Trichlorobenzene","1,2,4-Trichlorobenzene",systematic_chemical,"1,2,4-trichlorobenzene",,120-82-1,120-82-1,True,original,13.0,PBKONEOXTCPAFI-UHFFFAOYSA-N,Clc1ccc(Cl)c(Cl)c1,,True,C6H3Cl3,181.4,20.2,4.2,3.2,,213.6,16.6,,,,,4.0,0.0,0.0,H302; H315; H400; H410; H319; H335; H336; H351; H373; H316,Irritant; Environmental Hazard; Health Hazard,Warning,Not listed,,True,False,False,False,False,False,False,False,False,False,Organic compounds,Benzenoids,Benzene and substituted derivatives,Halobenzenes,Chlorobenzenes,Aryl chlorides; Organochlorides; Hydrocarbon derivatives,full_molecule,1.0,HIGH,1.0,1.0,1.0,1.0,1.0,1.0,False,False,False,False,False,True,https://pubchem.ncbi.nlm.nih.gov/compound/13,pubchem,False,False,False,False,False,[SMILES] SMILES from CIR fallback.
"1,2-Butadiene","1,2-Butadiene",trivial_name,"buta-1,2-diene",,590-19-2,590-19-2,True,original,11535.0,QNRMTGGDHLBXQZ-UHFFFAOYSA-N,C[CH]=[C]=[CH2],,True,C4H6,54.09,15.0,1.7,6.2,,10.9,-136.2,,,,,1.0,0.0,0.0,H220; H224; H280; H411,Flammable; Compressed Gas; Environmental Hazard,Danger,Not listed,,False,False,True,False,False,False,False,False,False,False,Organic compounds,Allenes,Acyclic allenes,,Acyclic allenes,Unsaturated aliphatic hydrocarbons,full_molecule,0.97,HIGH,1.0,0.85,1.0,1.0,1.0,1.0,False,False,False,False,False,True,https://pubchem.ncbi.nlm.nih.gov/compound/11535,pubchem,False,False,False,False,False,[SMILES] SMILES from CIR fallback.
"1,2-Cyclohexanediol","1,2-Cyclohexanediol",trivial_name,"cyclohexane-1,2-diol",,931-17-9,931-17-9,True,original,13601.0,PFURGBBHAOXLIO-UHFFFAOYSA-N,OC1CCCCC1O,,True,C6H12O2,116.16,17.4,9.8,18.3,,,,,,,,0.2,2.0,2.0,H315; H319; H335,Irritant,Warning,Not listed,,False,False,False,False,False,False,False,False,False,False,Organic compounds,Organic oxygen compounds,Organooxygen compounds,Alcohols and polyols,Cyclohexanols,"Cyclic alcohols and derivatives; 1,2-diols; Hydrocarbon derivatives",full_molecule,0.945,HIGH,1.0,0.85,1.0,1.0,1.0,0.5,False,False,False,False,False,True,https://pubchem.ncbi.nlm.nih.gov/compound/13601,pubchem,False,False,False,False,False,[SMILES] SMILES from CIR fallback.
"1,2-Cyclohexanedione","1,2-Cyclohexanedione",trivial_name,"cyclohexane-1,2-dione",,765-87-7,765-87-7,True,original,13006.0,OILAIQUEIWYQPH-UHFFFAOYSA-N,O=C1CCCCC1=O,,True,C6H8O2,112.13,18.6,10.3,8.0,,194.1,,,,,,-0.1,0.0,2.0,H302; H315; H319; H335,Irritant,Warning,Not listed,,False,False,False,False,False,False,False,False,False,False,Organic compounds,Organic oxygen compounds,Organooxygen compounds,Carbonyl compounds,Cyclic ketones,Organic oxides; Hydrocarbon derivatives,full_molecule,0.958,HIGH,1.0,0.85,1.0,1.0,1.0,0.75,False,False,False,False,False,True,https://pubchem.ncbi.nlm.nih.gov/compound/13006,pubchem,False,False,False,False,False,[SMILES] SMILES from CIR fallback.
"1,2-Dibromoethylene","1,2-Dibromoethylene",systematic_chemical,"1,2-dibromoethene",,540-49-8,540-49-8,True,original,10897.0,UWTUEMKLYAGTNQ-UHFFFAOYSA-N,BrC=CBr,,True,C2H2Br2,185.85,17.0,4.9,3.0,,111.9,9.9,,,,,1.9,0.0,0.0,H301; H315; H319; H335,Acute Toxic; Irritant,Danger,Not listed,,False,False,False,True,False,False,False,False,False,False,Organic compounds,Organohalogen compounds,Vinyl halides,Vinyl bromides,Vinyl bromides,Bromoalkenes; Organobromides; Hydrocarbon derivatives,full_molecule,0.97,HIGH,1.0,0.85,1.0,1.0,1.0,1.0,False,False,False,False,False,True,https://pubchem.ncbi.nlm.nih.gov/compound/10897,pubchem,False,False,False,False,False,[SMILES] SMILES from CIR fallback.
"1,2-Dichloroethylene (Cis)","1,2-Dichloroethylene",systematic_chemical,"(Z)-1,2-dichloroethene",Cis,156-59-2,156-59-2,True,original,643833.0,KFUSEUYYWQURPO-UPHRSURJSA-N,ClC=CCl,,True,C2H2Cl2,96.94,17.0,8.0,3.2,,60.4,-80.1,,,,,1.9,0.0,0.0,H225; H332; H412; H315; H319; H336; H402; H341; H373,Flammable; Irritant; Health Hazard,Danger,Not listed,,False,False,True,False,False,False,False,False,False,False,Organic compounds,Organohalogen compounds,Vinyl halides,Vinyl chlorides,Vinyl chlorides,Chloroalkenes; Organochlorides; Hydrocarbon derivatives,full_molecule,0.97,HIGH,1.0,0.85,1.0,1.0,1.0,1.0,True,False,False,False,False,True,https://pubchem.ncbi.nlm.nih.gov/compound/643833,pubchem,False,False,False,False,False,[SMILES] SMILES from CIR fallback.
"1,2-Dichloropropane","1,2-Dichloropropane",systematic_chemical,"1,2-dichloropropane",,78-87-5,78-87-5,True,original,6564.0,KNKRKFALVUDBJE-UHFFFAOYSA-N,CC(Cl)CCl,,True,C3H6Cl2,112.98,17.3,7.1,2.9,,,-100.4,,,,,1.8,0.0,0.0,H225; H302; H332; H350; H331; H317; H319; H336; H341; H361; H370; H372; H373; H401; H411; H315; H335; H351; H316,Flammable; Irritant; Health Hazard; Acute Toxic; Environmental Hazard,Danger,Not listed,,True,True,True,True,False,False,False,False,False,False,Organic compounds,Organohalogen compounds,Organochlorides,,Organochlorides,Hydrocarbon derivatives; Alkyl chlorides,full_molecule,0.988,HIGH,1.0,1.0,1.0,1.0,1.0,0.75,False,False,False,False,False,True,https://pubchem.ncbi.nlm.nih.gov/compound/6564,pubchem,False,False,False,False,False,[SMILES] SMILES from CIR fallback.
"1,2-Dichloropropene (Cis)","1,2-Dichloropropene",systematic_chemical,"(Z)-1,2-dichloroprop-1-ene",Cis,6923-20-2,6923-20-2,True,original,5463459.0,PPKPKFIWDXDAGC-IHWYPQMZSA-N,CC(Cl)=CCl,,True,C3H4Cl2,110.97,17.0,8.5,2.9,,,,,,,,2.1,0.0,0.0,,,,Not listed,,False,False,False,False,False,False,False,False,False,False,Organic compounds,Organohalogen compounds,Vinyl halides,Vinyl chlorides,Vinyl chlorides,Chloroalkenes; Organochlorides; Hydrocarbon derivatives,full_molecule,0.945,HIGH,1.0,0.85,1.0,1.0,1.0,0.5,True,False,False,False,False,True,https://pubchem.ncbi.nlm.nih.gov/compound/5463459,pubchem,False,False,False,False,False,[SMILES] SMILES from CIR fallback.
"1,2-Dichlorotetrafluoroethane (Freon 114)","1,2-Dichlorotetrafluoroethane",systematic_chemical,"1,2-dichloro-1,1,2,2-tetrafluoroethane",Freon 114,76-14-2,76-14-2,True,original,6429.0,DDMOUSALMHHKOS-UHFFFAOYSA-N,FC(F)(Cl)C(F)(F)Cl,,True,C2Cl2F4,170.92,12.6,1.8,0.0,,3.8,,,,,,2.8,0.0,4.0,H280; H420; H335; H336; H370,Compressed Gas; Irritant; Health Hazard,Warning,Not listed,,False,False,False,False,False,False,False,False,False,False,Organic compounds,Organohalogen compounds,Alkyl halides,Alkyl chlorides,Chlorofluorocarbons,Organofluorides; Organochlorides; Hydrocarbon derivatives; Alkyl fluorides,full_molecule,0.958,HIGH,1.0,0.85,1.0,1.0,1.0,0.75,False,False,False,False,False,True,https://pubchem.ncbi.nlm.nih.gov/compound/6429,pubchem,False,False,False,False,False,[SMILES] SMILES from CIR fallback.
"1,2-Dichlorovinyl Ethyl Ether","1,2-Dichlorovinyl Ethyl Ether",systematic_chemical,"1,2-dichloro-1-ethoxyethene",,42345-82-4,42345-82-4,True,original,53440473.0,CIVPSPVLMYVHNC-UHFFFAOYSA-N,CCOC(Cl)=CCl,,True,C4H6Cl2O,140.99,16.9,10.5,6.0,,,,,,,,2.3,0.0,1.0,,,,Not listed,,False,False,False,False,False,False,False,False,False,False,Organic compounds,Organohalogen compounds,Vinyl halides,Vinyl chlorides,Vinyl chlorides,Chloroalkenes; Organooxygen compounds; Organochlorides; Hydrocarbon derivatives,full_molecule,0.945,HIGH,1.0,0.85,1.0,1.0,1.0,0.5,False,False,False,False,False,True,https://pubchem.ncbi.nlm.nih.gov/compound/53440473,pubchem,False,False,False,False,False,[SMILES] SMILES from CIR fallback.
"1,2-Diethyl Benzene","1,2-Diethyl Benzene",systematic_chemical,"1,2-diethylbenzene",,135-01-3,135-01-3,True,original,8657.0,KVNYFPKFSJIPBJ-UHFFFAOYSA-N,CCc1ccccc1CC,,True,C10H14,134.22,17.7,0.1,1.0,,,-31.4,,,,,3.7,0.0,0.0,H226; H304; H315; H319; H335; H411; H412; H373,Flammable; Irritant; Health Hazard; Environmental Hazard,Danger,Not listed,,False,False,True,False,False,False,False,False,False,False,Organic compounds,Benzenoids,Benzene and substituted derivatives,,Benzene and substituted derivatives,Aromatic hydrocarbons; Unsaturated hydrocarbons,full_molecule,0.958,HIGH,1.0,0.85,1.0,1.0,1.0,0.75,False,False,False,False,False,True,https://pubchem.ncbi.nlm.nih.gov/compound/8657,pubchem,False,False,False,False,False,[SMILES] SMILES from CIR fallback.
"1,2-Dihydroxybenzene (Catechol)","1,2-Dihydroxybenzene",systematic_chemical,"benzene-1,2-diol",Catechol,120-80-9,120-80-9,True,original,289.0,YCIMNLLNPGFGHC-UHFFFAOYSA-N,Oc1ccccc1O,,True,C6H6O2,110.11,20.0,11.3,21.8,,245.6,,,,,,0.9,2.0,2.0,H301; H311; H315; H319; H341; H350; H302; H312; H317; H412; H318; H335; H351; H361; H370; H401; H314; H372; H373; H332,Acute Toxic; Health Hazard; Irritant; Corrosive,Danger,Not listed,,True,True,False,True,False,False,False,False,False,False,Organic compounds,Benzenoids,Phenols,Benzenediols,Catechols,1-hydroxy-4-unsubstituted benzenoids; 1-hydroxy-2-unsubstituted benzenoids; Benzene and substituted derivatives; Organooxygen compounds; Hydrocarbon derivatives,full_molecule,0.958,HIGH,1.0,0.85,1.0,1.0,1.0,0.75,False,False,False,False,False,True,https://pubchem.ncbi.nlm.nih.gov/compound/289,pubchem,False,False,False,False,False,[SMILES] SMILES from CIR fallback.
"1,2-Dimethoxybenzene","1,2-Dimethoxybenzene",systematic_chemical,"1,2-dimethoxybenzene",,91-16-7,91-16-7,True,original,7043.0,ABDKAPXRBAPSQN-UHFFFAOYSA-N,COc1ccccc1OC,,True,C8H10O2,138.16,19.2,4.4,9.4,,206.1,22.5,,,,,1.6,0.0,2.0,H302; H371,Irritant; Health Hazard,Warning,Not listed,,False,False,False,False,False,False,False,False,False,False,Organic compounds,Benzenoids,Benzene and substituted derivatives,Methoxybenzenes,Dimethoxybenzenes,Phenoxy compounds; Anisoles; Alkyl aryl ethers; Hydrocarbon derivatives,full_molecule,1.0,HIGH,1.0,1.0,1.0,1.0,1.0,1.0,False,False,False,False,False,True,https://pubchem.ncbi.nlm.nih.gov/compound/7043,pubchem,False,False,False,False,False,[SMILES] SMILES from CIR fallback.
"1,2-Dinitrobenzene","1,2-Dinitrobenzene",systematic_chemical,"1,2-dinitrobenzene",,528-29-0,528-29-0,True,original,10707.0,IZUKQUVSCNEFMJ-UHFFFAOYSA-N,[O-][N+](=O)c1ccccc1[N+]([O-])=O,,True,C6H4N2O4,168.11,20.6,11.6,3.9,,,116.9,,,,,1.7,0.0,4.0,H300; H310; H330; H373; H400; H410; H370; H372; H317; H319; H361; H316; H335,Acute Toxic; Health Hazard; Environmental Hazard; Irritant,Danger,Not listed,,False,True,False,True,False,False,False,False,False,False,Organic compounds,Benzenoids,Benzene and substituted derivatives,Nitrobenzenes,Nitrobenzenes,"Nitroaromatic compounds; Propargyl-type 1,3-dipolar organic compounds; Organic oxoazanium compounds; Organopnictogen compounds; Organonitrogen compounds; Organic oxides; Hydrocarbon derivatives",full_molecule,0.988,HIGH,1.0,1.0,1.0,1.0,1.0,0.75,False,False,False,False,False,True,https://pubchem.ncbi.nlm.nih.gov/compound/10707,pubchem,False,False,False,False,False,[SMILES] SMILES from CIR fallback.
"1,2-Epoxy-2-Propene","1,2-Epoxy-2-Propene",systematic_chemical,2-methylideneoxirane,,40079-14-9,40079-14-9,True,original,3029326.0,AAEZMHSWRQVQEK-UHFFFAOYSA-N,C=C1CO1,,True,C3H4O,56.06,16.5,8.6,6.7,,,,,,,,0.4,0.0,1.0,,,,Not listed,,False,False,False,False,False,False,False,False,False,False,Organic compounds,Organoheterocyclic compounds,Epoxides,,Epoxides,Oxacyclic compounds; Organooxygen compounds; Hydrocarbon derivatives,full_molecule,0.945,HIGH,1.0,0.85,1.0,1.0,1.0,0.5,False,False,False,False,False,True,https://pubchem.ncbi.nlm.nih.gov/compound/3029326,pubchem,False,False,False,False,False,[SMILES] SMILES from CIR fallback.
