row,original_name,normalized_name,candidate_cas,reason
18,"1,1,2-Trichloro Propene 1,1,2-Trichloro-propene","1,1,2-Trichloro Propene 1,1,2-Trichloro-propene",,not found in PubChem
20,"1,1,2-Trichloroethane 1,1,2-Trichloro-ethane","1,1,2-Trichloroethane 1,1,2-Trichloro-ethane",,not found in PubChem
25,"1,1-Dibromo Ethylene 1,1-Dibromo-ethene","1,1-Dibromo Ethylene 1,1-Dibromo-ethene",,not found in PubChem
27,"1,1-Dibromoethane 1,1-Dibromo-ethane","1,1-Dibromoethane 1,1-Dibromo-ethane",,not found in PubChem
32,"1,1-Dichloroethane 1,1-Dichloro-ethane","1,1-Dichloroethane 1,1-Dichloro-ethane",,not found in PubChem
34,"1,1-Dichloroethylene 1,1-Dichloro-ethene","1,1-Dichloroethylene 1,1-Dichloro-ethene",,not found in PubChem
36,"1,1-Dichloropropane 1,1-Dichloro-propane","1,1-Dichloropropane 1,1-Dichloro-propane",,not found in PubChem
38,"1,1-Dichloropropene 1,1-Dichloro-propene","1,1-Dichloropropene 1,1-Dichloro-propene",,not found in PubChem
40,"1,1-Diethoxy Butane 1,1-Diethoxy-butane","1,1-Diethoxy Butane 1,1-Diethoxy-butane",,not found in PubChem
42,"1,1-Diethoxy Ethane (Acetal) 1,1-Diethoxy-ethane","1,1-Diethoxy Ethane (Acetal) 1,1-Diethoxy-ethane",,not found in PubChem
43,"1,1-Diethoxy Ethane 1,1-Diethoxy-ethane","1,1-Diethoxy Ethane 1,1-Diethoxy-ethane",,not found in PubChem
44,"1,1-Difluoroet ylene 1,1-Difluoro-ethen","1,1-Difluoroet ylene 1,1-Difluoro-ethen",,not found in PubChem
45,"1,1-Difluoroethan 1,1-Difluoro-ethan","1,1-Difluoroethan 1,1-Difluoro-ethan",,not found in PubChem
49,"1,1-Dimethoxy Ethane 1,1-Dimethoxy-ethane","1,1-Dimethoxy Ethane 1,1-Dimethoxy-ethane",,not found in PubChem
52,"1,2,3,4Tetrahydronaphthalene","1,2,3,4Tetrahydronaphthalene",,not found in PubChem
55,"1,2,3-Benzotriazole 1H-Benzotriazole","1,2,3-Benzotriazole 1H-Benzotriazole",,not found in PubChem
57,"1,2,3-Triazole 1H-[1,2,3]Triazole","1,2,3-Triazole 1H-[1,2,3]Triazole",,not found in PubChem
59,"1,2,3-Trichloro Propene 1,2,3-Trichloro-propene","1,2,3-Trichloro Propene 1,2,3-Trichloro-propene",,not found in PubChem
61,"1,2,3-Trichloropropane 1,2,3-Trichloro-propane","1,2,3-Trichloropropane 1,2,3-Trichloro-propane",,not found in PubChem
65,"1,2,4-Trichlorobenzene* 1,2,4-Trichloro-benzene","1,2,4-Trichlorobenzene* 1,2,4-Trichloro-benzene",,not found in PubChem
67,"1,2-Butadiene Buta-1,2-diene","1,2-Butadiene Buta-1,2-diene",,not found in PubChem
69,"1,2-Cyclohexanediol Cyclohexane-1,2-diol","1,2-Cyclohexanediol Cyclohexane-1,2-diol",,not found in PubChem
71,"1,2-Cyclohexanedione Cyclohexane-1,2-dione","1,2-Cyclohexanedione Cyclohexane-1,2-dione",,not found in PubChem
73,"1,2-Dibromoethylene 1,2-Dibromo-ethene","1,2-Dibromoethylene 1,2-Dibromo-ethene",,not found in PubChem
76,"1,2-Dichloroethylene (cis) (Z)-1,2-Dichloro-ethene","1,2-Dichloroethylene (cis) (Z)-1,2-Dichloro-ethene",,not found in PubChem
82,"1,2-Diethyl Benzene 1,2-Diethyl-benzene","1,2-Diethyl Benzene 1,2-Diethyl-benzene",,not found in PubChem
84,"1,2-Dihydroxybenzene (Catechol) Benzene-1,2-diol","1,2-Dihydroxybenzene (Catechol) Benzene-1,2-diol",,not found in PubChem
86,"1,2-Dimethoxybenzene 1,2-Dimethoxy-benzene","1,2-Dimethoxybenzene 1,2-Dimethoxy-benzene",,not found in PubChem
89,"1,2-Dinitrobenzene 1,2-Dinitro-benzene","1,2-Dinitrobenzene 1,2-Dinitro-benzene",,not found in PubChem
90,"1,2-Epoxy Butane 2-Ethyl-oxirane","1,2-Epoxy Butane 2-Ethyl-oxirane",,not found in PubChem
92,"1,2-Epoxy-2-Propene 2-Methylene-oxirane","1,2-Epoxy-2-Propene 2-Methylene-oxirane",,not found in PubChem
93,"1,2-Ethane Dithiol Ethane-1,2-dithiol","1,2-Ethane Dithiol Ethane-1,2-dithiol",,not found in PubChem
95,"1,2-Methylenedioxybenzene Benzo[1,3]dioxole","1,2-Methylenedioxybenzene Benzo[1,3]dioxole",,not found in PubChem
97,"1,2-Propadiene (Allene) Propa-1,2-diene","1,2-Propadiene (Allene) Propa-1,2-diene",,not found in PubChem
100,"1,2Dichlorobenzene","1,2Dichlorobenzene",,not found in PubChem
102,"1,3,5-Trioxane [1,3,5]Trioxane","1,3,5-Trioxane [1,3,5]Trioxane",,not found in PubChem
104,"1,3-Benzenediol Benzene-1,3-diol","1,3-Benzenediol Benzene-1,3-diol",,not found in PubChem
108,"1,3-Butadiene Buta-1,3-diene","1,3-Butadiene Buta-1,3-diene",,not found in PubChem
109,"1,3-Butadiene-1-Chloro 1-Chloro-buta-1,3-diene","1,3-Butadiene-1-Chloro 1-Chloro-buta-1,3-diene",,not found in PubChem
114,"1,3-Dichloro-2-butene 1,3-Dichloro-but-2-ene","1,3-Dichloro-2-butene 1,3-Dichloro-but-2-ene",,not found in PubChem
117,"1,3-Dichloropropane 1,3-Dichloro-propane","1,3-Dichloropropane 1,3-Dichloro-propane",,not found in PubChem
119,"1,3-Dimethoxy Butane 1,3-Dimethoxy-butane","1,3-Dimethoxy Butane 1,3-Dimethoxy-butane",,not found in PubChem
122,"1,3-Dioxolane [1,3]Dioxane","1,3-Dioxolane [1,3]Dioxane",,not found in PubChem
125,"1,3-Pentadiene (Trans) (E)-Penta-1,3-diene","1,3-Pentadiene (Trans) (E)-Penta-1,3-diene",,not found in PubChem
128,"1,3-Propanediol (Trimethyleneglycol) Propane-1,3-diol","1,3-Propanediol (Trimethyleneglycol) Propane-1,3-diol",,not found in PubChem
129,"1,4-Butandiol Diacrylate","1,4-Butandiol Diacrylate",,not found in PubChem
131,"1,4-Butanediol Butane-1,4-diol","1,4-Butanediol Butane-1,4-diol",,not found in PubChem
133,"1,4-Dichloro-2-Butene 1,4-Dichloro-but-2-ene","1,4-Dichloro-2-Butene 1,4-Dichloro-but-2-ene",,not found in PubChem
135,"1,4-Dichlorobutane 1,4-Dichloro-butane","1,4-Dichlorobutane 1,4-Dichloro-butane",,not found in PubChem
140,"1,4-Thioxane [1,4]Oxathiane","1,4-Thioxane [1,4]Oxathiane",,not found in PubChem
141,"1,4Diethylbenzene","1,4Diethylbenzene",,not found in PubChem
143,"1,5-Dichloropentane 1,5-Dichloro-pentane","1,5-Dichloropentane 1,5-Dichloro-pentane",,not found in PubChem
153,"1,9-Nonanediol Nonane-1,9-diol","1,9-Nonanediol Nonane-1,9-diol",,not found in PubChem
159,1-Bromo Propene (CIS) (Z)-1-Bromo-propene,1-Bromo Propene (CIS) (Z)-1-Bromo-propene,,not found in PubChem
164,1-Bromopropane 1-Bromo-propane,1-Bromopropane 1-Bromo-propane,,not found in PubChem
166,1-Butanethiol Butane-1-thiol,1-Butanethiol Butane-1-thiol,,not found in PubChem
169,1-Butene But-1-ene,1-Butene But-1-ene,,not found in PubChem
171,1-Butenyl Methyl Ether 4-Methoxy-but-1-ene,1-Butenyl Methyl Ether 4-Methoxy-but-1-ene,,not found in PubChem
174,1-Chloro Pentane 1-Chloro-pentane,1-Chloro Pentane 1-Chloro-pentane,,not found in PubChem
175,1-Chloro Vinyl Ethyl Ether,1-Chloro Vinyl Ethyl Ether,,not found in PubChem
179,1-Chloro-1-Nitroethane 1-Chloro-1-nitro-ethane,1-Chloro-1-Nitroethane 1-Chloro-1-nitro-ethane,,not found in PubChem
182,1-Chloro-2-Butene 1-Chloro-but-2-ene,1-Chloro-2-Butene 1-Chloro-but-2-ene,,not found in PubChem
189,1-Chlorohexane 1-Chloro-hexane,1-Chlorohexane 1-Chloro-hexane,,not found in PubChem
191,1-Chloronaphthalene 1-Chloro-naphthalene,1-Chloronaphthalene 1-Chloro-naphthalene,,not found in PubChem
193,1-Chloropropene 1-Chloro-propene,1-Chloropropene 1-Chloro-propene,,not found in PubChem
195,1-Decanol* Decan-1-ol,1-Decanol* Decan-1-ol,,not found in PubChem
197,1-Decene Dec-1-ene,1-Decene Dec-1-ene,,not found in PubChem
198,1-Ethoxy Ethoxy-2-Propanol,1-Ethoxy Ethoxy-2-Propanol,,not found in PubChem
199,1-Ethyl Vinyl Ethyl Ether,1-Ethyl Vinyl Ethyl Ether,,not found in PubChem
200,1-Ethyl Vinyl Ethyl Ether 2-Ethoxy-but-1-ene,1-Ethyl Vinyl Ethyl Ether 2-Ethoxy-but-1-ene,,not found in PubChem
201,1-Fluoro Acrylic Acid 2-Fluoro-acrylic acid,1-Fluoro Acrylic Acid 2-Fluoro-acrylic acid,,not found in PubChem
202,1-Fluoro Acrylonitrile 2-Fluoro-acrylonitrile,1-Fluoro Acrylonitrile 2-Fluoro-acrylonitrile,,not found in PubChem
205,1-Heptanol Heptan-1-ol,1-Heptanol Heptan-1-ol,,not found in PubChem
208,1-Heptene Hept-1-ene,1-Heptene Hept-1-ene,,not found in PubChem
210,1-Hexanol Hexan-1-ol,1-Hexanol Hexan-1-ol,,not found in PubChem
215,1-Methyl Cyclohexanol 1-Methyl-cyclohexanol,1-Methyl Cyclohexanol 1-Methyl-cyclohexanol,,not found in PubChem
216,1-Methyl Imidazole 1-Methyl-1H-imidazole,1-Methyl Imidazole 1-Methyl-1H-imidazole,,not found in PubChem
218,1-Methyl Naphthalene 1-Methyl-naphthalene,1-Methyl Naphthalene 1-Methyl-naphthalene,,not found in PubChem
220,1-Methyl Vinyl Methyl Ether 2-Methoxy-propene,1-Methyl Vinyl Methyl Ether 2-Methoxy-propene,,not found in PubChem
225,1-Naphthol Naphthalen-1-ol,1-Naphthol Naphthalen-1-ol,,not found in PubChem
227,1-Nitropropane 1-Nitro-propane,1-Nitropropane 1-Nitro-propane,,not found in PubChem
230,1-Nonanol Nonan-1-ol,1-Nonanol Nonan-1-ol,,not found in PubChem
232,1-Nonene Non-1-ene,1-Nonene Non-1-ene,,not found in PubChem
236,1-Octanol* Octan-1-ol,1-Octanol* Octan-1-ol,,not found in PubChem
238,1-Octene Oct-1-ene,1-Octene Oct-1-ene,,not found in PubChem
242,1-Pentene Pent-1-ene,1-Pentene Pent-1-ene,,not found in PubChem
247,1-Propanethiol Propane-1-thiol,1-Propanethiol Propane-1-thiol,,not found in PubChem
251,1-Tetradecene Tetradec-1-ene,1-Tetradecene Tetradec-1-ene,,not found in PubChem
252,1Chloropropane,1Chloropropane,,not found in PubChem
253,1Methoxy2Propanol,1Methoxy2Propanol,,not found in PubChem
254,1Methyl2Pyrrolidinone,1Methyl2Pyrrolidinone,,not found in PubChem
255,1Phenoxy2Propanol,1Phenoxy2Propanol,,not found in PubChem
256,1Tridecanol,1Tridecanol,,not found in PubChem
259,"2,2,2-Trifluoro Ethano 2,2,2-Trifluoro-ethano","2,2,2-Trifluoro Ethano 2,2,2-Trifluoro-ethano",,not found in PubChem
268,"2,2ButoxyethoxyEthylAcetate","2,2ButoxyethoxyEthylAcetate",,not found in PubChem
271,"2,3-Benzofuran (Cumaron) Benzofuran","2,3-Benzofuran (Cumaron) Benzofuran",,not found in PubChem
273,"2,3-Butadiene-1-ol Buta-2,3-dien-1-ol","2,3-Butadiene-1-ol Buta-2,3-dien-1-ol",,not found in PubChem
280,"2,3-Dichloropropene 2,3-Dichloro-propene","2,3-Dichloropropene 2,3-Dichloro-propene",,not found in PubChem
283,"2,3-Dimethyl-1-Butene 2,3-Dimethyl-but-1-ene","2,3-Dimethyl-1-Butene 2,3-Dimethyl-but-1-ene",,not found in PubChem
287,"2,4,6-Tribromo Phenol 2,4,6-Tribromo-phenol","2,4,6-Tribromo Phenol 2,4,6-Tribromo-phenol",,not found in PubChem
290,"2,4,6-Trichlorophenol 2,4,6-Trichloro-phenol","2,4,6-Trichlorophenol 2,4,6-Trichloro-phenol",,not found in PubChem
297,"2,4-Dichlorophenol 2,4-Dichloro-phenol","2,4-Dichlorophenol 2,4-Dichloro-phenol",,not found in PubChem
305,"2,5-Dichlorophenol 2,5-Dichloro-phenol","2,5-Dichlorophenol 2,5-Dichloro-phenol",,not found in PubChem
315,"2,6-Dichlorophenol 2,6-Dichloro-phenol","2,6-Dichlorophenol 2,6-Dichloro-phenol",,not found in PubChem
318,"2,6-Dimethoxy Phenol 2,6-Dimethoxy-phenol","2,6-Dimethoxy Phenol 2,6-Dimethoxy-phenol",,not found in PubChem
320,"2,6-Dimethyl Phenol 2,6-Dimethyl-phenol","2,6-Dimethyl Phenol 2,6-Dimethyl-phenol",,not found in PubChem
323,"2,6Dimethyl4Heptanone","2,6Dimethyl4Heptanone",,not found in PubChem
327,2-(Diethylamino) Ethanol 2-Diethylamino-ethanol,2-(Diethylamino) Ethanol 2-Diethylamino-ethanol,,not found in PubChem
333,2-Amino Pyridine Pyridin-2-ylamine,2-Amino Pyridine Pyridin-2-ylamine,,not found in PubChem
335,2-Bromo Allyl Alcohol 2-Bromo-prop-2-en-1-ol,2-Bromo Allyl Alcohol 2-Bromo-prop-2-en-1-ol,,not found in PubChem
337,2-Bromo Propene 2-Bromo-propene,2-Bromo Propene 2-Bromo-propene,,not found in PubChem
340,2-Bromobutane 2-Bromo-butane,2-Bromobutane 2-Bromo-butane,,not found in PubChem
342,2-Bromopropane 2-Bromo-propane,2-Bromopropane 2-Bromo-propane,,not found in PubChem
344,2-Bromothiophene 2-Bromo-thiophene,2-Bromothiophene 2-Bromo-thiophene,,not found in PubChem
348,2-Butene (cis) (Z)-But-2-ene,2-Butene (cis) (Z)-But-2-ene,,not found in PubChem
351,2-Butyl Octanol 2-Butyl-octan-1-ol,2-Butyl Octanol 2-Butyl-octan-1-ol,,not found in PubChem
353,2-Butynedinitrile But-2-ynedinitrile,2-Butynedinitrile But-2-ynedinitrile,,not found in PubChem
355,2-Chloro Allyl Alcohol 2-Chloro-prop-2-en-1-ol,2-Chloro Allyl Alcohol 2-Chloro-prop-2-en-1-ol,,not found in PubChem
362,2-Chloroacetamide 2-Chloro-acetamide,2-Chloroacetamide 2-Chloro-acetamide,,not found in PubChem
366,2-Chlorobutane 2-Chloro-butane,2-Chlorobutane 2-Chloro-butane,,not found in PubChem
368,2-Chlorocyclohexanone 2-Chloro-cyclohexanone,2-Chlorocyclohexanone 2-Chloro-cyclohexanone,,not found in PubChem
374,2-Chlorophenol 2-Chloro-phenol,2-Chlorophenol 2-Chloro-phenol,,not found in PubChem
376,2-Chloropropenal 2-Chloro-propenal,2-Chloropropenal 2-Chloro-propenal,,not found in PubChem
378,2-Chloropropenoic Acid 2-Chloro-acrylic acid,2-Chloropropenoic Acid 2-Chloro-acrylic acid,,not found in PubChem
380,2-Chlorothiophene 2-Chloro-thiophene,2-Chlorothiophene 2-Chloro-thiophene,,not found in PubChem
383,2-Cyclopentenyl Alcohol Cyclopent-2-enol,2-Cyclopentenyl Alcohol Cyclopent-2-enol,,not found in PubChem
385,2-Decanol Decan-2-ol,2-Decanol Decan-2-ol,,not found in PubChem
389,2-Ethyl Croton Aldehyde,2-Ethyl Croton Aldehyde,,not found in PubChem
390,2-Ethyl Croton Aldehyde 2-Ethyl-but-2-enal,2-Ethyl Croton Aldehyde 2-Ethyl-but-2-enal,,not found in PubChem
393,2-Ethyl Hexyl Phthalate,2-Ethyl Hexyl Phthalate,,not found in PubChem
395,"2-Ethyl-1,3-Butadiene 3-Methylene-pent-1-ene","2-Ethyl-1,3-Butadiene 3-Methylene-pent-1-ene",,not found in PubChem
398,2-Ethyl-1-Butene 3-Methylene-pentane,2-Ethyl-1-Butene 3-Methylene-pentane,,not found in PubChem
405,2-Ethylhexylamine Ethyl-hexyl-amine,2-Ethylhexylamine Ethyl-hexyl-amine,,not found in PubChem
412,2-Furonitrile Furan-2-carbonitrile,2-Furonitrile Furan-2-carbonitrile,,not found in PubChem
414,2-Heptanol Heptan-2-ol,2-Heptanol Heptan-2-ol,,not found in PubChem
418,"2-Iodo-1,3-butadiene","2-Iodo-1,3-butadiene",,not found in PubChem
425,2-Methyl (cis) Acrylic Acid (Z)-But-2-enoic acid,2-Methyl (cis) Acrylic Acid (Z)-But-2-enoic acid,,not found in PubChem
429,2-Methyl Cyclohexanol (mix) 2-Methyl-cyclohexanol,2-Methyl Cyclohexanol (mix) 2-Methyl-cyclohexanol,,not found in PubChem
432,2-Methyl Pyrazine 2-Methyl-pyrazine,2-Methyl Pyrazine 2-Methyl-pyrazine,,not found in PubChem
434,"2-Methyl-1,3-Dioxolane 2-Methyl-[1,3]dioxolane","2-Methyl-1,3-Dioxolane 2-Methyl-[1,3]dioxolane",,not found in PubChem
436,2-Methyl-1-Butanol 2-Methyl-butan-1-ol,2-Methyl-1-Butanol 2-Methyl-butan-1-ol,,not found in PubChem
438,2-Methyl-1-Butene 2-Methyl-but-1-ene,2-Methyl-1-Butene 2-Methyl-but-1-ene,,not found in PubChem
440,2-Methyl-1-Chloro Acrolein 2-Chloro-but-2-enal,2-Methyl-1-Chloro Acrolein 2-Chloro-but-2-enal,,not found in PubChem
442,2-Methyl-1-Pentanol 2-Methyl-pentan-1-ol,2-Methyl-1-Pentanol 2-Methyl-pentan-1-ol,,not found in PubChem
443,2-Methyl-1-Propanol 2-Methyl-propan-1-ol,2-Methyl-1-Propanol 2-Methyl-propan-1-ol,,not found in PubChem
447,2-Methyl-2-Butanol 2-Methyl-butan-2-ol,2-Methyl-2-Butanol 2-Methyl-butan-2-ol,,not found in PubChem
449,2-Methyl-2-Butene 2-Methyl-but-2-ene,2-Methyl-2-Butene 2-Methyl-but-2-ene,,not found in PubChem
454,2-Methylfuran 2-Methyl-furan,2-Methylfuran 2-Methyl-furan,,not found in PubChem
458,2-Nitro-1-Propanol 2-Nitro-propan-1-ol,2-Nitro-1-Propanol 2-Nitro-propan-1-ol,,not found in PubChem
461,2-Nitrothiophene 2-Nitro-thiophene,2-Nitrothiophene 2-Nitro-thiophene,,not found in PubChem
465,2-Octanol Octan-2-ol,2-Octanol Octan-2-ol,,not found in PubChem
470,2-Pentanol Pentan-2-ol,2-Pentanol Pentan-2-ol,,not found in PubChem
477,2-Phenoxy Ethanol 2-Phenoxy-ethanol,2-Phenoxy Ethanol 2-Phenoxy-ethanol,,not found in PubChem
479,2-Phenyl Ethanol 2-Phenyl-ethanol,2-Phenyl Ethanol 2-Phenyl-ethanol,,not found in PubChem
483,2-Propanethiol Propane-2-thiol,2-Propanethiol Propane-2-thiol,,not found in PubChem
486,2-Propyn-1-ol Prop-2-yn-1-ol,2-Propyn-1-ol Prop-2-yn-1-ol,,not found in PubChem
492,2-Thiabutane Methylsulfanyl-ethane,2-Thiabutane Methylsulfanyl-ethane,,not found in PubChem
497,2-Toluidine o-Tolylamine,2-Toluidine o-Tolylamine,,not found in PubChem
499,2Butanone,2Butanone,,not found in PubChem
500,2ButoxyethylAcetate,2ButoxyethylAcetate,,not found in PubChem
501,2ChloroethylEther,2ChloroethylEther,,not found in PubChem
502,2EthoxyethylAcetate,2EthoxyethylAcetate,,not found in PubChem
503,2Furaldehyde,2Furaldehyde,,not found in PubChem
508,"3,3,3-Trichloro Propene 3,3,3-Trichloro-propene","3,3,3-Trichloro Propene 3,3,3-Trichloro-propene",,not found in PubChem
513,"3,4-Dimethyl Phenol 3,4-Dimethyl-phenol","3,4-Dimethyl Phenol 3,4-Dimethyl-phenol",,not found in PubChem
515,"3,4-Dinitrophenol 3,4-Dinitro-phenol","3,4-Dinitrophenol 3,4-Dinitro-phenol",,not found in PubChem
517,"3,4-Epoxy-1-Butene 2-Vinyl-oxirane","3,4-Epoxy-1-Butene 2-Vinyl-oxirane",,not found in PubChem
521,"3,5-Dinitrophenol 3,5-Dinitro-phenol","3,5-Dinitrophenol 3,5-Dinitro-phenol",,not found in PubChem
526,3-Azidopropene 3-Azido-propene,3-Azidopropene 3-Azido-propene,,not found in PubChem
528,3-Bromopropyne 3-Bromo-propyne,3-Bromopropyne 3-Bromo-propyne,,not found in PubChem
530,3-Butenenitrile But-3-enenitrile,3-Butenenitrile But-3-enenitrile,,not found in PubChem
531,3-Butoxybutanol,3-Butoxybutanol,,not found in PubChem
532,3-Butoxybutanol 3-Butoxy-butan-1-ol,3-Butoxybutanol 3-Butoxy-butan-1-ol,,not found in PubChem
535,3-Chloro Allyl Alcohol 3-Chloro-prop-2-en-1-ol,3-Chloro Allyl Alcohol 3-Chloro-prop-2-en-1-ol,,not found in PubChem
541,3-Chloropropionitrile 3-Chloro-propionitrile,3-Chloropropionitrile 3-Chloro-propionitrile,,not found in PubChem
543,3-Chloropropyne 3-Chloro-propyne,3-Chloropropyne 3-Chloro-propyne,,not found in PubChem
550,3-Heptanol Heptan-3-ol,3-Heptanol Heptan-3-ol,,not found in PubChem
554,3-Hydroxy Tetrahydrofuran Tetrahydro-furan-3-ol,3-Hydroxy Tetrahydrofuran Tetrahydro-furan-3-ol,,not found in PubChem
556,3-Methoxy Butanol 3-Methoxy-butan-1-ol,3-Methoxy Butanol 3-Methoxy-butan-1-ol,,not found in PubChem
559,3-Methoxypropionitrile 3-Methoxy-propionitrile,3-Methoxypropionitrile 3-Methoxy-propionitrile,,not found in PubChem
562,3-Methyl Allyl Alcohol But-2-en-1-ol,3-Methyl Allyl Alcohol But-2-en-1-ol,,not found in PubChem
564,3-Methyl Cyclohexanol (mix) 3-Methyl-cyclohexanol,3-Methyl Cyclohexanol (mix) 3-Methyl-cyclohexanol,,not found in PubChem
567,3-Methyl Isoxazole 3-Methyl-isoxazole,3-Methyl Isoxazole 3-Methyl-isoxazole,,not found in PubChem
569,"3-Methyl-1,2-Butadiene 3-Methyl-buta-1,2-diene","3-Methyl-1,2-Butadiene 3-Methyl-buta-1,2-diene",,not found in PubChem
573,3-Methyl-1-Butene 3-Methyl-but-1-ene,3-Methyl-1-Butene 3-Methyl-but-1-ene,,not found in PubChem
575,3-Methyl-2-Butanol 3-Methyl-butan-2-ol,3-Methyl-2-Butanol 3-Methyl-butan-2-ol,,not found in PubChem
582,3-Nitroaniline 3-Nitro-phenylamine,3-Nitroaniline 3-Nitro-phenylamine,,not found in PubChem
585,3Hydroxypropionitrile,3Hydroxypropionitrile,,not found in PubChem
586,3Methyl1Butanol,3Methyl1Butanol,,not found in PubChem
587,3Pentanone,3Pentanone,,not found in PubChem
590,4-Amino Pyridine Pyridin-4-ylamine,4-Amino Pyridine Pyridin-4-ylamine,,not found in PubChem
593,"4-Bromo-1,2-Butadiene 4-Bromo-buta-1,2-diene","4-Bromo-1,2-Butadiene 4-Bromo-buta-1,2-diene",,not found in PubChem
595,4-Bromo-1-Butene 4-Bromo-but-1-ene,4-Bromo-1-Butene 4-Bromo-but-1-ene,,not found in PubChem
597,"4-Chloro-1,2-Butadiene 4-Chloro-buta-1,2-diene","4-Chloro-1,2-Butadiene 4-Chloro-buta-1,2-diene",,not found in PubChem
601,4-Chlorobenzaldehyde 4-Chloro-benzaldehyde,4-Chlorobenzaldehyde 4-Chloro-benzaldehyde,,not found in PubChem
603,4-Chlorobenzonitrile 4-Chloro-benzonitrile,4-Chlorobenzonitrile 4-Chloro-benzonitrile,,not found in PubChem
607,4-Chlorothiophenol 4-Chloro-benzenethiol,4-Chlorothiophenol 4-Chloro-benzenethiol,,not found in PubChem
610,4-Ethyl Morpholine 4-Ethyl-morpholine,4-Ethyl Morpholine 4-Ethyl-morpholine,,not found in PubChem
612,4-Ethyl Phenol 4-Ethyl-phenol,4-Ethyl Phenol 4-Ethyl-phenol,,not found in PubChem
618,"4-Iodo-1,2-Butadiene 4-Iodo-buta-1,2-diene","4-Iodo-1,2-Butadiene 4-Iodo-buta-1,2-diene",,not found in PubChem
621,4-Methoxy Benzonitrile 4-Methoxy-benzonitrile,4-Methoxy Benzonitrile 4-Methoxy-benzonitrile,,not found in PubChem
624,4-Methyl Cyclohexanol (mix) 4-Methyl-cyclohexanol,4-Methyl Cyclohexanol (mix) 4-Methyl-cyclohexanol,,not found in PubChem
629,4-Nitrophenol 4-Nitro-phenol,4-Nitrophenol 4-Nitro-phenol,,not found in PubChem
631,4-Pentenal Pent-4-enal,4-Pentenal Pent-4-enal,,not found in PubChem
636,4-Vinyl Pyridine 4-Vinyl-pyridine,4-Vinyl Pyridine 4-Vinyl-pyridine,,not found in PubChem
637,4Hydroxy4Methyl2Pentanone,4Hydroxy4Methyl2Pentanone,,not found in PubChem
638,"4Hydroxymethyl1,3Dioxolan2One","4Hydroxymethyl1,3Dioxolan2One",,not found in PubChem
639,4Methyl2Pentanol,4Methyl2Pentanol,,not found in PubChem
640,4Methyl2Pentanone,4Methyl2Pentanone,,not found in PubChem
641,4Octanol,4Octanol,,not found in PubChem
652,5Methyl2Hexanone,5Methyl2Hexanone,,not found in PubChem
655,"9,10-Anthraquinone Anthraquinone","9,10-Anthraquinone Anthraquinone",,not found in PubChem
659,Acetaldehyde* Acetaldehyde,Acetaldehyde* Acetaldehyde,,not found in PubChem
661,Acetaldoxime Acetaldehyde oxime,Acetaldoxime Acetaldehyde oxime,,not found in PubChem
663,Acetamide Acetamide,Acetamide Acetamide,,not found in PubChem
665,Acetanilide N-Phenyl-acetamide,Acetanilide N-Phenyl-acetamide,,not found in PubChem
675,Acetoxime Propan-2-one oxime,Acetoxime Propan-2-one oxime,,not found in PubChem
677,Acetyl Salicylic Acid 2-Acetoxy-benzoic acid,Acetyl Salicylic Acid 2-Acetoxy-benzoic acid,,not found in PubChem
680,"Acetylacetone Pentane-2,4-dione","Acetylacetone Pentane-2,4-dione",,not found in PubChem
682,Acetylbromide Acetyl bromide,Acetylbromide Acetyl bromide,,not found in PubChem
684,Acetylchloride Acetyl chloride,Acetylchloride Acetyl chloride,,not found in PubChem
685,Acetylene (Ethyne),Acetylene (Ethyne),,not found in PubChem
686,Acetylene (Ethyne) Ethyne,Acetylene (Ethyne) Ethyne,,not found in PubChem
687,Acetylfluorid Acetyl fluorid,Acetylfluorid Acetyl fluorid,,not found in PubChem
690,Acridine Acridine,Acridine Acridine,,not found in PubChem
692,Acrolein Propenal,Acrolein Propenal,,not found in PubChem
694,Acrylamide Acrylamide,Acrylamide Acrylamide,,not found in PubChem
698,Acrylylchloride Acryloyl chloride,Acrylylchloride Acryloyl chloride,,not found in PubChem
701,"Adipic Acid (1,6-Hexanedioic) Hexanedioic acid","Adipic Acid (1,6-Hexanedioic) Hexanedioic acid",,not found in PubChem
705,Allyl Acetate Acetic acid allyl ester,Allyl Acetate Acetic acid allyl ester,,not found in PubChem
707,Allyl Acetic Acid Pent-4-enoic acid,Allyl Acetic Acid Pent-4-enoic acid,,not found in PubChem
709,Allyl Acetonitrile (4-Pentenenitrile) Pent-4-enenitrile,Allyl Acetonitrile (4-Pentenenitrile) Pent-4-enenitrile,,not found in PubChem
711,Allyl Alcohol Prop-2-en-1-ol,Allyl Alcohol Prop-2-en-1-ol,,not found in PubChem
713,Allyl Amine Allylamine,Allyl Amine Allylamine,,not found in PubChem
715,Allyl Bromide (3-Bromoprene) 3-Bromo-propene,Allyl Bromide (3-Bromoprene) 3-Bromo-propene,,not found in PubChem
717,Allyl Chloride 3-Chloro-propene,Allyl Chloride 3-Chloro-propene,,not found in PubChem
719,Allyl Cyanide But-3-enenitrile,Allyl Cyanide But-3-enenitrile,,not found in PubChem
721,Allyl Ethylether 3-Ethoxy-propene,Allyl Ethylether 3-Ethoxy-propene,,not found in PubChem
723,Allyl Fluoride 3-Fluoro-propene,Allyl Fluoride 3-Fluoro-propene,,not found in PubChem
725,Allyl Formate Formic acid allyl ester,Allyl Formate Formic acid allyl ester,,not found in PubChem
727,Allyl Iodide 3-Iodo-propene,Allyl Iodide 3-Iodo-propene,,not found in PubChem
729,Allyl Isocyanide 3-Isocyano-propene,Allyl Isocyanide 3-Isocyano-propene,,not found in PubChem
731,Allyl Isopropyl Ether 3-Isopropoxy-propene,Allyl Isopropyl Ether 3-Isopropoxy-propene,,not found in PubChem
734,Allyl Mercaptan Prop-2-ene-1-thiol,Allyl Mercaptan Prop-2-ene-1-thiol,,not found in PubChem
738,Allyl Methylether 3-Methoxy-propene,Allyl Methylether 3-Methoxy-propene,,not found in PubChem
744,Ammonia Ammonia,Ammonia Ammonia,,not found in PubChem
747,Amyl Acetate Acetic acid pentyl ester,Amyl Acetate Acetic acid pentyl ester,,not found in PubChem
753,Anisidine (2-Methoxyaniline) 2-Methoxy-phenylamine,Anisidine (2-Methoxyaniline) 2-Methoxy-phenylamine,,not found in PubChem
757,Azidoethane Azido-ethane,Azidoethane Azido-ethane,,not found in PubChem
759,Benzal Chloride Dichloromethyl-benzene,Benzal Chloride Dichloromethyl-benzene,,not found in PubChem
762,Benzamide Benzamide,Benzamide Benzamide,,not found in PubChem
765,Benzimidazole 1H-Benzoimidazole,Benzimidazole 1H-Benzoimidazole,,not found in PubChem
767,Benzisoxazole Benzo[d]isoxazole,Benzisoxazole Benzo[d]isoxazole,,not found in PubChem
769,Benzoic Acid Benzoic acid,Benzoic Acid Benzoic acid,,not found in PubChem
772,Benzonitrile Benzonitrile,Benzonitrile Benzonitrile,,not found in PubChem
774,Benzophenone Diphenyl-methanone,Benzophenone Diphenyl-methanone,,not found in PubChem
776,Benzothiazole Benzothiazole,Benzothiazole Benzothiazole,,not found in PubChem
780,Benzoyl Chloride Benzoyl chloride,Benzoyl Chloride Benzoyl chloride,,not found in PubChem
782,Benzyl Acetate Acetic acid benzyl ester,Benzyl Acetate Acetic acid benzyl ester,,not found in PubChem
785,Benzyl Amine Benzylamine,Benzyl Amine Benzylamine,,not found in PubChem
789,Benzyl Chloride Chloromethyl-benzene,Benzyl Chloride Chloromethyl-benzene,,not found in PubChem
796,Benzylethyl Ether Ethoxymethyl-benzene,Benzylethyl Ether Ethoxymethyl-benzene,,not found in PubChem
797,beta-Propiolactone Oxetan-2-one,beta-Propiolactone Oxetan-2-one,,not found in PubChem
800,Biphenyl Biphenyl,Biphenyl Biphenyl,,not found in PubChem
804,Bis2ChloroisopropylEther,Bis2ChloroisopropylEther,,not found in PubChem
807,Biuret Dicarbonimidic diamide,Biuret Dicarbonimidic diamide,,not found in PubChem
808,Borine Carbonyl,Borine Carbonyl,,not found in PubChem
814,Bromoacetylene Bromo-ethyne,Bromoacetylene Bromo-ethyne,,not found in PubChem
816,Bromobenzene Bromo-benzene,Bromobenzene Bromo-benzene,,not found in PubChem
818,Bromochloromethane Bromo-chloro-methane,Bromochloromethane Bromo-chloro-methane,,not found in PubChem
821,Bromoethylene Bromo-ethene,Bromoethylene Bromo-ethene,,not found in PubChem
823,Bromoform Tribromo-methane,Bromoform Tribromo-methane,,not found in PubChem
825,"Bromoprene 2-Bromo-buta-1,3-diene","Bromoprene 2-Bromo-buta-1,3-diene",,not found in PubChem
828,"Butadiene-4-Cyano Penta-2,4-dienenitrile","Butadiene-4-Cyano Penta-2,4-dienenitrile",,not found in PubChem
830,"Butadienedioxide [2,2']Bioxiranyl","Butadienedioxide [2,2']Bioxiranyl",,not found in PubChem
832,"Butadione Butane-2,3-dione","Butadione Butane-2,3-dione",,not found in PubChem
834,Butoxy Ethoxy Propanol,Butoxy Ethoxy Propanol,,not found in PubChem
838,Butyl Benzoate* Benzoic acid butyl ester,Butyl Benzoate* Benzoic acid butyl ester,,not found in PubChem
840,Butyl Formate Formic acid butyl ester,Butyl Formate Formic acid butyl ester,,not found in PubChem
841,Butyl Isopropenyl Ether,Butyl Isopropenyl Ether,,not found in PubChem
844,Butyl-6-Methyl-3-Cyclohexene Carboxylate,Butyl-6-Methyl-3-Cyclohexene Carboxylate,,not found in PubChem
848,Butyleneoxide 2-Ethyl-oxirane,Butyleneoxide 2-Ethyl-oxirane,,not found in PubChem
849,ButylPropionate,ButylPropionate,,not found in PubChem
852,Butyraldehyde* Butyraldehyde,Butyraldehyde* Butyraldehyde,,not found in PubChem
855,Butyric Anhydride Butanoic anhydride,Butyric Anhydride Butanoic anhydride,,not found in PubChem
858,Butyrylchloride Butyryl chloride,Butyrylchloride Butyryl chloride,,not found in PubChem
862,Caprolactone (Epsilon) Oxepan-2-one,Caprolactone (Epsilon) Oxepan-2-one,,not found in PubChem
864,Carbazole (Diphenylenimine) 9H-Carbazole,Carbazole (Diphenylenimine) 9H-Carbazole,,not found in PubChem
869,Carbonyl Cyanide 2-Oxo-malononitrile,Carbonyl Cyanide 2-Oxo-malononitrile,,not found in PubChem
912,Castor Oil,Castor Oil,,not found in PubChem
914,Cetyl Alcohol (1-Hexadecanol) Hexadecan-1-ol,Cetyl Alcohol (1-Hexadecanol) Hexadecan-1-ol,,not found in PubChem
916,Chloral Trichloro-acetaldehyde,Chloral Trichloro-acetaldehyde,,not found in PubChem
919,Chloro Acetaldehyde Chloro-acetaldehyde,Chloro Acetaldehyde Chloro-acetaldehyde,,not found in PubChem
921,Chloro Acetic Acid Chloro-acetic acid,Chloro Acetic Acid Chloro-acetic acid,,not found in PubChem
925,Chloroacetone 1-Chloro-propan-2-one,Chloroacetone 1-Chloro-propan-2-one,,not found in PubChem
927,Chloroacetonitrile Chloro-acetonitrile,Chloroacetonitrile Chloro-acetonitrile,,not found in PubChem
929,Chloroacetylchloride Chloro-acetyl chloride,Chloroacetylchloride Chloro-acetyl chloride,,not found in PubChem
931,Chloroacetylene Chloro-ethyne,Chloroacetylene Chloro-ethyne,,not found in PubChem
935,Chlorocyclopropane Chloro-cyclopropane,Chlorocyclopropane Chloro-cyclopropane,,not found in PubChem
937,Chlorodifluoromethane (Freon 22 Chloro-difluoro-methan,Chlorodifluoromethane (Freon 22 Chloro-difluoro-methan,,not found in PubChem
942,Chloronitromethane Chloro-nitro-methane,Chloronitromethane Chloro-nitro-methane,,not found in PubChem
944,Chloropicrin (Trichloronitromethane) Trichloro-nitro-methane,Chloropicrin (Trichloronitromethane) Trichloro-nitro-methane,,not found in PubChem
947,"Chlorprene 2-Chloro-buta-1,3-diene","Chlorprene 2-Chloro-buta-1,3-diene",,not found in PubChem
958,Coumarin Chromen-2-one,Coumarin Chromen-2-one,,not found in PubChem
960,Crotonaldehyde (E)-But-2-enal,Crotonaldehyde (E)-But-2-enal,,not found in PubChem
962,Crotonic Acid (E)-But-2-enoic acid,Crotonic Acid (E)-But-2-enoic acid,,not found in PubChem
964,Crotonlactone 5H-Furan-2-one,Crotonlactone 5H-Furan-2-one,,not found in PubChem
966,Cyanamid (Carbamonitrile) Cyanamide,Cyanamid (Carbamonitrile) Cyanamide,,not found in PubChem
973,Cyclobutanone Cyclobutanone,Cyclobutanone Cyclobutanone,,not found in PubChem
975,Cyclodecanone Cyclodecanone,Cyclodecanone Cyclodecanone,,not found in PubChem
980,Cycloheptanone Cycloheptanone,Cycloheptanone Cycloheptanone,,not found in PubChem
984,"Cyclohexane-1,2-Dicarboxylic Acid Di-Isononyl Ether","Cyclohexane-1,2-Dicarboxylic Acid Di-Isononyl Ether",,not found in PubChem
990,Cyclohexene Cyclohexene,Cyclohexene Cyclohexene,,not found in PubChem
998,Cyclooctanone Cyclooctanone,Cyclooctanone Cyclooctanone,,not found in PubChem
1000,"Cyclopentadiene Cyclopenta-1,3-diene","Cyclopentadiene Cyclopenta-1,3-diene",,not found in PubChem
1006,Cyclopentanone Cyclopentanone,Cyclopentanone Cyclopentanone,,not found in PubChem
1008,Cyclopentene Cyclopentene,Cyclopentene Cyclopentene,,not found in PubChem
1012,Cyclopropene Cyclopropene,Cyclopropene Cyclopropene,,not found in PubChem
1014,Cyclopropylmethylketone 1-Cyclopropyl-ethanone,Cyclopropylmethylketone 1-Cyclopropyl-ethanone,,not found in PubChem
1024,Di Butyl Fumarate,Di Butyl Fumarate,,not found in PubChem
1042,Di-n-Butyl Ether 1-Butoxy-butane,Di-n-Butyl Ether 1-Butoxy-butane,,not found in PubChem
1045,Di-n-Pentyl Ether 1-Pentyloxy-pentane,Di-n-Pentyl Ether 1-Pentyloxy-pentane,,not found in PubChem
1047,Di-n-Propyl Ether 1-Propoxy-propane,Di-n-Propyl Ether 1-Propoxy-propane,,not found in PubChem
1052,Diallyl Amine Diallyl-amine,Diallyl Amine Diallyl-amine,,not found in PubChem
1054,Diallyl Ether 3-Allyloxy-propene,Diallyl Ether 3-Allyloxy-propene,,not found in PubChem
1056,Diazomethane Diazomethane,Diazomethane Diazomethane,,not found in PubChem
1059,Dibromo Methane Dibromo-methane,Dibromo Methane Dibromo-methane,,not found in PubChem
1062,Dibutyl Amine Dibutyl-amine,Dibutyl Amine Dibutyl-amine,,not found in PubChem
1064,Dibutyl Ketone Nonan-5-one,Dibutyl Ketone Nonan-5-one,,not found in PubChem
1069,Dichloroacetaldehyde Dichloro-acetaldehyde,Dichloroacetaldehyde Dichloro-acetaldehyde,,not found in PubChem
1071,Dichloroacetic Acid Dichloro-acetic acid,Dichloroacetic Acid Dichloro-acetic acid,,not found in PubChem
1073,Dichloroacetonitrile Dichloro-acetonitrile,Dichloroacetonitrile Dichloro-acetonitrile,,not found in PubChem
1080,Dichloromonofluoromethane (Freon 21 Dichloro-fluoro-methan,Dichloromonofluoromethane (Freon 21 Dichloro-fluoro-methan,,not found in PubChem
1088,Diethyl Ketone Pentan-3-one,Diethyl Ketone Pentan-3-one,,not found in PubChem
1091,Diethyl Oxalate Oxalic acid diethyl ester,Diethyl Oxalate Oxalic acid diethyl ester,,not found in PubChem
1098,Diethyldisulfid Ethyldisulfanyl-ethane,Diethyldisulfid Ethyldisulfanyl-ethane,,not found in PubChem
1106,Diethylene Glycol Methyl t-Butyl Ether,Diethylene Glycol Methyl t-Butyl Ether,,not found in PubChem
1112,DiethyleneGlycolButylEther,DiethyleneGlycolButylEther,,not found in PubChem
1114,DiethyleneGlycolMethylEther,DiethyleneGlycolMethylEther,,not found in PubChem
1118,Dihexyl Ether 1-Hexyloxy-hexane,Dihexyl Ether 1-Hexyloxy-hexane,,not found in PubChem
1120,Dihydrogen Disulfid,Dihydrogen Disulfid,,not found in PubChem
1123,"Dihydropyran 3,4-Dihydro-2H-pyran","Dihydropyran 3,4-Dihydro-2H-pyran",,not found in PubChem
1127,Diisopropylamine Diisopropyl-amine,Diisopropylamine Diisopropyl-amine,,not found in PubChem
1132,Dimethyl Acetylene But-2-yne,Dimethyl Acetylene But-2-yne,,not found in PubChem
1135,Dimethyl Amine Dimethyl-amine,Dimethyl Amine Dimethyl-amine,,not found in PubChem
1138,"Dimethyl Cellosolve 1,2-Dimethoxy-ethane","Dimethyl Cellosolve 1,2-Dimethoxy-ethane",,not found in PubChem
1139,"Dimethyl Diketone Butane-2,3-dione","Dimethyl Diketone Butane-2,3-dione",,not found in PubChem
1143,Dimethyl Ether Methoxymethane,Dimethyl Ether Methoxymethane,,not found in PubChem
1148,Dimethyl Ketene 2-Methyl-propen-1-one,Dimethyl Ketene 2-Methyl-propen-1-one,,not found in PubChem
1154,Dimethyl Sulfid Methylsulfanyl-methane,Dimethyl Sulfid Methylsulfanyl-methane,,not found in PubChem
1161,DiNOctylPhthalate,DiNOctylPhthalate,,not found in PubChem
1167,Diphenyl Acetylene P from Group Cont. (Phenylethynyl)benzene,Diphenyl Acetylene P from Group Cont. (Phenylethynyl)benzene,,not found in PubChem
1169,Diphenyl Ether* Diphenyl ether,Diphenyl Ether* Diphenyl ether,,not found in PubChem
1172,Diphenyl Sulfone (Phenylsulfonyl)benzene,Diphenyl Sulfone (Phenylsulfonyl)benzene,,not found in PubChem
1174,Diphenylamine Diphenyl-amine,Diphenylamine Diphenyl-amine,,not found in PubChem
1176,Diphenylmethane Benzylbenzene,Diphenylmethane Benzylbenzene,,not found in PubChem
1179,Dipropyl Ketone* Heptan-4-one,Dipropyl Ketone* Heptan-4-one,,not found in PubChem
1183,Dipropylene Glycol Mono n-Butyl Ether,Dipropylene Glycol Mono n-Butyl Ether,,not found in PubChem
1184,Dipropylene Glycol Mono n-Propyl Ether,Dipropylene Glycol Mono n-Propyl Ether,,not found in PubChem
1186,DiPropyleneGlycolButylEther,DiPropyleneGlycolButylEther,,not found in PubChem
1187,Divinyl Sulfid Vinylsulfanyl-ethene,Divinyl Sulfid Vinylsulfanyl-ethene,,not found in PubChem
1189,DLLimonene,DLLimonene,,not found in PubChem
1192,Dodecanol Dodecan-1-ol,Dodecanol Dodecan-1-ol,,not found in PubChem
1194,DowanolDpm,DowanolDpm,,not found in PubChem
1199,Epsilon-Caprolactam Azepan-2-one,Epsilon-Caprolactam Azepan-2-one,,not found in PubChem
1202,Ethanesulfonylchloride Ethanesulfonyl chloride,Ethanesulfonylchloride Ethanesulfonyl chloride,,not found in PubChem
1204,Ethanethiol (Ethyl Mercaptan) Ethanethiol,Ethanethiol (Ethyl Mercaptan) Ethanethiol,,not found in PubChem
1208,Ethoxyethyl Propionate,Ethoxyethyl Propionate,,not found in PubChem
1213,Ethyl Acetylene But-1-yne,Ethyl Acetylene But-1-yne,,not found in PubChem
1216,Ethyl Amine Ethylamine,Ethyl Amine Ethylamine,,not found in PubChem
1218,Ethyl Amyl Ketone Octan-3-one,Ethyl Amyl Ketone Octan-3-one,,not found in PubChem
1220,Ethyl Benzoate Benzoic acid ethyl ester,Ethyl Benzoate Benzoic acid ethyl ester,,not found in PubChem
1222,Ethyl Bromide Bromo-ethane,Ethyl Bromide Bromo-ethane,,not found in PubChem
1225,Ethyl Butyl Ketone Heptan-3-one,Ethyl Butyl Ketone Heptan-3-one,,not found in PubChem
1227,Ethyl Butyrate Butyric acid ethyl ester,Ethyl Butyrate Butyric acid ethyl ester,,not found in PubChem
1228,Ethyl Caproate Hexanoic acid ethyl ester,Ethyl Caproate Hexanoic acid ethyl ester,,not found in PubChem
1230,Ethyl Carbamate Carbamic acid eth yl ester,Ethyl Carbamate Carbamic acid eth yl ester,,not found in PubChem
1231,Ethyl Carbylamine,Ethyl Carbylamine,,not found in PubChem
1232,Ethyl Carbylamine Isocyano-ethane,Ethyl Carbylamine Isocyano-ethane,,not found in PubChem
1234,Ethyl Chloride Chloro-ethane,Ethyl Chloride Chloro-ethane,,not found in PubChem
1236,Ethyl Chloroformate Ethyl chloridocarbonate,Ethyl Chloroformate Ethyl chloridocarbonate,,not found in PubChem
1241,Ethyl Ethynylether Ethoxy-ethyne,Ethyl Ethynylether Ethoxy-ethyne,,not found in PubChem
1244,Ethyl Formate Formic acid ethyl ester,Ethyl Formate Formic acid ethyl ester,,not found in PubChem
1246,Ethyl Hypochlorite Ethyl hypochlorite,Ethyl Hypochlorite Ethyl hypochlorite,,not found in PubChem
1248,Ethyl Iodide Iodo-ethane,Ethyl Iodide Iodo-ethane,,not found in PubChem
1250,Ethyl Isocyanate Isocyanato-ethane,Ethyl Isocyanate Isocyanato-ethane,,not found in PubChem
1252,Ethyl Isopropenyl Ether 2-Ethoxy-propene,Ethyl Isopropenyl Ether 2-Ethoxy-propene,,not found in PubChem
1254,Ethyl Isothiocyanate Isothiocyanato-ethane,Ethyl Isothiocyanate Isothiocyanato-ethane,,not found in PubChem
1259,Ethyl Methyl Sulfid Methylsulfanyl-ethane,Ethyl Methyl Sulfid Methylsulfanyl-ethane,,not found in PubChem
1264,Ethyl Propionate Propionic acid ethyl ester,Ethyl Propionate Propionic acid ethyl ester,,not found in PubChem
1266,Ethyl Thiocyanate Thiocyanato-ethane,Ethyl Thiocyanate Thiocyanato-ethane,,not found in PubChem
1269,Ethyl Vinylether Ethoxy-ethene,Ethyl Vinylether Ethoxy-ethene,,not found in PubChem
1271,Ethyl Vinylketone Pent-1-en-3-one,Ethyl Vinylketone Pent-1-en-3-one,,not found in PubChem
1273,Ethyl-1-Propynylether 1-Ethoxy-propyne,Ethyl-1-Propynylether 1-Ethoxy-propyne,,not found in PubChem
1279,Ethylene Chlorohydrin 2-Chloro-ethanol,Ethylene Chlorohydrin 2-Chloro-ethanol,,not found in PubChem
1282,"Ethylene Dibromide 1,2-Dibromo-ethane","Ethylene Dibromide 1,2-Dibromo-ethane",,not found in PubChem
1285,"Ethylene Dinitrate 1,2-Bis-nitrooxy-ethane","Ethylene Dinitrate 1,2-Bis-nitrooxy-ethane",,not found in PubChem
1286,Ethylene Ethene,Ethylene Ethene,,not found in PubChem
1290,Ethylene Glycol Butyl Methyl Ether,Ethylene Glycol Butyl Methyl Ether,,not found in PubChem
1295,"Ethylene Glycol Diethyl Ether 1,2-Diethoxy-ethane","Ethylene Glycol Diethyl Ether 1,2-Diethoxy-ethane",,not found in PubChem
1297,"Ethylene Glycol Dimethyl Ether 1,2-Dimethoxy-ethane","Ethylene Glycol Dimethyl Ether 1,2-Dimethoxy-ethane",,not found in PubChem
1298,Ethylene Glycol Methyl t-Butyl Ether,Ethylene Glycol Methyl t-Butyl Ether,,not found in PubChem
1299,Ethylene Glycol Mono 2-Ethyl Hexyl Ether,Ethylene Glycol Mono 2-Ethyl Hexyl Ether,,not found in PubChem
1302,Ethylene Glycol Mono n-He xyl Ether 2-Hexyloxy-ethanol,Ethylene Glycol Mono n-He xyl Ether 2-Hexyloxy-ethanol,,not found in PubChem
1304,Ethylene Glycol Mono n-Prop yl Ether 2-Propoxy-ethanol,Ethylene Glycol Mono n-Prop yl Ether 2-Propoxy-ethanol,,not found in PubChem
1307,Ethylene Glycol Monobenzyl Ether 2-Benzyloxy-ethanol,Ethylene Glycol Monobenzyl Ether 2-Benzyloxy-ethanol,,not found in PubChem
1313,Ethylene Glycol Monoisopropyl Ether 2-Isopropoxy-ethanol,Ethylene Glycol Monoisopropyl Ether 2-Isopropoxy-ethanol,,not found in PubChem
1316,Ethylene Glycol Monophenyl Ether 2-Phenoxy-ethanol,Ethylene Glycol Monophenyl Ether 2-Phenoxy-ethanol,,not found in PubChem
1318,Ethylene Methyl Sulfonate,Ethylene Methyl Sulfonate,,not found in PubChem
1320,Ethylene Oxide Oxirane,Ethylene Oxide Oxirane,,not found in PubChem
1321,Ethylene Sulfid Thiirane,Ethylene Sulfid Thiirane,,not found in PubChem
1324,"Ethylenediamine Ethane-1,2-diamine","Ethylenediamine Ethane-1,2-diamine",,not found in PubChem
1325,EthyleneGlycolButylEther,EthyleneGlycolButylEther,,not found in PubChem
1326,EthyleneGlycolMonophenylEther,EthyleneGlycolMonophenylEther,,not found in PubChem
1328,Ethyleneimine Aziridine,Ethyleneimine Aziridine,,not found in PubChem
1330,Ethylidene Acetone Pent-3-en-2-one,Ethylidene Acetone Pent-3-en-2-one,,not found in PubChem
1332,Ethynyl Methyl Ether Methoxy-ethyne,Ethynyl Methyl Ether Methoxy-ethyne,,not found in PubChem
1333,Ethynyl Propyl Ether,Ethynyl Propyl Ether,,not found in PubChem
1334,Ethynyl Propyl Ether 1-Ethynyloxy-propane,Ethynyl Propyl Ether 1-Ethynyloxy-propane,,not found in PubChem
1340,Fluorene 9H-Fluorene,Fluorene 9H-Fluorene,,not found in PubChem
1342,Fluorobenzene Fluoro-benzene,Fluorobenzene Fluoro-benzene,,not found in PubChem
1344,Fluoroethylene Fluoro-ethene,Fluoroethylene Fluoro-ethene,,not found in PubChem
1346,Fluoromethane Fluoromethane,Fluoromethane Fluoromethane,,not found in PubChem
1349,Formaldehyde Formaldehyde,Formaldehyde Formaldehyde,,not found in PubChem
1353,Formyl Fluoride Formyl fluorid,Formyl Fluoride Formyl fluorid,,not found in PubChem
1355,Fumaronitrile (E)-But-2-enedinitrile,Fumaronitrile (E)-But-2-enedinitrile,,not found in PubChem
1360,Furfural Furan-2-carbaldehyde,Furfural Furan-2-carbaldehyde,,not found in PubChem
1370,Gamma-Thiobutyrolactone Dihydro-thiophen-2-one,Gamma-Thiobutyrolactone Dihydro-thiophen-2-one,,not found in PubChem
1374,Glycerol Carbonate Acetate,Glycerol Carbonate Acetate,,not found in PubChem
1375,Glycerol Carbonate Ethyl Ether,Glycerol Carbonate Ethyl Ether,,not found in PubChem
1380,Glycidaldehyde* Oxirane-2-carbaldehyde,Glycidaldehyde* Oxirane-2-carbaldehyde,,not found in PubChem
1382,Glycidol Oxiranyl-methanol,Glycidol Oxiranyl-methanol,,not found in PubChem
1385,Glyoxal (Ethandial) Ethanedial,Glyoxal (Ethandial) Ethanedial,,not found in PubChem
1396,Hexafluorohexanol,Hexafluorohexanol,,not found in PubChem
1403,Hexanal Hexanal,Hexanal Hexanal,,not found in PubChem
1407,Hexanoic Acid Hexanoic acid,Hexanoic Acid Hexanoic acid,,not found in PubChem
1410,Hexyl Acetate Acetic acid hexyl ester,Hexyl Acetate Acetic acid hexyl ester,,not found in PubChem
1416,"Hexylene Glycol Hexane-1,6-diol","Hexylene Glycol Hexane-1,6-diol",,not found in PubChem
1418,Hydrazine Hydrazine,Hydrazine Hydrazine,,not found in PubChem
1420,Hydrogen Cyanide Nitrilomethane,Hydrogen Cyanide Nitrilomethane,,not found in PubChem
1422,Hydrogen Peroxide Hydrogen peroxide,Hydrogen Peroxide Hydrogen peroxide,,not found in PubChem
1423,Hydrogen Sulfid,Hydrogen Sulfid,,not found in PubChem
1428,Indene 1H-Indene,Indene 1H-Indene,,not found in PubChem
1430,Indole 1H-Indole,Indole 1H-Indole,,not found in PubChem
1431,Iodobenzene* Iodo-benzene,Iodobenzene* Iodo-benzene,,not found in PubChem
1433,Iodoform Triiodo-methane,Iodoform Triiodo-methane,,not found in PubChem
1434,"Iodoprene 2-Iodo-buta-1,3-diene","Iodoprene 2-Iodo-buta-1,3-diene",,not found in PubChem
1437,Isoamyl Alcohol (3-Methyl-1-Butanol) 3-Methyl-butan-1-ol,Isoamyl Alcohol (3-Methyl-1-Butanol) 3-Methyl-butan-1-ol,,not found in PubChem
1449,Isobutylene Isobutene,Isobutylene Isobutene,,not found in PubChem
1451,"Isobutyleneoxide 2,2-Dimethyl-oxirane","Isobutyleneoxide 2,2-Dimethyl-oxirane",,not found in PubChem
1453,Isobutyric Acid Isobutyric acid,Isobutyric Acid Isobutyric acid,,not found in PubChem
1455,Isocyanic Acid Imino-methanone,Isocyanic Acid Imino-methanone,,not found in PubChem
1459,Isooctyl Alcohol 6-Methyl-heptan-1-ol,Isooctyl Alcohol 6-Methyl-heptan-1-ol,,not found in PubChem
1464,"Isoprene (2-Methyl-1,3-Butadiene) 2-Methyl-buta-1,3-diene","Isoprene (2-Methyl-1,3-Butadiene) 2-Methyl-buta-1,3-diene",,not found in PubChem
1469,Isopropyl Amine (2-Propan Amine) Isopropylamine,Isopropyl Amine (2-Propan Amine) Isopropylamine,,not found in PubChem
1471,Isopropyl Benzene (Cumene) Isopropyl-benzene,Isopropyl Benzene (Cumene) Isopropyl-benzene,,not found in PubChem
1473,Isopropyl Chloride (2-Chloro Propane) 2-Chloro-propane,Isopropyl Chloride (2-Chloro Propane) 2-Chloro-propane,,not found in PubChem
1475,Isopropyl Ether 2-Isopropoxy-propane,Isopropyl Ether 2-Isopropoxy-propane,,not found in PubChem
1478,Isovaleraldehyde 3-Methyl-butyraldehyde,Isovaleraldehyde 3-Methyl-butyraldehyde,,not found in PubChem
1481,Isovaleric Acid 3-Methyl-butyric acid,Isovaleric Acid 3-Methyl-butyric acid,,not found in PubChem
1483,Isoxazole Isoxazole,Isoxazole Isoxazole,,not found in PubChem
1485,Ketene Ethenone,Ketene Ethenone,,not found in PubChem
1501,m-Chloroaniline 3-Chloro-phenylamine,m-Chloroaniline 3-Chloro-phenylamine,,not found in PubChem
1507,"m-Dichlorobenzene 1,3-Dichloro-benzene","m-Dichlorobenzene 1,3-Dichloro-benzene",,not found in PubChem
1514,"Maleic Anhydride Furan-2,5-dione","Maleic Anhydride Furan-2,5-dione",,not found in PubChem
1516,Malononitrile Malononitrile,Malononitrile Malononitrile,,not found in PubChem
1525,Methacrylaldehyde 2-Methyl-propenal,Methacrylaldehyde 2-Methyl-propenal,,not found in PubChem
1527,Methacrylamide 2-Methyl-acrylamide,Methacrylamide 2-Methyl-acrylamide,,not found in PubChem
1537,Methyl 1-Propenyl Ether 1-Methoxy-propene,Methyl 1-Propenyl Ether 1-Methoxy-propene,,not found in PubChem
1542,Methyl Acetylene Propyne,Methyl Acetylene Propyne,,not found in PubChem
1544,Methyl Allyl Cyanide,Methyl Allyl Cyanide,,not found in PubChem
1546,Methyl Amine Methylamine,Methyl Amine Methylamine,,not found in PubChem
1550,Methyl Bromide Bromomethane,Methyl Bromide Bromomethane,,not found in PubChem
1552,Methyl Butyl Ketone Hexan-2-one,Methyl Butyl Ketone Hexan-2-one,,not found in PubChem
1554,Methyl Chloride Chloromethane,Methyl Chloride Chloromethane,,not found in PubChem
1560,Methyl Ethyl Ether Methoxy-ethane,Methyl Ethyl Ether Methoxy-ethane,,not found in PubChem
1564,Methyl Formate Formic acid methyl ester,Methyl Formate Formic acid methyl ester,,not found in PubChem
1568,Methyl Glyoxal 2-Oxo-propionaldehyde,Methyl Glyoxal 2-Oxo-propionaldehyde,,not found in PubChem
1572,Methyl Hydrazine Methyl-hydrazine,Methyl Hydrazine Methyl-hydrazine,,not found in PubChem
1574,Methyl Hydroperoxide Methyl-hydroperoxide,Methyl Hydroperoxide Methyl-hydroperoxide,,not found in PubChem
1576,Methyl Iodide Iodomethane,Methyl Iodide Iodomethane,,not found in PubChem
1581,Methyl Isocyanate Isocyanatomethane,Methyl Isocyanate Isocyanatomethane,,not found in PubChem
1585,Methyl Isothiocyanate Isothiocyanatomethane,Methyl Isothiocyanate Isothiocyanatomethane,,not found in PubChem
1588,Methyl Mercaptan Methanethiol,Methyl Mercaptan Methanethiol,,not found in PubChem
1591,Methyl n-Amyl Ketone Heptan-2-one,Methyl n-Amyl Ketone Heptan-2-one,,not found in PubChem
1593,Methyl n-Propyl Ketone Pentan-2-one,Methyl n-Propyl Ketone Pentan-2-one,,not found in PubChem
1595,Methyl Nitrate Nitrooxymethane,Methyl Nitrate Nitrooxymethane,,not found in PubChem
1598,Methyl Phenyl Sulfid Methylsulfanyl-benzene,Methyl Phenyl Sulfid Methylsulfanyl-benzene,,not found in PubChem
1609,Methyl Thiocyanate Thiocyanatomethane,Methyl Thiocyanate Thiocyanatomethane,,not found in PubChem
1611,Methyl Vinyl Ether Methoxy-ethene,Methyl Vinyl Ether Methoxy-ethene,,not found in PubChem
1613,Methyl Vinyl Ketone But-3-en-2-one,Methyl Vinyl Ketone But-3-en-2-one,,not found in PubChem
1614,Methyl Vinyl Sulfid Methylsulfanyl-ethene,Methyl Vinyl Sulfid Methylsulfanyl-ethene,,not found in PubChem
1617,Methyl Vinyl Sulfone Methylsulfonyl-ethene,Methyl Vinyl Sulfone Methylsulfonyl-ethene,,not found in PubChem
1619,Methyl-1-Propynyl Ether 1-Methoxy-propyne,Methyl-1-Propynyl Ether 1-Methoxy-propyne,,not found in PubChem
1627,Methylene Diiodide Diiodo-methane,Methylene Diiodide Diiodo-methane,,not found in PubChem
1634,"N,N,N,N-Tetramethylthiourea Tetramethyl-thiourea","N,N,N,N-Tetramethylthiourea Tetramethyl-thiourea",,not found in PubChem
1636,"N,N-Dibutyl Formamide N,N-Dibutyl-formamide","N,N-Dibutyl Formamide N,N-Dibutyl-formamide",,not found in PubChem
1638,"N,N-Dichloromethyl Amine","N,N-Dichloromethyl Amine",,not found in PubChem
1639,"N,N-Dichloromethyl Amine Bis-chloromethyl-amine","N,N-Dichloromethyl Amine Bis-chloromethyl-amine",,not found in PubChem
1641,"N,N-Diethyl Acetamide N,N-Diethyl-acetamide","N,N-Diethyl Acetamide N,N-Diethyl-acetamide",,not found in PubChem
1643,"N,N-Diethyl Formamide N,N-Diethyl-formamide","N,N-Diethyl Formamide N,N-Diethyl-formamide",,not found in PubChem
1648,"N,NDimethylhydrazine","N,NDimethylhydrazine",,not found in PubChem
1651,N-Acetyl Caprolactam 1-Acetyl-azepan-2-one,N-Acetyl Caprolactam 1-Acetyl-azepan-2-one,,not found in PubChem
1660,n-Butyl Amine Butylamine,n-Butyl Amine Butylamine,,not found in PubChem
1662,n-Butyl Butyrate Butyric acid butyl ester,n-Butyl Butyrate Butyric acid butyl ester,,not found in PubChem
1667,N-Butyl Pyrrolidone 1-Butyl-pyrrolidin-2-one,N-Butyl Pyrrolidone 1-Butyl-pyrrolidin-2-one,,not found in PubChem
1670,n-Butylbenzene Butyl-benzene,n-Butylbenzene Butyl-benzene,,not found in PubChem
1672,n-Butyramide Butyramide,n-Butyramide Butyramide,,not found in PubChem
1677,N-Ethyl Formamide N-Ethyl-formamide,N-Ethyl Formamide N-Ethyl-formamide,,not found in PubChem
1679,N-Ethyl-2-Pyrrolidone 1-Ethyl-pyrrolidin-2-one,N-Ethyl-2-Pyrrolidone 1-Ethyl-pyrrolidin-2-one,,not found in PubChem
1680,N-Formyl Hexamethylene Imine Azepane-1-carbaldehyde,N-Formyl Hexamethylene Imine Azepane-1-carbaldehyde,,not found in PubChem
1684,n-Heptyl Acetate Acetic acid heptyl ester,n-Heptyl Acetate Acetic acid heptyl ester,,not found in PubChem
1687,N-Methyl Acetamide N-Methyl-acetamide,N-Methyl Acetamide N-Methyl-acetamide,,not found in PubChem
1689,N-Methyl Formamide N-Methyl-formamide,N-Methyl Formamide N-Methyl-formamide,,not found in PubChem
1691,N-Methyl Pyrrolidine 1-Methyl-pyrrolidine,N-Methyl Pyrrolidine 1-Methyl-pyrrolidine,,not found in PubChem
1694,N-Methylaniline Methyl-phenyl-amine,N-Methylaniline Methyl-phenyl-amine,,not found in PubChem
1700,n-Propyl Acetate Acetic acid propyl ester,n-Propyl Acetate Acetic acid propyl ester,,not found in PubChem
1702,n-Propyl Nitrate 1-Nitrooxy-propane,n-Propyl Nitrate 1-Nitrooxy-propane,,not found in PubChem
1709,Naphthalene Naphthalene,Naphthalene Naphthalene,,not found in PubChem
1717,Nitroethylene Nitro-ethene,Nitroethylene Nitro-ethene,,not found in PubChem
1722,Nitrosobenzene Nitroso-benzene,Nitrosobenzene Nitroso-benzene,,not found in PubChem
1728,Nonyl Phenol 4-Nonyl-phenol,Nonyl Phenol 4-Nonyl-phenol,,not found in PubChem
1741,o-Chlorothiophenol 2-Chloro-benzenethiol,o-Chlorothiophenol 2-Chloro-benzenethiol,,not found in PubChem
1744,"o-Dibromobenzene 1,2-Dibromo-benzene","o-Dibromobenzene 1,2-Dibromo-benzene",,not found in PubChem
1746,"o-Difluorobenzen 1,2-Difluoro-benzen","o-Difluorobenzen 1,2-Difluoro-benzen",,not found in PubChem
1750,o-Methoxyphenol (Guaiacol) 2-Methoxy-phenol,o-Methoxyphenol (Guaiacol) 2-Methoxy-phenol,,not found in PubChem
1755,o-Xylene o-Xylene,o-Xylene o-Xylene,,not found in PubChem
1762,Octanoic Acid Octanoic acid,Octanoic Acid Octanoic acid,,not found in PubChem
1764,Octyl Acetate Acetic acid octyl ester,Octyl Acetate Acetic acid octyl ester,,not found in PubChem
1768,Oleyl Alcohol (Z)-Octadec-9-en-1-ol,Oleyl Alcohol (Z)-Octadec-9-en-1-ol,,not found in PubChem
1770,Oxalic Acid Oxalic acid,Oxalic Acid Oxalic acid,,not found in PubChem
1772,Oxalylchloride Oxalyl dichloride,Oxalylchloride Oxalyl dichloride,,not found in PubChem
1775,Oxetane (Trimethylene Oxide) Oxetane,Oxetane (Trimethylene Oxide) Oxetane,,not found in PubChem
1778,p-Anisidine (Methoxy Aniline) 4-Methoxy-phenylamine,p-Anisidine (Methoxy Aniline) 4-Methoxy-phenylamine,,not found in PubChem
1781,p-Bromobenzonitrile 4-Bromo-benzonitrile,p-Bromobenzonitrile 4-Bromo-benzonitrile,,not found in PubChem
1793,"p-Dichlorobenzene 1,4-Dichloro-benzene","p-Dichlorobenzene 1,4-Dichloro-benzene",,not found in PubChem
1796,"p-Divinyl Benzene 1,4-Divinyl-benzene","p-Divinyl Benzene 1,4-Divinyl-benzene",,not found in PubChem
1813,Pentamethylene Sulfid Tetrahydro-thiopyran,Pentamethylene Sulfid Tetrahydro-thiopyran,,not found in PubChem
1815,Pentanal (Valeraldehyde) Pentanal,Pentanal (Valeraldehyde) Pentanal,,not found in PubChem
1818,Pentanoic Acid Pentanoic acid,Pentanoic Acid Pentanoic acid,,not found in PubChem
1820,PentylAcetate,PentylAcetate,,not found in PubChem
1830,Phenetole (Ethyl Phenyl Ether) Ethoxy-benzene,Phenetole (Ethyl Phenyl Ether) Ethoxy-benzene,,not found in PubChem
1832,Phenol Phenol,Phenol Phenol,,not found in PubChem
1836,Phenyl Acetate Acetic acid phenyl ester,Phenyl Acetate Acetic acid phenyl ester,,not found in PubChem
1838,Phenyl Acetonitrile Phenyl-acetonitrile,Phenyl Acetonitrile Phenyl-acetonitrile,,not found in PubChem
1840,Phenyl Acetylene Ethynyl-benzene,Phenyl Acetylene Ethynyl-benzene,,not found in PubChem
1842,Phenylhydrazine Phenyl-hydrazine,Phenylhydrazine Phenyl-hydrazine,,not found in PubChem
1844,Phosgene Carbonyl dichloride,Phosgene Carbonyl dichloride,,not found in PubChem
1846,Phosphoric Acid Phosphoric acid,Phosphoric Acid Phosphoric acid,,not found in PubChem
1851,"Phthalic Anhydride Isobenzofuran-1,3-dione","Phthalic Anhydride Isobenzofuran-1,3-dione",,not found in PubChem
1853,"Picric Acid (2,4,6-Trinitrophenol) Picric acid","Picric Acid (2,4,6-Trinitrophenol) Picric acid",,not found in PubChem
1854,Pine Oil,Pine Oil,,not found in PubChem
1858,Piperazine Piperazine,Piperazine Piperazine,,not found in PubChem
1860,Piperidine Piperidine,Piperidine Piperidine,,not found in PubChem
1865,Propargylaldehyde Propynal,Propargylaldehyde Propynal,,not found in PubChem
1867,Propionaldehyde* Propionaldehyde,Propionaldehyde* Propionaldehyde,,not found in PubChem
1868,"Propionaldehyde-2,3-Epoxy* Oxirane-2-carbaldehyde","Propionaldehyde-2,3-Epoxy* Oxirane-2-carbaldehyde",,not found in PubChem
1870,Propionamide Propionamide,Propionamide Propionamide,,not found in PubChem
1872,Propionic Acid Propionic acid,Propionic Acid Propionic acid,,not found in PubChem
1874,Propionic Anhydride Propanoic anhydride,Propionic Anhydride Propanoic anhydride,,not found in PubChem
1876,Propionitrile Propionitrile,Propionitrile Propionitrile,,not found in PubChem
1878,Propionylchloride Propionyl chloride,Propionylchloride Propionyl chloride,,not found in PubChem
1880,Propyl Amine Propylamine,Propyl Amine Propylamine,,not found in PubChem
1882,Propyl Chloride 1-Chloro-propane,Propyl Chloride 1-Chloro-propane,,not found in PubChem
1884,Propyl Formate Formic acid propyl ester,Propyl Formate Formic acid propyl ester,,not found in PubChem
1892,Propylene Chlorohydrin 1-Chloro-propan-2-ol,Propylene Chlorohydrin 1-Chloro-propan-2-ol,,not found in PubChem
1896,Propylene Glycol Monobutyl Ether 1-Butoxy-propan-2-ol,Propylene Glycol Monobutyl Ether 1-Butoxy-propan-2-ol,,not found in PubChem
1898,Propylene Glycol Monoethyl Ether 1-Ethoxy-propan-2-ol,Propylene Glycol Monoethyl Ether 1-Ethoxy-propan-2-ol,,not found in PubChem
1901,Propylene Glycol Monoisobutyl Ether 1-Isobutoxy-propan-2-ol,Propylene Glycol Monoisobutyl Ether 1-Isobutoxy-propan-2-ol,,not found in PubChem
1906,Propylene Glycol Monophenyl Ether 1-Phenoxy-propan-2-ol,Propylene Glycol Monophenyl Ether 1-Phenoxy-propan-2-ol,,not found in PubChem
1908,Propylene Glycol Monopropyl Ether 1-Propoxy-propan-2-ol,Propylene Glycol Monopropyl Ether 1-Propoxy-propan-2-ol,,not found in PubChem
1910,Propylene Imine (2-Methyl Aziridine) 2-Methyl-aziridine,Propylene Imine (2-Methyl Aziridine) 2-Methyl-aziridine,,not found in PubChem
1912,Propylene Oxide 2-Methyl-oxirane,Propylene Oxide 2-Methyl-oxirane,,not found in PubChem
1913,Propylene Propene,Propylene Propene,,not found in PubChem
1914,PropylPropionate,PropylPropionate,,not found in PubChem
1916,Propynonitrile Propynenitrile,Propynonitrile Propynenitrile,,not found in PubChem
1920,Pyrazole 1H-Pyrazole,Pyrazole 1H-Pyrazole,,not found in PubChem
1922,Pyridazine Pyridazine,Pyridazine Pyridazine,,not found in PubChem
1926,"Pyrogallol (1,2,3-Trihydroxybenzene) Benzene-1,2,3-triol","Pyrogallol (1,2,3-Trihydroxybenzene) Benzene-1,2,3-triol",,not found in PubChem
1928,Pyrrole 1H-Pyrrole,Pyrrole 1H-Pyrrole,,not found in PubChem
1930,Pyrrolidine Pyrrolidine,Pyrrolidine Pyrrolidine,,not found in PubChem
1932,Pyruvonitrile 2-Oxo-propionitrile,Pyruvonitrile 2-Oxo-propionitrile,,not found in PubChem
1935,Quinoline Quinoline,Quinoline Quinoline,,not found in PubChem
1940,Salicylic Acid 2-Hydroxy-benzoic acid,Salicylic Acid 2-Hydroxy-benzoic acid,,not found in PubChem
1942,Sebacic Acid Decanedioic acid,Sebacic Acid Decanedioic acid,,not found in PubChem
1947,Skatole 3-Methyl-1H-indole,Skatole 3-Methyl-1H-indole,,not found in PubChem
1950,Stearic Acid Octadecanoic acid,Stearic Acid Octadecanoic acid,,not found in PubChem
1954,Styrene Oxide (Phenyl Oxirane) 2-Phenyl-oxirane,Styrene Oxide (Phenyl Oxirane) 2-Phenyl-oxirane,,not found in PubChem
1956,Succinaldehyde (Butanedial) Succinaldehyde,Succinaldehyde (Butanedial) Succinaldehyde,,not found in PubChem
1958,"Succinic Anhydride Dihydro-furan-2,5-dione","Succinic Anhydride Dihydro-furan-2,5-dione",,not found in PubChem
1960,Succinonitrile Succinonitrile,Succinonitrile Succinonitrile,,not found in PubChem
1965,Sulfur Dioxide Oxosulfane oxide,Sulfur Dioxide Oxosulfane oxide,,not found in PubChem
1970,Terephthalic Acid Terephthalic acid,Terephthalic Acid Terephthalic acid,,not found in PubChem
1976,TertButylAcetate,TertButylAcetate,,not found in PubChem
1990,Tetrahydropyran Tetrahydro-pyran,Tetrahydropyran Tetrahydro-pyran,,not found in PubChem
1992,Tetrahydrothiapyran Tetrahydro-thiopyran,Tetrahydrothiapyran Tetrahydro-thiopyran,,not found in PubChem
1994,Tetramethylene Sulfid Tetrahydro-thiophene,Tetramethylene Sulfid Tetrahydro-thiophene,,not found in PubChem
1999,Tetranitromethane Tetranitro-methane,Tetranitromethane Tetranitro-methane,,not found in PubChem
2001,Thiacyclopropane Thiirane,Thiacyclopropane Thiirane,,not found in PubChem
2003,Thiazole* Thiazole,Thiazole* Thiazole,,not found in PubChem
2006,Thioacetamide Thioacetamide,Thioacetamide Thioacetamide,,not found in PubChem
2008,Thioacetic Acid Thioacetic acid,Thioacetic Acid Thioacetic acid,,not found in PubChem
2010,Thiocyanic Acid Thiocyanic acid,Thiocyanic Acid Thiocyanic acid,,not found in PubChem
2015,Thionyl Chloride Thionyl dichloride,Thionyl Chloride Thionyl dichloride,,not found in PubChem
2017,Thiophene Thiophene,Thiophene Thiophene,,not found in PubChem
2019,Thiophenol Benzenethiol,Thiophenol Benzenethiol,,not found in PubChem
2021,Thiourea Thiourea,Thiourea Thiourea,,not found in PubChem
2025,Tigaldehyde (E)-2-Methyl-but-2-enal,Tigaldehyde (E)-2-Methyl-but-2-enal,,not found in PubChem
2029,trans-Cinnamaldehyde (E)-3-Phenyl-propenal,trans-Cinnamaldehyde (E)-3-Phenyl-propenal,,not found in PubChem
2031,Trans-Crotononitrile (E)-But-2-enenitrile,Trans-Crotononitrile (E)-But-2-enenitrile,,not found in PubChem
2034,Tri-n-Butyl Borate Tri-n-butyl borate,Tri-n-Butyl Borate Tri-n-butyl borate,,not found in PubChem
2037,"Tribromo Ethylene* 1,1,2-Tribromo-ethene","Tribromo Ethylene* 1,1,2-Tribromo-ethene",,not found in PubChem
2039,Trichloro-Methyl-Silane Trichloro-methyl-silane,Trichloro-Methyl-Silane Trichloro-methyl-silane,,not found in PubChem
2041,Trichloroacetic Acid Trichloro-acetic acid,Trichloroacetic Acid Trichloro-acetic acid,,not found in PubChem
2043,Trichloroacetonitrile Trichloro-acetonitrile,Trichloroacetonitrile Trichloro-acetonitrile,,not found in PubChem
2053,Tridecyl Alcohol* Tridecan-1-ol,Tridecyl Alcohol* Tridecan-1-ol,,not found in PubChem
2062,Trifluoroacetic Aci Trifluoro-acetic acid,Trifluoroacetic Aci Trifluoro-acetic acid,,not found in PubChem
2065,Trifluoromethane (Freon 23 Trifluoro-methan,Trifluoromethane (Freon 23 Trifluoro-methan,,not found in PubChem
2066,TrifluoromethylUndecafluorocyclohexane,TrifluoromethylUndecafluorocyclohexane,,not found in PubChem
2068,Trimethyl Amine Trimethyl-amine,Trimethyl Amine Trimethyl-amine,,not found in PubChem
2071,"Trimethylbenzene* 1,2,4-Trimethyl-benzene","Trimethylbenzene* 1,2,4-Trimethyl-benzene",,not found in PubChem
2073,Trimethylenesulfid Thietane,Trimethylenesulfid Thietane,,not found in PubChem
2074,Trinitomethane Trinitro-methane,Trinitomethane Trinitro-methane,,not found in PubChem
2084,Valeronitrile Pentanenitrile,Valeronitrile Pentanenitrile,,not found in PubChem
2089,Vinyl Acetate Acetic acid vinyl ester,Vinyl Acetate Acetic acid vinyl ester,,not found in PubChem
2090,Vinyl Acetic Acid But-3-enoic acid,Vinyl Acetic Acid But-3-enoic acid,,not found in PubChem
2092,Vinyl Acetylene But-1-en-3-yne,Vinyl Acetylene But-1-en-3-yne,,not found in PubChem
2094,Vinyl Allyl Ether 3-Vinyloxy-propene,Vinyl Allyl Ether 3-Vinyloxy-propene,,not found in PubChem
2096,Vinyl Amine Vinylamine,Vinyl Amine Vinylamine,,not found in PubChem
2097,Vinyl Bromide Bromo-ethene,Vinyl Bromide Bromo-ethene,,not found in PubChem
2099,Vinyl Butyl Ether 1-Vinyloxy-butane,Vinyl Butyl Ether 1-Vinyloxy-butane,,not found in PubChem
2100,Vinyl Butyl Sulfid 1-Vinylsulfanyl-butane,Vinyl Butyl Sulfid 1-Vinylsulfanyl-butane,,not found in PubChem
2103,Vinyl Butyrate Butyric acid vinyl ester,Vinyl Butyrate Butyric acid vinyl ester,,not found in PubChem
2105,Vinyl Chloride Chloro-ethene,Vinyl Chloride Chloro-ethene,,not found in PubChem
2108,Vinyl Ether Vinyloxy-ethene,Vinyl Ether Vinyloxy-ethene,,not found in PubChem
2110,Vinyl Ethyl Ether Ethoxy-ethene,Vinyl Ethyl Ether Ethoxy-ethene,,not found in PubChem
2111,Vinyl Ethyl Sulfid Ethylsulfanyl-ethene,Vinyl Ethyl Sulfid Ethylsulfanyl-ethene,,not found in PubChem
2114,Vinyl Formate Formic acid vinyl ester,Vinyl Formate Formic acid vinyl ester,,not found in PubChem
2116,Vinyl Iodide (Iodoethene) Iodo-ethene,Vinyl Iodide (Iodoethene) Iodo-ethene,,not found in PubChem
2119,Vinyl Isopropyl Ether 2-Vinyloxy-propane,Vinyl Isopropyl Ether 2-Vinyloxy-propane,,not found in PubChem
2122,Vinyl Propyl Ether 1-Vinyloxy-propane,Vinyl Propyl Ether 1-Vinyloxy-propane,,not found in PubChem
2124,Vinyl Pyrrolidone 1-Vinyl-pyrrolidin-2-one,Vinyl Pyrrolidone 1-Vinyl-pyrrolidin-2-one,,not found in PubChem
2125,Vinyl S-Butyl Mercapto Ethyl Ether,Vinyl S-Butyl Mercapto Ethyl Ether,,not found in PubChem
2126,Vinyl S-Ethyl Mercapto Ethyl Ether,Vinyl S-Ethyl Mercapto Ethyl Ether,,not found in PubChem
2128,Vinyl Silane Vinyl-silane,Vinyl Silane Vinyl-silane,,not found in PubChem
2129,Vinyl Trimethyl Silane Trimethyl-vinyl-silane,Vinyl Trimethyl Silane Trimethyl-vinyl-silane,,not found in PubChem
2130,Vinyl-2-Ethyl Hexanoate,Vinyl-2-Ethyl Hexanoate,,not found in PubChem
2133,"Vinylenecarbonate [1,3]Dioxol-2-one","Vinylenecarbonate [1,3]Dioxol-2-one",,not found in PubChem
2136,Water - 1% in Ro = 18.1 Water,Water - Ro = 18.1 Water,,not found in PubChem
2,1%IN WATER +AMINES,WATER +AMINES,,not found in PubChem
3,1%IN WATER -AMINES,WATER -AMINES,,not found in PubChem
4,1/2-sec.-NITRO CELLULOSE  H 23,1/2-sec.-NITRO CELLULOSE H 23,,not found in PubChem
5,2-COMP EPOXY CHEMICAL RES.,2-COMP EPOXY CHEMICAL RES.,,not found in PubChem
6,4H 35°C,4H 35°C,,not found in PubChem
7,4H 35°C no plasticizer included,4H 35°C no plasticizer included,,not found in PubChem
8,ABS,ABS,,not found in PubChem
9,ABS CR,ABS CR,,not found in PubChem
10,ACETAL CELANESE,ACETAL CELANESE,,not found in PubChem
11,ACETALHOMO-DUO,ACETALHOMO-DUO,,not found in PubChem
12,ACID DEGMP,ACID DEGMP,,not found in PubChem
14,ACRYLOID B-44,ACRYLOID B-44,,not found in PubChem
15,ACRYLOID B-66,ACRYLOID B-66,,not found in PubChem
16,ACRYLOID B-72,ACRYLOID B-72,,not found in PubChem
17,ACRYLOID B-82,ACRYLOID B-82,,not found in PubChem
18,ACRYLOID K120N,ACRYLOID K120N,,not found in PubChem
20,ALFTALAT AC 366,ALFTALAT AC 366,,not found in PubChem
21,ALFTALAT AM 756,ALFTALAT AM 756,,not found in PubChem
22,ALFTALAT AN 896,ALFTALAT AN 896,,not found in PubChem
23,ALFTALAT AN 950,ALFTALAT AN 950,,not found in PubChem
24,ALFTALAT AT 316,ALFTALAT AT 316,,not found in PubChem
25,ALFTALAT AT 576,ALFTALAT AT 576,,not found in PubChem
26,ALKYD 45 SOYA,ALKYD 45 SOYA,,not found in PubChem
27,ALKYDAL F 261 HS,ALKYDAL F 261 HS,,not found in PubChem
28,ALKYDAL F 41,ALKYDAL F 41,,not found in PubChem
29,ALLOPREN R10,ALLOPREN R10,,not found in PubChem
30,ALLOPRENE R10 (10%),ALLOPRENE R10 (10%),,not found in PubChem
31,ALPEX,ALPEX,,not found in PubChem
32,AMOCO 18-290,AMOCO 18-290,,not found in PubChem
33,ARALDITE DY O25,ARALDITE DY O25,,not found in PubChem
34,BAKELITE SULFONE P-47,BAKELITE SULFONE P-47,,not found in PubChem
35,BAREX 210 CR,BAREX 210 CR,,not found in PubChem
36,BAREX 210 CR-STYRENE,BAREX 210 CR-STYRENE,,not found in PubChem
37,BAYSILON UD 125,BAYSILON UD 125,,not found in PubChem
38,BE 370,BE 370,,not found in PubChem
39,BECKOLIN 27 MODIF OIL,BECKOLIN 27 MODIF OIL,,not found in PubChem
41,Bitumen,Bitumen,,not found in PubChem
42,BLOOD SERUM,BLOOD SERUM,,not found in PubChem
43,BMA/AN 80/20,BMA/AN 80/20,,not found in PubChem
44,BROMOBUTYL RUBBER L,BROMOBUTYL RUBBER L,,not found in PubChem
45,BROMOBUTYL RUBBER S,BROMOBUTYL RUBBER S,,not found in PubChem
46,BUNA HULS B10,BUNA HULS B10,,not found in PubChem
47,BUNA N BUTADIENE/ACRYLONITRILE,BUNA N BUTADIENE/ACRYLONITRILE,,not found in PubChem
48,BUTON 100 BUTAD-STY,BUTON 100 BUTAD-STY,,not found in PubChem
49,BUTON 300,BUTON 300,,not found in PubChem
50,BUTV AR B 76,BUTV AR B 76,,not found in PubChem
51,BUTYL  4 HR (2),BUTYL 4 HR (2),,not found in PubChem
52,BUTYL 20 MIN,BUTYL 20 MIN,,not found in PubChem
53,CARB DEG PTH,CARB DEG PTH,,not found in PubChem
54,CARBON-60,CARBON-60,,not found in PubChem
55,CELL. ACET. BUTYRATE,CELL. ACET. BUTYRATE,,not found in PubChem
56,CELL. ACET. PROPIONATE,CELL. ACET. PROPIONATE,,not found in PubChem
57,CELLIDORA A,CELLIDORA A,,not found in PubChem
58,CELLIT BP-300,CELLIT BP-300,,not found in PubChem
59,CELLOLYN 102,CELLOLYN 102,,not found in PubChem
60,CELLOPHAN SW,CELLOPHAN SW,,not found in PubChem
64,CELLULOSE NITRATE,CELLULOSE NITRATE,,not found in PubChem
65,CELLULOSE-PAPER STRENGTH,CELLULOSE-PAPER STRENGTH,,not found in PubChem
67,CH 5100 3 HR,CH 5100 3 HR,,not found in PubChem
68,CH 5200 3 HR,CH 5200 3 HR,,not found in PubChem
69,CHLORINATED RUBBER,CHLORINATED RUBBER,,not found in PubChem
70,CHLOROPAR 40,CHLOROPAR 40,,not found in PubChem
73,COAL TAR PITCH SOL.,COAL TAR PITCH SOL.,,mixture/UVCB
74,CONOCO H-35 HYDROCARBON M,CONOCO H-35 HYDROCARBON M,,not found in PubChem
75,CRODA AC500 THERMOSET (10%),CRODA AC500 THERMOSET (10%),,not found in PubChem
76,CRODA AC550 THERMOSET (10%),CRODA AC550 THERMOSET (10%),,not found in PubChem
77,CRYPLEX 1473-5,CRYPLEX 1473-5,,not found in PubChem
78,CYMEL 300,CYMEL 300,,not found in PubChem
79,CYMEL 325,CYMEL 325,,not found in PubChem
80,CZ RESIN SOL,CZ RESIN SOL,,not found in PubChem
81,DAMMAR DEWAXED,DAMMAR DEWAXED,,not found in PubChem
82,DAMMAR GUM,DAMMAR GUM,,not found in PubChem
83,DAMMAR GUM DEWAXED,DAMMAR GUM DEWAXED,,not found in PubChem
84,DEG ISOPH,DEG ISOPH,,not found in PubChem
85,DEG PHTH,DEG PHTH,,not found in PubChem
86,DESMODUR  L,DESMODUR L,,not found in PubChem
88,DESMOLAC 4200,DESMOLAC 4200,,not found in PubChem
89,DESMOPHEN 1100,DESMOPHEN 1100,,not found in PubChem
90,DESMOPHEN 1150,DESMOPHEN 1150,,not found in PubChem
91,DESMOPHEN 1200,DESMOPHEN 1200,,not found in PubChem
92,DESMOPHEN 1700,DESMOPHEN 1700,,not found in PubChem
93,DESMOPHEN 651,DESMOPHEN 651,,not found in PubChem
94,DESMOPHEN 800,DESMOPHEN 800,,not found in PubChem
95,DESMOPHEN 850,DESMOPHEN 850,,not found in PubChem
96,DODA 3457,DODA 3457,,not found in PubChem
97,DODA 6225,DODA 6225,,not found in PubChem
98,DOW ADIP TEREP,DOW ADIP TEREP,,not found in PubChem
99,DOW EPOXY NOVOLAC 438,DOW EPOXY NOVOLAC 438,,not found in PubChem
100,DOW EPOXY NOVOLAC 444,DOW EPOXY NOVOLAC 444,,not found in PubChem
101,DOW X-2635 MALEATE,DOW X-2635 MALEATE,,not found in PubChem
102,DPG PHTH,DPG PHTH,,not found in PubChem
103,DUROFTAL T 354,DUROFTAL T 354,,not found in PubChem
104,DYNAPOL L 812,DYNAPOL L 812,,not found in PubChem
105,DYNAPOL L 850,DYNAPOL L 850,,not found in PubChem
106,DYNOMIN MM 9,DYNOMIN MM 9,,not found in PubChem
107,DYNOMIN UM 15,DYNOMIN UM 15,,not found in PubChem
108,ELV AX 150,ELV AX 150,,not found in PubChem
109,ELV AX 250,ELV AX 250,,not found in PubChem
110,ELV AX EOD 3602-1,ELV AX EOD 3602-1,,not found in PubChem
111,EPIKOTE 1001,EPIKOTE 1001,,not found in PubChem
112,EPIKOTE 1004,EPIKOTE 1004,,not found in PubChem
113,EPIKOTE 1007,EPIKOTE 1007,,not found in PubChem
114,EPIKOTE 1009,EPIKOTE 1009,,not found in PubChem
115,EPIKOTE 828,EPIKOTE 828,,not found in PubChem
116,EPOCRYL E-11 ?,EPOCRYL E-11 ?,,not found in PubChem
117,EPON 1001,EPON 1001,,not found in PubChem
118,Epoxies,Epoxies,,not found in PubChem
119,Epoxy resin (Bisphenol A),Epoxy resin (Bisphenol A),,not found in PubChem
120,ESTANE X-7 ?? DIO XANE ONLY,ESTANE X-7 ?? DIO XANE ONLY,,not found in PubChem
121,ESTER GUM,ESTER GUM,,not found in PubChem
122,ESTER GUM BL,ESTER GUM BL,,not found in PubChem
123,ESTIMATE DRIED OIL,ESTIMATE DRIED OIL,,not found in PubChem
124,ETHCEL N22?,ETHCEL N22?,,not found in PubChem
125,ETHOCEL HE10,ETHOCEL HE10,,not found in PubChem
126,ETHOCEL STD 20,ETHOCEL STD 20,,not found in PubChem
128,EV A 4055 SOL,EV A 4055 SOL,,not found in PubChem
129,EVOH SOL,EVOH SOL,,not found in PubChem
130,EXON 470 PVC,EXON 470 PVC,,not found in PubChem
131,EXON 471,EXON 471,,not found in PubChem
132,EXON 473,EXON 473,,not found in PubChem
133,FEP,FEP,,not found in PubChem
135,FORMV AR 15/95E,FORMV AR 15/95E,,not found in PubChem
136,FORMV AR 7/70E PVFORMAL,FORMV AR 7/70E PVFORMAL,,not found in PubChem
138,FURF ALC,FURF ALC,,not found in PubChem
139,GEON 121,GEON 121,,not found in PubChem
140,GILSONITE,GILSONITE,,not found in PubChem
141,HDPE,HDPE,,not found in PubChem
142,HEXADECYL MONOESTER TRIME,HEXADECYL MONOESTER TRIME,,not found in PubChem
143,HYCAR 1052,HYCAR 1052,,not found in PubChem
144,HYD BIS A FUM ISPH,HYD BIS A FUM ISPH,,not found in PubChem
145,HYD BIS A PG FUM ISPH,HYD BIS A PG FUM ISPH,,not found in PubChem
146,HYDR SPERM OIL WX135,HYDR SPERM OIL WX135,,not found in PubChem
147,HYP 20 CHLOROSULFONATED PE,HYP 20 CHLOROSULFONATED PE,,not found in PubChem
148,HYPALON +/- NOT OK,HYPALON +/- NOT OK,,not found in PubChem
149,HYPALON +/- OK,HYPALON +/- OK,,not found in PubChem
150,HYPALON 20,HYPALON 20,,not found in PubChem
151,HYPALON 20 CHL SULF PE,HYPALON 20 CHL SULF PE,,not found in PubChem
152,HYPALON 30,HYPALON 30,,not found in PubChem
153,HYTREL +/- NOT OK,HYTREL +/- NOT OK,,not found in PubChem
154,HYTREL +/- OK,HYTREL +/- OK,,not found in PubChem
155,KAURI GUM,KAURI GUM,,not found in PubChem
156,KETONE RESIN S588,KETONE RESIN S588,,not found in PubChem
157,KOPPERS KTPL-A,KOPPERS KTPL-A,,not found in PubChem
158,LARD 23C,LARD 23C,,not found in PubChem
159,LARD 37C,LARD 37C,,not found in PubChem
160,LAROFLEX MP 45,LAROFLEX MP 45,,not found in PubChem
161,LDPE PERM<,LDPE PERM<,,not found in PubChem
162,LDPE PERM>80,LDPE PERM>80,,not found in PubChem
164,LUCITE 2042 PEMA,LUCITE 2042 PEMA,,not found in PubChem
165,LUCITE 2044 PMMA,LUCITE 2044 PMMA,,not found in PubChem
166,LUMFLON LF200 (10%),LUMFLON LF200 (10%),,not found in PubChem
167,LUMFLON LF916 (10%),LUMFLON LF916 (10%),,not found in PubChem
168,LUTANAL I60,LUTANAL I60,,not found in PubChem
169,LUTONAL IC/1203,LUTONAL IC/1203,,not found in PubChem
170,LYTRON 820,LYTRON 820,,not found in PubChem
171,MAA/EA/ST 15/38/47,MAA/EA/ST 15/38/47,,not found in PubChem
172,MAA/MA/V A 15/17.5/,MAA/MA/V A 15/17.5/,,not found in PubChem
173,MAA/MA/V A 15/27.5/,MAA/MA/V A 15/27.5/,,not found in PubChem
174,MACRYNAL SM 510N,MACRYNAL SM 510N,,not found in PubChem
176,MMA/CYCLOL 58/42,MMA/CYCLOL 58/42,,not found in PubChem
177,MMA/EA 25/75,MMA/EA 25/75,,not found in PubChem
178,MMA/EA 50/50,MMA/EA 50/50,,not found in PubChem
179,MMA/EA/AA,MMA/EA/AA,,not found in PubChem
180,MMA/EA/AGE 40/40/20,MMA/EA/AGE 40/40/20,,not found in PubChem
181,MMA/EA/AN 40/40/20,MMA/EA/AN 40/40/20,,not found in PubChem
182,MMA/EA/AN 55/30/15?,MMA/EA/AN 55/30/15?,,not found in PubChem
183,MMA/EA/BAMA 40/40/20,MMA/EA/BAMA 40/40/20,,not found in PubChem
184,MMA/EA/BVBE 40/40/20,MMA/EA/BVBE 40/40/20,,not found in PubChem
185,MMA/EA/CYCLOL,MMA/EA/CYCLOL,,not found in PubChem
186,MMA/EA/MAM 40/40/20,MMA/EA/MAM 40/40/20,,not found in PubChem
187,MMA/EA/MAM 45/45/10?,MMA/EA/MAM 45/45/10?,,not found in PubChem
188,MODAFLOW,MODAFLOW,,not found in PubChem
189,MOWILITH 50 PVAC,MOWILITH 50 PVAC,,not found in PubChem
190,MOWITAL B 30 H,MOWITAL B 30 H,,not found in PubChem
191,MOWITAL B 60 H,MOWITAL B 60 H,,not found in PubChem
192,MYLAR PET,MYLAR PET,,not found in PubChem
193,NAT RUBBER,NAT RUBBER,,not found in PubChem
195,NATURAL RUBBER 1 HR,NATURAL RUBBER 1 HR,,not found in PubChem
196,NATURAL RUBBER 20 MIN,NATURAL RUBBER 20 MIN,,not found in PubChem
197,NATURAL RUBBER 4 HR,NATURAL RUBBER 4 HR,,not found in PubChem
198,NEOPRENE 1 HR,NEOPRENE 1 HR,,not found in PubChem
199,NEOPRENE 20 MIN,NEOPRENE 20 MIN,,not found in PubChem
200,NEOPRENE 4 HR,NEOPRENE 4 HR,,not found in PubChem
201,NEOPRENE CR,NEOPRENE CR,,not found in PubChem
202,NITRILE 1 HR,NITRILE 1 HR,,not found in PubChem
203,NITRILE 20 MIN,NITRILE 20 MIN,,not found in PubChem
204,NITRILE 4 HR,NITRILE 4 HR,,not found in PubChem
210,PA11 CR,PA11 CR,,not found in PubChem
211,PA6 CR,PA6 CR,,not found in PubChem
212,PA66 SOL,PA66 SOL,,not found in PubChem
213,PALM OIL,PALM OIL,,not found in PubChem
214,PAN,PAN,,not found in PubChem
215,PARALOID B72,PARALOID B72,,not found in PubChem
216,PARALOID EXPER. RES. QR 954,PARALOID EXPER. RES. QR 954,,not found in PubChem
217,PARALOID P 400,PARALOID P 400,,not found in PubChem
218,PARALOID P 410,PARALOID P 410,,not found in PubChem
219,PARAPOL S-50,PARAPOL S-50,,not found in PubChem
220,PARAPOL S-60,PARAPOL S-60,,not found in PubChem
221,PARLON P 10,PARLON P 10,,not found in PubChem
222,PBMA (10%),PBMA (10%),,not found in PubChem
223,PBMA?,PBMA?,,not found in PubChem
224,PBUTYLACRYLATE,PBUTYLACRYLATE,,not found in PubChem
225,PC,PC,,not found in PubChem
226,PCTFE,PCTFE,,not found in PubChem
227,PE,PE,,not found in PubChem
228,PE? CR QUESTIONABLE V ALUES,PE? CR QUESTIONABLE V ALUES,,not found in PubChem
229,PECTFE SOL AT HIGH TEMP.,PECTFE SOL AT HIGH TEMP.,,not found in PubChem
230,PEI 1200PSI,PEI 1200PSI,,not found in PubChem
231,PEI 2400PSI,PEI 2400PSI,,not found in PubChem
232,PEI 600PSI,PEI 600PSI,,not found in PubChem
233,PEMA (10%),PEMA (10%),,not found in PubChem
234,PENTA BENZ MAL,PENTA BENZ MAL,,not found in PubChem
235,PENTALYN 255,PENTALYN 255,,not found in PubChem
236,PENTALYN 830,PENTALYN 830,,not found in PubChem
237,PEO 4000 ? HEATED SAMPLES,PEO 4000 ? HEATED SAMPLES,,not found in PubChem
238,PEO 4000 ? SAMPLES HEA TED,PEO 4000 ? SAMPLES HEA TED,,not found in PubChem
239,PERGUT S 5,PERGUT S 5,,not found in PubChem
240,PES L B + C =1,PES L B + C =1,,not found in PubChem
241,PES L C=1,PES L C=1,,not found in PubChem
242,PES SOL,PES SOL,,not found in PubChem
244,PETP CR,PETP CR,,not found in PubChem
245,PHENODUR 373U,PHENODUR 373U,,not found in PubChem
246,PHENOLIC,PHENOLIC,,not found in PubChem
247,PHENOLICS,PHENOLICS,,not found in PubChem
248,PIBMA (10%),PIBMA (10%),,not found in PubChem
249,PICCOFLEX 120,PICCOFLEX 120,,not found in PubChem
250,PICCOPALE 110,PICCOPALE 110,,not found in PubChem
251,PICCORONE 450L,PICCORONE 450L,,not found in PubChem
252,PKHH,PKHH,,not found in PubChem
253,PLASTOKYD AC4X (30%),PLASTOKYD AC4X (30%),,not found in PubChem
254,PLASTOKYD S27 (30%),PLASTOKYD S27 (30%),,not found in PubChem
255,PLASTOKYD SC140 (30%),PLASTOKYD SC140 (30%),,not found in PubChem
256,PLASTOKYD SC400 (30%),PLASTOKYD SC400 (30%),,not found in PubChem
257,PLASTOPAL H,PLASTOPAL H,,not found in PubChem
258,PLEXAL C-34,PLEXAL C-34,,not found in PubChem
259,PLEXIGUM M527,PLEXIGUM M527,,not found in PubChem
260,PLEXIGUM MB319,PLEXIGUM MB319,,not found in PubChem
261,PLIOLITE P1230,PLIOLITE P1230,,not found in PubChem
262,PLIOLYTE S-100,PLIOLYTE S-100,,not found in PubChem
263,PMMA,PMMA,,not found in PubChem
264,PMMA CR,PMMA CR,,not found in PubChem
266,Poly n-butyl methacrylate (PnBMA),Poly n-butyl methacrylate (PnBMA),,not found in PubChem
267,Poly(methyl methacrylate) (PMMA),Poly(methyl methacrylate) (PMMA),,not found in PubChem
272,POLYCYCLOLa,POLYCYCLOLa,,not found in PubChem
277,POLYETHYLENE 1 HR,POLYETHYLENE 1 HR,,not found in PubChem
278,POLYETHYLENE 20 MIN,POLYETHYLENE 20 MIN,,not found in PubChem
279,POLYETHYLENE 4 HR,POLYETHYLENE 4 HR,,not found in PubChem
281,POLYETHYLENESULFIDE (GOOD),POLYETHYLENESULFIDE (GOOD),,not found in PubChem
282,Polyimide,Polyimide,,not found in PubChem
285,POLYISOPRENE SW,POLYISOPRENE SW,,not found in PubChem
291,Polypropylene (PP),Polypropylene (PP),,not found in PubChem
292,POLYSAR 5630,POLYSAR 5630,,not found in PubChem
294,POLYSTYRENE LG,POLYSTYRENE LG,,not found in PubChem
297,Polyurethane (general),Polyurethane (general),,not found in PubChem
298,Polyurethanes,Polyurethanes,,not found in PubChem
303,POLYVINYLALCOHOL 1 HR,POLYVINYLALCOHOL 1 HR,,not found in PubChem
304,POLYVINYLALCOHOL 20 MIN,POLYVINYLALCOHOL 20 MIN,,not found in PubChem
305,POLYVINYLALCOHOL 4 HR,POLYVINYLALCOHOL 4 HR,,not found in PubChem
306,POLYVINYLBUTYL ETHER,POLYVINYLBUTYL ETHER,,not found in PubChem
309,POLYVINYLIDINE FLUORIDE SOL.,POLYVINYLIDINE FLUORIDE SOL.,,not found in PubChem
311,POMH+POMC CR,POMH+POMC CR,,not found in PubChem
312,PP,PP,,not found in PubChem
313,PPO CR,PPO CR,,not found in PubChem
314,PPS CR 93°C,PPS CR 93°C,,not found in PubChem
315,PPS TS60%12MO,PPS TS60%12MO,,not found in PubChem
316,PS,PS,,not found in PubChem
317,PSORIASIS SCALES,PSORIASIS SCALES,,not found in PubChem
318,PSU CR,PSU CR,,not found in PubChem
319,PSU ULTRASON S,PSU ULTRASON S,,not found in PubChem
320,PTFE L80 CR,PTFE L80 CR,,not found in PubChem
321,pTOLSULFONAMIDE-FORMALDEH,pTOLSULFONAMIDE-FORMALDEH,,not found in PubChem
322,PUR,PUR,"Multiple CIDs: [68368, 248425]",ambiguous
323,PUR CR,PUR CR,,not found in PubChem
324,PV AC,PV AC,,not found in PubChem
325,PVBE,PVBE,,not found in PubChem
326,PVC,PVC,,not found in PubChem
327,PVC 1 HR,PVC 1 HR,,not found in PubChem
328,PVC 20 MIN,PVC 20 MIN,,not found in PubChem
329,PVC 4 HR,PVC 4 HR,,not found in PubChem
330,PVDC (110C) SOLUBILITY,PVDC (110C) SOLUBILITY,,not found in PubChem
331,PVDC (130C) SOLUBILITY,PVDC (130C) SOLUBILITY,,not found in PubChem
332,PVEE,PVEE,,not found in PubChem
333,PVETHYLETHER?,PVETHYLETHER?,,not found in PubChem
334,PVF? (DMF ONLY GOOD SOLVENT),PVF? (DMF ONLY GOOD SOLVENT),,not found in PubChem
335,PVIBE,PVIBE,,not found in PubChem
336,PVINYLBUTYLETHER,PVINYLBUTYLETHER,,not found in PubChem
337,"PVOH (NOT GOOD, SEE CHAP. 5)","PVOH (NOT GOOD, SEE CHAP. 5)",,not found in PubChem
338,R ABS,R ABS,,not found in PubChem
339,R ACM,R ACM,,not found in PubChem
340,R AU ESTER PU,R AU ESTER PU,,not found in PubChem
341,R BUTYL,R BUTYL,,not found in PubChem
342,R CELLULOSE ACETATE,R CELLULOSE ACETATE,,not found in PubChem
343,R CHLORINATED PVC,R CHLORINATED PVC,,not found in PubChem
344,R CR CHLOROPRENE,R CR CHLOROPRENE,,not found in PubChem
345,R CSM,R CSM,,not found in PubChem
346,R DIALLYLPHTHALATE,R DIALLYLPHTHALATE,,not found in PubChem
347,R EBONITE (DATA FIT 0.722),R EBONITE (DATA FIT 0.722),,not found in PubChem
348,R ECO,R ECO,,not found in PubChem
349,R EPOXY COLD CURING,R EPOXY COLD CURING,,not found in PubChem
350,R EPOXY HOT CURING,R EPOXY HOT CURING,,not found in PubChem
351,R ETHYLENE/PROPYLENE,R ETHYLENE/PROPYLENE,,not found in PubChem
352,R FKM (VITON) (0.76 DATA FIT),R FKM (VITON) (0.76 DATA FIT),,not found in PubChem
353,R FQ FL/SI,R FQ FL/SI,,not found in PubChem
354,R HDPE/LDPE,R HDPE/LDPE,,not found in PubChem
355,R HET RESIN,R HET RESIN,,not found in PubChem
356,R ISOPHTHALIC,R ISOPHTHALIC,,not found in PubChem
357,R NBR,R NBR,,not found in PubChem
358,R NR NAT RUB,R NR NAT RUB,,not found in PubChem
359,R PA12,R PA12,,not found in PubChem
360,R PA66,R PA66,,not found in PubChem
361,R PET,R PET,,not found in PubChem
362,R PEU ETHER PU,R PEU ETHER PU,,not found in PubChem
363,R PMMA,R PMMA,,not found in PubChem
364,R POLYAMIDEIMIDE,R POLYAMIDEIMIDE,,not found in PubChem
365,R POLYBUTYLENETEREPH,R POLYBUTYLENETEREPH,,not found in PubChem
366,R POLYCARBONATE,R POLYCARBONATE,,not found in PubChem
367,R POLYIMIDES,R POLYIMIDES,,not found in PubChem
368,R POLYPHENYLENEOXIDE,R POLYPHENYLENEOXIDE,,not found in PubChem
369,R POLYSULPHONE,R POLYSULPHONE,,not found in PubChem
370,R POM ACETAL,R POM ACETAL,,not found in PubChem
371,R Q SILICONE (0.748 D ATA FIT),R Q SILICONE (0.748 D ATA FIT),,not found in PubChem
372,R SBR,R SBR,,not found in PubChem
373,R T SULPHIDE,R T SULPHIDE,,not found in PubChem
374,R TEREPHTALIC,R TEREPHTALIC,,not found in PubChem
375,R TFP TETFLPROP (0.744 DATA FIT),R TFP TETFLPROP (0.744 DATA FIT),,not found in PubChem
376,R TPX,R TPX,,not found in PubChem
377,R+H PBA,R+H PBA,,not found in PubChem
378,R+H PEMA,R+H PEMA,,not found in PubChem
379,R+H PiMBA,R+H PiMBA,,not found in PubChem
380,R+H PMAA,R+H PMAA,,not found in PubChem
381,R+H PMMA,R+H PMMA,,not found in PubChem
382,R+H PNBMA,R+H PNBMA,,not found in PubChem
383,Rosin (WW),Rosin (WW),,not found in PubChem
384,RUBBER MOD PS,RUBBER MOD PS,,not found in PubChem
385,SAN,SAN,,not found in PubChem
386,SAN 85/15,SAN 85/15,,not found in PubChem
387,SANTOLITE MHP ARYLSULFONA,SANTOLITE MHP ARYLSULFONA,,not found in PubChem
388,SARAN F-120 VCL2/AN?,SARAN F-120 VCL2/AN?,,not found in PubChem
389,SARAN F-220 ?,SARAN F-220 ?,,not found in PubChem
390,SARANEX 4HR,SARANEX 4HR,,not found in PubChem
391,SHELL POLYALDEHYDE EX 39,SHELL POLYALDEHYDE EX 39,,not found in PubChem
392,SHELL POLYALDEHYDE EX 40,SHELL POLYALDEHYDE EX 40,,not found in PubChem
393,SHELL X-450,SHELL X-450,,not found in PubChem
394,Shellac,Shellac,,not found in PubChem
395,Silicone (PDMS),Silicone (PDMS),,not found in PubChem
396,SILICONE DC 23?,SILICONE DC 23?,,not found in PubChem
397,SILICONE DC-1107?,SILICONE DC-1107?,,not found in PubChem
398,SINCLAIR 3840A,SINCLAIR 3840A,,not found in PubChem
399,SMA 1430A,SMA 1430A,,not found in PubChem
400,SOALKYD 1935-EGAX,SOALKYD 1935-EGAX,,not found in PubChem
401,SOAMIN M 60,SOAMIN M 60,,not found in PubChem
402,SOL MYLAR 49001,SOL MYLAR 49001,,not found in PubChem
403,SOL MYLAR 49002,SOL MYLAR 49002,,not found in PubChem
404,Starch,Starch,,not found in PubChem
405,STY MAL ANH,STY MAL ANH,,not found in PubChem
406,STY/2EHA/AA 81/11/8,STY/2EHA/AA 81/11/8,,not found in PubChem
407,STY/BUTENOL 85/15,STY/BUTENOL 85/15,,not found in PubChem
408,STY/CYCLOL 82/18,STY/CYCLOL 82/18,,not found in PubChem
409,STY/HALF ESTER MA 60/40,STY/HALF ESTER MA 60/40,,not found in PubChem
410,STY/MA 85/15,STY/MA 85/15,,not found in PubChem
411,STY/MAA 90/10,STY/MAA 90/10,,not found in PubChem
412,STY/PROP HALF E MA 57/43,STY/PROP HALF E MA 57/43,,not found in PubChem
413,STY/VBE 85/15,STY/VBE 85/15,,not found in PubChem
414,Styrene-butadiene rubber (SBR),Styrene-butadiene rubber (SBR),,not found in PubChem
415,STYRON 44OM-27 MOD PS,STYRON 44OM-27 MOD PS,,not found in PubChem
416,STYRON 475M-27,STYRON 475M-27,,not found in PubChem
417,STYRON 480-27,STYRON 480-27,,not found in PubChem
419,SUPER BECKACITE 1001,SUPER BECKACITE 1001,,not found in PubChem
420,SUPRASEC F-5100,SUPRASEC F-5100,,not found in PubChem
421,SYNRESIN A 560,SYNRESIN A 560,,not found in PubChem
422,TEFLON (SL2-),TEFLON (SL2-),,not found in PubChem
423,TEG EG MAL TEREP,TEG EG MAL TEREP,,not found in PubChem
424,TEG MALEATE,TEG MALEATE,,not found in PubChem
425,TOLONATE HDB (RH-POULENC),TOLONATE HDB (RH-POULENC),,not found in PubChem
426,TOLONATE HDT (RH-POULENC),TOLONATE HDT (RH-POULENC),,not found in PubChem
427,TOPAS 6013 SOL,TOPAS 6013 SOL,,not found in PubChem
428,UFORMITE MX-61,UFORMITE MX-61,,not found in PubChem
429,URACRON 15,URACRON 15,,not found in PubChem
431,V A/EA/CY 70/20/10,V A/EA/CY 70/20/10,,not found in PubChem
432,V A/EHA/CYC/MAA/76/12/8/4,V A/EHA/CYC/MAA/76/12/8/4,,not found in PubChem
433,V A/EHA/MA 63/33/4,V A/EHA/MA 63/33/4,,not found in PubChem
434,V AREZ 123,V AREZ 123,,not found in PubChem
435,VBE/AN/MAA 46/27/27,VBE/AN/MAA 46/27/27,,not found in PubChem
436,VBE/MA/MAC46/27/27,VBE/MA/MAC46/27/27,,not found in PubChem
437,VCV A COPOLY,VCV A COPOLY,,not found in PubChem
438,VDC/AA 75/25 ?,VDC/AA 75/25 ?,,not found in PubChem
439,VERSAMID 100,VERSAMID 100,,not found in PubChem
440,VERSAMID 100?,VERSAMID 100?,,not found in PubChem
441,VERSAMID 115,VERSAMID 115,,not found in PubChem
442,VERSAMID 125,VERSAMID 125,,not found in PubChem
443,VERSAMID 140,VERSAMID 140,,not found in PubChem
444,VERSAMID 961,VERSAMID 961,,not found in PubChem
445,VERSAMID 965,VERSAMID 965,,not found in PubChem
446,VESTURIT BL 908,VESTURIT BL 908,,not found in PubChem
447,VESTURIT BL 915,VESTURIT BL 915,,not found in PubChem
448,VILIT MB 30,VILIT MB 30,,not found in PubChem
449,VILIT MC 31,VILIT MC 31,,not found in PubChem
450,VILIT MC 39,VILIT MC 39,,not found in PubChem
451,VINSOL ROSIN,VINSOL ROSIN,,not found in PubChem
453,VINYLITE AYAA PV AC,VINYLITE AYAA PV AC,,not found in PubChem
454,VINYLITE VAGD,VINYLITE VAGD,,not found in PubChem
455,VINYLITE VAGH,VINYLITE VAGH,,not found in PubChem
456,VINYLITE VMCA,VINYLITE VMCA,,not found in PubChem
457,VINYLITE VMCC,VINYLITE VMCC,,not found in PubChem
458,VINYLITE VMCH,VINYLITE VMCH,,not found in PubChem
459,VINYLITE VXCC,VINYLITE VXCC,,not found in PubChem
460,VINYLITE VYHH,VINYLITE VYHH,,not found in PubChem
461,VINYLITE VYLF,VINYLITE VYLF,,not found in PubChem
462,VINYLITE XYHL PVBUTYRAL,VINYLITE XYHL PVBUTYRAL,,not found in PubChem
463,VINYLITE XYSG PVBUTYRAL,VINYLITE XYSG PVBUTYRAL,,not found in PubChem
464,VIPLA KR (PVC),VIPLA KR (PVC),,not found in PubChem
465,VITEL PE LINEAR,VITEL PE LINEAR,,not found in PubChem
466,VITEL PE101-X,VITEL PE101-X,,not found in PubChem
467,VITON 1 HR,VITON 1 HR,,not found in PubChem
468,VITON 20 MIN,VITON 20 MIN,,not found in PubChem
469,VITON 4 HR,VITON 4 HR,,not found in PubChem
470,VYHH-NIF REPT,VYHH-NIF REPT,,not found in PubChem
471,VYSET 69,VYSET 69,,not found in PubChem
472,ZINK SILICATE - CHEMICAL RES.,ZINK SILICATE - CHEMICAL RES.,,not found in PubChem
