No,Name,D,P,H,V
1,Acetaldehyde* Acetaldehyde,14.7,12.5,7.9,56.6
2,Acetaldoxime Acetaldehyde oxime,16.3,4.0,20.2,61.2
3,Acetamide Acetamide,17.3,18.7,22.4,60.8
4,Acetanilide N-Phenyl-acetamide,20.6,13.3,12.4,110.9
12,Acetoxime Propan-2-one oxime,16.3,3.7,10.9,80.2
13,N-Acetyl Caprolactam 1-Acetyl-azepan-2-one,18.9,8.7,4.8,155.0
1116,Acetyl Salicylic Acid 2-Acetoxy-benzoic acid,19.0,6.6,9.3,133.5
17,"Acetylacetone Pentane-2,4-dione",16.1,11.2,6.2,103.0
18,Acetylbromide Acetyl bromide,16.7,10.6,5.2,74.0
19,Acetylchloride Acetyl chloride,16.2,11.2,5.8,71.4
20,Acetylene (Ethyne) Ethyne,14.4,4.2,11.9,42.1
21,Acetylfluorid Acetyl fluorid,14.7,14.0,5.7,62.0
860,Acridine Acridine,21.7,5.9,2.0,163.0
22,Acrolein Propenal,15.0,7.2,7.8,66.7
23,Acrylamide Acrylamide,15.8,12.1,12.8,63.4
26,Acrylylchloride Acryloyl chloride,16.2,11.6,5.4,81.3
1152,"Adipic Acid (1,6-Hexanedioic) Hexanedioic acid",17.1,9.0,14.6,107.5
27,Allyl Acetate Acetic acid allyl ester,15.7,4.5,8.0,108.5
28,Allyl Acetic Acid Pent-4-enoic acid,16.7,4.7,11.3,102.1
29,Allyl Acetonitrile (4-Pentenenitrile) Pent-4-enenitrile,16.3,11.2,5.0,98.5
30,Allyl Alcohol Prop-2-en-1-ol,16.2,10.8,16.8,68.4
31,Allyl Amine Allylamine,15.5,5.7,10.6,74.9
32,Allyl Bromide (3-Bromoprene) 3-Bromo-propene,16.5,7.3,4.9,86.5
33,Allyl Chloride 3-Chloro-propene,17.0,6.2,2.3,82.3
34,Allyl Cyanide But-3-enenitrile,16.0,14.3,5.6,80.5
35,Allyl Ethylether 3-Ethoxy-propene,15.0,4.8,5.1,112.6
36,Allyl Fluoride 3-Fluoro-propene,14.9,6.4,1.0,71.5
37,Allyl Formate Formic acid allyl ester,15.7,5.4,8.8,91.0
38,Allyl Iodide 3-Iodo-propene,17.4,6.4,3.3,90.8
39,Allyl Isocyanide 3-Isocyano-propene,16.1,13.0,5.4,84.5
967,Allyl Isopropyl Ether 3-Isopropoxy-propene,15.0,4.1,7.1,129.0
42,Allyl Mercaptan Prop-2-ene-1-thiol,16.4,6.2,7.9,80.2
43,Allyl Methylether 3-Methoxy-propene,15.0,4.3,5.9,93.7
1090,2-Amino Pyridine Pyridin-2-ylamine,20.4,8.1,12.2,94.1
1205,4-Amino Pyridine Pyridin-4-ylamine,20.4,16.1,12.9,87.1
44,Ammonia Ammonia,13.7,15.7,17.8,20.8
45,Amyl Acetate Acetic acid pentyl ester,15.8,3.3,6.1,148.0
949,Anisidine (2-Methoxyaniline) 2-Methoxy-phenylamine,19.5,5.4,11.4,112.2
47,p-Anisidine (Methoxy Aniline) 4-Methoxy-phenylamine,19.9,6.5,11.3,113.3
1099,"9,10-Anthraquinone Anthraquinone",20.3,7.6,4.8,145.6
49,Azidoethane Azido-ethane,15.9,8.9,12.9,79.0
50,3-Azidopropene 3-Azido-propene,16.8,7.7,13.4,83.0
807,Benzal Chloride Dichloromethyl-benzene,19.9,6.6,2.4,134.2
1055,Benzamide Benzamide,21.2,14.7,11.2,90.3
53,"1,3-Benzenediol Benzene-1,3-diol",18.0,8.4,21.0,87.5
894,Benzimidazole 1H-Benzoimidazole,20.6,14.9,11.0,102.7
893,Benzisoxazole Benzo[d]isoxazole,20.6,11.5,8.8,100.7
892,"2,3-Benzofuran (Cumaron) Benzofuran",18.7,5.1,5.7,110.2
54,Benzoic Acid Benzoic acid,18.2,6.9,9.8,113.1
55,Benzonitrile Benzonitrile,17.4,9.0,3.3,102.6
56,Benzophenone Diphenyl-methanone,19.6,8.6,5.7,164.2
962,Benzothiazole Benzothiazole,20.6,5.2,8.4,108.5
1053,"1,2,3-Benzotriazole 1H-Benzotriazole",18.7,15.6,12.4,96.2
57,Benzoyl Chloride Benzoyl chloride,20.7,8.2,4.5,116.0
903,Benzyl Acetate Acetic acid benzyl ester,18.3,5.7,6.0,142.8
971,Benzyl Amine Benzylamine,19.2,4.6,11.7,109.2
60,Benzyl Chloride Chloromethyl-benzene,18.8,7.1,2.6,115.0
887,Benzylethyl Ether Ethoxymethyl-benzene,18.4,3.8,3.8,144.2
868,Biphenyl Biphenyl,19.7,1.0,2.0,155.1
1066,Biuret Dicarbonimidic diamide,20.0,14.6,18.8,70.3
64,Borine Carbonyl,17.0,10.2,6.9,41.8
65,2-Bromo Allyl Alcohol 2-Bromo-prop-2-en-1-ol,17.1,9.9,16.2,84.5
66,2-Bromo Propene 2-Bromo-propene,16.1,6.0,4.9,88.8
67,1-Bromo Propene (CIS) (Z)-1-Bromo-propene,16.3,6.4,5.0,84.7
68,4-Bromo-1-Butene 4-Bromo-but-1-ene,16.5,6.0,4.5,102.0
69,"4-Bromo-1,2-Butadiene 4-Bromo-buta-1,2-diene",17.0,6.5,4.7,93.3
70,Bromoacetylene Bromo-ethyne,15.7,9.9,5.6,67.7
71,Bromobenzene Bromo-benzene,20.5,5.5,4.1,105.3
806,p-Bromobenzonitrile 4-Bromo-benzonitrile,20.4,9.3,5.8,113.8
729,2-Bromobutane 2-Bromo-butane,16.3,7.7,4.4,109.5
72,Bromochloromethane Bromo-chloro-methane,17.3,5.7,3.5,65.0
73,Bromoethylene Bromo-ethene,16.1,6.3,2.3,71.6
74,Bromoform Tribromo-methane,21.4,4.1,6.1,87.5
76,"Bromoprene 2-Bromo-buta-1,3-diene",16.9,6.4,4.7,95.2
1124,1-Bromopropane 1-Bromo-propane,16.4,7.9,4.8,90.9
1125,2-Bromopropane 2-Bromo-propane,16.1,8.3,4.7,93.6
77,3-Bromopropyne 3-Bromo-propyne,18.1,6.5,5.3,75.3
78,2-Bromothiophene 2-Bromo-thiophene,20.1,5.2,4.6,96.8
80,"1,2-Butadiene Buta-1,2-diene",14.7,1.7,6.2,82.3
81,"1,3-Butadiene Buta-1,3-diene",14.8,2.8,5.6,83.2
82,"1,3-Butadiene-1-Chloro 1-Chloro-buta-1,3-diene",15.6,8.5,2.0,92.2
83,"2,3-Butadiene-1-ol Buta-2,3-dien-1-ol",16.2,6.6,16.8,76.5
85,"Butadiene-4-Cyano Penta-2,4-dienenitrile",16.2,11.7,5.2,93.7
86,"Butadienedioxide [2,2']Bioxiranyl",18.3,14.4,6.2,77.8
87,"Butadione Butane-2,3-dione",15.7,5.1,6.8,87.8
730,"1,4-Butanediol Butane-1,4-diol",16.6,15.3,21.7,88.9
91,1-Butanethiol Butane-1-thiol,16.3,5.3,4.5,107.8
94,1-Butene But-1-ene,13.2,1.3,3.9,94.3
95,2-Butene (cis) (Z)-But-2-ene,14.7,1.3,4.1,90.3
97,3-Butenenitrile But-3-enenitrile,16.2,14.3,5.6,80.5
98,1-Butenyl Methyl Ether 4-Methoxy-but-1-ene,15.1,5.3,5.2,111.9
728,3-Butoxybutanol 3-Butoxy-butan-1-ol,15.9,5.5,10.6,166.3
105,n-Butyl Amine Butylamine,16.2,4.5,8.0,99.0
718,Butyl Benzoate* Benzoic acid butyl ester,18.3,5.6,5.5,178.0
774,n-Butyl Butyrate Butyric acid butyl ester,15.6,2.9,5.6,166.7
927,Butyl Formate Formic acid butyl ester,15.7,6.5,9.2,114.8
717,2-Butyl Octanol 2-Butyl-octan-1-ol,16.1,3.6,9.3,224.2
109,N-Butyl Pyrrolidone 1-Butyl-pyrrolidin-2-one,17.5,9.9,5.8,148.0
725,n-Butylbenzene Butyl-benzene,17.4,0.1,1.1,157.0
111,Butyleneoxide 2-Ethyl-oxirane,16.3,6.2,5.9,87.5
112,2-Butynedinitrile But-2-ynedinitrile,15.2,16.2,8.0,78.4
1060,Butyraldehyde* Butyraldehyde,15.6,10.1,6.2,90.5
1072,n-Butyramide Butyramide,16.9,13.7,12.3,98.4
767,Butyric Anhydride Butanoic anhydride,16.0,6.3,7.7,164.4
117,Butyrylchloride Butyryl chloride,16.8,9.4,4.8,103.6
118,Caprolactone (Epsilon) Oxepan-2-one,19.7,15.0,7.4,110.8
869,Carbazole (Diphenylenimine) 9H-Carbazole,21.7,6.4,6.2,152.0
124,Carbonyl Cyanide 2-Oxo-malononitrile,15.0,6.3,8.0,71.2
1224,Castor Oil,15.9,4.6,12.0,436.0
976,Cetyl Alcohol (1-Hexadecanol) Hexadecan-1-ol,15.1,3.7,8.1,298.7
125,Chloral Trichloro-acetaldehyde,17.2,7.4,7.6,97.5
128,Chloro Acetaldehyde Chloro-acetaldehyde,16.2,16.1,9.0,60.4
129,Chloro Acetic Acid Chloro-acetic acid,17.7,10.4,12.3,68.6
130,3-Chloro Allyl Alcohol 3-Chloro-prop-2-en-1-ol,17.2,10.3,16.5,78.6
131,2-Chloro Allyl Alcohol 2-Chloro-prop-2-en-1-ol,17.1,10.2,16.4,79.6
955,1-Chloro Pentane 1-Chloro-pentane,16.0,6.9,1.9,120.8
136,1-Chloro-1-Nitroethane 1-Chloro-1-nitro-ethane,16.8,13.5,4.7,85.1
138,"4-Chloro-1,2-Butadiene 4-Chloro-buta-1,2-diene",16.6,8.0,6.7,89.5
139,1-Chloro-2-Butene 1-Chloro-but-2-ene,16.2,7.7,2.0,97.4
1067,2-Chloroacetamide 2-Chloro-acetamide,17.6,12.4,12.8,93.5
142,Chloroacetone 1-Chloro-propan-2-one,16.8,9.6,5.5,80.5
143,Chloroacetonitrile Chloro-acetonitrile,17.4,13.6,2.0,63.3
144,Chloroacetylchloride Chloro-acetyl chloride,17.5,9.2,5.5,79.5
145,Chloroacetylene Chloro-ethyne,16.2,2.1,2.5,63.7
1012,m-Chloroaniline 3-Chloro-phenylamine,20.6,9.9,9.8,105.0
147,4-Chlorobenzaldehyde 4-Chloro-benzaldehyde,19.9,7.2,5.6,113.4
811,4-Chlorobenzonitrile 4-Chloro-benzonitrile,19.5,8.0,4.1,125.1
750,2-Chlorobutane 2-Chloro-butane,15.8,7.6,2.0,106.8
780,2-Chlorocyclohexanone 2-Chloro-cyclohexanone,18.5,13.0,5.1,113.9
153,Chlorocyclopropane Chloro-cyclopropane,17.6,7.2,2.2,84.9
154,Chlorodifluoromethane (Freon 22 Chloro-difluoro-methan,12.3,6.3,5.7,72.9
959,1-Chlorohexane 1-Chloro-hexane,16.1,6.2,1.7,138.1
870,1-Chloronaphthalene 1-Chloro-naphthalene,19.9,4.9,2.5,136.2
159,Chloronitromethane Chloro-nitro-methane,17.4,13.5,5.5,65.1
160,2-Chlorophenol 2-Chloro-phenol,20.3,5.5,13.9,102.3
1081,Chloropicrin (Trichloronitromethane) Trichloro-nitro-methane,17.6,6.8,7.0,101.7
161,"Chlorprene 2-Chloro-buta-1,3-diene",16.1,5.4,2.1,93.2
162,2-Chloropropenal 2-Chloro-propenal,17.1,12.9,8.1,75.5
163,1-Chloropropene 1-Chloro-propene,15.3,6.9,2.2,82.3
164,2-Chloropropenoic Acid 2-Chloro-acrylic acid,19.1,9.4,12.4,86.6
166,3-Chloropropionitrile 3-Chloro-propionitrile,17.3,15.9,6.1,77.4
167,3-Chloropropyne 3-Chloro-propyne,16.7,7.4,2.3,72.4
989,2-Chlorothiophene 2-Chloro-thiophene,19.2,6.2,8.0,92.2
168,4-Chlorothiophenol 4-Chloro-benzenethiol,20.8,8.6,10.6,100.0
787,o-Chlorothiophenol 2-Chloro-benzenethiol,20.2,7.0,10.0,113.4
1111,trans-Cinnamaldehyde (E)-3-Phenyl-propenal,19.4,12.4,6.2,125.9
974,Coumarin Chromen-2-one,20.0,12.5,6.7,156.3
170,Crotonaldehyde (E)-But-2-enal,16.2,14.9,7.4,82.5
171,Crotonic Acid (E)-But-2-enoic acid,16.8,8.7,12.0,84.6
172,Crotonlactone 5H-Furan-2-one,19.0,19.8,9.6,76.4
173,Trans-Crotononitrile (E)-But-2-enenitrile,16.4,18.8,5.5,81.4
174,Cyanamid (Carbamonitrile) Cyanamide,15.5,27.6,16.8,32.8
178,Cyclobutanone Cyclobutanone,18.3,11.4,5.2,73.4
179,Cyclodecanone Cyclodecanone,16.8,8.0,4.1,161.0
180,Cycloheptanone Cycloheptanone,17.2,10.6,4.8,118.2
1093,"1,2-Cyclohexanediol Cyclohexane-1,2-diol",17.4,9.8,18.3,112.8
1094,"1,2-Cyclohexanedione Cyclohexane-1,2-dione",18.6,10.3,8.0,103.8
871,Cyclohexene Cyclohexene,17.2,1.0,5.0,101.9
186,Cyclooctanone Cyclooctanone,17.0,9.6,4.5,131.7
920,"Cyclopentadiene Cyclopenta-1,3-diene",17.2,1.9,6.1,82.1
188,Cyclopentanone Cyclopentanone,17.9,11.9,5.2,89.1
189,Cyclopentene Cyclopentene,16.7,3.8,1.7,89.0
735,2-Cyclopentenyl Alcohol Cyclopent-2-enol,18.1,7.6,15.6,86.2
190,Cyclopropene Cyclopropene,17.2,2.4,2.0,50.0
192,Cyclopropylmethylketone 1-Cyclopropyl-ethanone,17.0,11.1,4.6,93.6
197,1-Decanol* Decan-1-ol,16.0,4.7,10.0,191.8
734,2-Decanol Decan-2-ol,15.8,3.9,10.0,192.8
726,1-Decene Dec-1-ene,15.8,1.0,2.2,190.6
219,Di-n-Butyl Ether 1-Butoxy-butane,15.2,3.4,4.2,170.3
957,Di-n-Pentyl Ether 1-Pentyloxy-pentane,15.6,3.1,3.0,203.2
956,Di-n-Propyl Ether 1-Propoxy-propane,15.1,4.2,3.7,137.7
210,Diallyl Amine Diallyl-amine,15.6,4.5,6.7,124.1
211,Diallyl Ether 3-Allyloxy-propene,15.3,4.4,5.3,118.8
212,Diazomethane Diazomethane,14.7,6.1,11.3,78.1
214,"1,1-Dibromo Ethylene 1,1-Dibromo-ethene",15.1,4.8,7.0,85.3
215,Dibromo Methane Dibromo-methane,17.8,6.4,7.0,69.8
804,"o-Dibromobenzene 1,2-Dibromo-benzene",20.7,6.5,5.3,120.0
216,"1,1-Dibromoethane 1,1-Dibromo-ethane",18.5,8.4,8.8,91.4
217,"1,2-Dibromoethylene 1,2-Dibromo-ethene",18.0,4.9,3.0,82.7
1015,Dibutyl Amine Dibutyl-amine,15.0,3.0,4.3,170.0
220,"N,N-Dibutyl Formamide N,N-Dibutyl-formamide",15.5,8.9,6.2,182.0
1068,Dibutyl Ketone Nonan-5-one,16.0,7.7,4.4,173.4
874,"1,3-Dichloropropane 1,3-Dichloro-propane",18.6,8.2,3.0,95.1
206,"1,3-Dichloro-2-butene 1,3-Dichloro-but-2-ene",16.9,7.8,2.7,107.7
207,"1,4-Dichloro-2-Butene 1,4-Dichloro-but-2-ene",17.8,7.6,2.0,97.8
230,Dichloroacetaldehyde Dichloro-acetaldehyde,16.7,9.1,7.5,94.0
945,Dichloroacetic Acid Dichloro-acetic acid,18.2,8.1,12.2,82.5
232,Dichloroacetonitrile Dichloro-acetonitrile,17.4,9.4,6.4,80.3
715,"p-Dichlorobenzene 1,4-Dichloro-benzene",19.7,5.6,2.7,118.6
716,"m-Dichlorobenzene 1,3-Dichloro-benzene",19.7,5.1,2.7,114.8
1019,"1,4-Dichlorobutane 1,4-Dichloro-butane",18.3,7.7,2.8,109.5
237,"1,1-Dichloroethane 1,1-Dichloro-ethane",16.5,7.8,3.0,84.2
225,"N,N-Dichloromethyl Amine Bis-chloromethyl-amine",16.8,7.6,8.0,90.8
239,"1,1-Dichloroethylene 1,1-Dichloro-ethene",16.4,5.2,2.4,79.9
224,"1,2-Dichloroethylene (cis) (Z)-1,2-Dichloro-ethene",17.0,8.0,3.2,75.5
242,Dichloromonofluoromethane (Freon 21 Dichloro-fluoro-methan,15.8,3.1,5.7,75.4
833,"1,5-Dichloropentane 1,5-Dichloro-pentane",19.0,7.8,1.5,127.5
244,"2,5-Dichlorophenol 2,5-Dichloro-phenol",20.0,6.3,12.1,119.0
852,"2,6-Dichlorophenol 2,6-Dichloro-phenol",20.1,7.5,10.9,119.0
1159,"2,4-Dichlorophenol 2,4-Dichloro-phenol",20.0,7.2,13.1,119.0
245,"1,1-Dichloropropane 1,1-Dichloro-propane",16.1,7.8,3.5,98.3
226,"2,3-Dichloropropene 2,3-Dichloro-propene",16.2,7.8,3.0,91.6
246,"1,1-Dichloropropene 1,1-Dichloro-propene",16.9,6.7,2.9,93.5
777,"1,1-Diethoxy Butane 1,1-Diethoxy-butane",15.4,4.9,4.6,177.6
250,"1,1-Diethoxy Ethane 1,1-Diethoxy-ethane",15.0,3.4,4.0,143.9
791,"1,1-Diethoxy Ethane (Acetal) 1,1-Diethoxy-ethane",15.2,5.4,5.3,142.2
251,"N,N-Diethyl Acetamide N,N-Diethyl-acetamide",16.4,11.3,7.5,124.5
721,"1,2-Diethyl Benzene 1,2-Diethyl-benzene",17.7,0.1,1.0,153.5
256,"N,N-Diethyl Formamide N,N-Diethyl-formamide",16.4,11.4,9.2,111.4
257,Diethyl Ketone Pentan-3-one,15.8,7.6,4.7,106.4
1143,Diethyl Oxalate Oxalic acid diethyl ester,16.2,8.0,8.8,136.6
261,2-(Diethylamino) Ethanol 2-Diethylamino-ethanol,14.9,5.8,12.0,133.2
262,Diethyldisulfid Ethyldisulfanyl-ethane,16.7,6.7,5.7,123.1
810,"o-Difluorobenzen 1,2-Difluoro-benzen",18.0,9.0,1.0,98.5
273,"1,1-Difluoroethan 1,1-Difluoro-ethan",14.9,10.2,3.0,69.5
274,"1,1-Difluoroet ylene 1,1-Difluoro-ethen",15.0,6.8,3.6,58.2
1069,Dihexyl Ether 1-Hexyloxy-hexane,16.0,3.0,2.8,235.8
276,Dihydrogen Disulfid,17.3,6.3,10.7,49.6
277,"Dihydropyran 3,4-Dihydro-2H-pyran",17.5,5.5,5.7,91.2
904,"1,2-Dihydroxybenzene (Catechol) Benzene-1,2-diol",20.0,11.3,21.8,81.9
1084,Diisopropylamine Diisopropyl-amine,14.8,1.7,3.5,141.1
763,"1,3-Dimethoxy Butane 1,3-Dimethoxy-butane",15.6,5.5,5.2,140.0
284,"1,1-Dimethoxy Ethane 1,1-Dimethoxy-ethane",15.1,4.9,4.9,106.7
1108,"2,6-Dimethoxy Phenol 2,6-Dimethoxy-phenol",19.3,7.6,13.7,136.4
889,"1,2-Dimethoxybenzene 1,2-Dimethoxy-benzene",19.2,4.4,9.4,127.7
286,Dimethyl Acetylene But-2-yne,15.1,3.4,7.6,78.9
287,Dimethyl Amine Dimethyl-amine,15.3,4.8,11.2,66.2
291,"Dimethyl Cellosolve 1,2-Dimethoxy-ethane",15.4,6.0,6.0,104.5
293,"Dimethyl Diketone Butane-2,3-dione",15.7,5.3,11.7,88.2
296,Dimethyl Ether Methoxymethane,15.2,6.1,5.7,63.2
299,Dimethyl Ketene 2-Methyl-propen-1-one,15.2,7.4,4.8,87.6
849,"2,6-Dimethyl Phenol 2,6-Dimethyl-phenol",19.1,4.9,12.9,116.3
850,"3,4-Dimethyl Phenol 3,4-Dimethyl-phenol",19.2,6.0,13.4,121.0
301,Dimethyl Sulfid Methylsulfanyl-methane,16.1,6.4,7.4,73.2
304,"2,3-Dimethyl-1-Butene 2,3-Dimethyl-but-1-ene",14.9,1.2,2.8,125.2
942,"3,5-Dinitrophenol 3,5-Dinitro-phenol",19.5,12.9,14.4,108.2
940,"1,2-Dinitrobenzene 1,2-Dinitro-benzene",20.6,22.7,5.4,107.4
941,"3,4-Dinitrophenol 3,4-Dinitro-phenol",19.5,12.8,14.3,110.1
307,"1,3-Dioxolane [1,3]Dioxane",18.1,6.6,9.3,69.9
1167,Diphenyl Acetylene P from Group Cont. (Phenylethynyl)benzene,20.1,2.0,3.2,184.3
778,Diphenyl Ether* Diphenyl ether,19.5,3.4,5.8,160.4
779,Diphenyl Sulfone (Phenylsulfonyl)benzene,21.1,14.4,3.4,174.3
875,Diphenylamine Diphenyl-amine,20.0,3.3,5.9,145.9
876,Diphenylmethane Benzylbenzene,19.5,1.0,1.0,168.2
737,Dipropyl Ketone* Heptan-4-one,15.8,5.7,4.9,140.8
314,"p-Divinyl Benzene 1,4-Divinyl-benzene",18.6,1.0,7.0,142.8
315,Divinyl Sulfid Vinylsulfanyl-ethene,16.5,4.6,5.6,93.6
1075,Dodecanol Dodecan-1-ol,16.0,4.0,9.3,224.5
987,"1,2-Epoxy Butane 2-Ethyl-oxirane",15.6,8.0,4.6,87.9
320,"3,4-Epoxy-1-Butene 2-Vinyl-oxirane",16.6,7.7,7.4,80.7
319,"1,2-Epoxy-2-Propene 2-Methylene-oxirane",16.5,8.6,6.7,70.0
321,Epsilon-Caprolactam Azepan-2-one,19.4,13.8,3.9,110.7
322,"1,2-Ethane Dithiol Ethane-1,2-dithiol",17.9,7.2,8.7,83.9
323,Ethanesulfonylchloride Ethanesulfonyl chloride,17.7,14.9,6.8,94.7
324,Ethanethiol (Ethyl Mercaptan) Ethanethiol,15.7,6.5,7.1,74.3
329,Ethyl Acetylene But-1-yne,15.1,3.4,5.0,81.5
331,Ethyl Amine Ethylamine,15.0,5.6,10.7,65.6
332,Ethyl Amyl Ketone Octan-3-one,16.2,4.5,4.1,156.0
954,Ethyl Benzoate Benzoic acid ethyl ester,17.9,6.2,6.0,144.3
334,Ethyl Bromide Bromo-ethane,16.5,8.4,2.3,74.6
335,Ethyl Butyl Ketone Heptan-3-one,16.2,5.0,4.1,139.0
928,Ethyl Butyrate Butyric acid ethyl ester,15.5,5.6,5.0,132.9
929,Ethyl Caproate Hexanoic acid ethyl ester,15.5,3.2,5.9,149.6
336,Ethyl Carbamate Carbamic acid eth yl ester,16.8,10.1,13.0,91.2
337,Ethyl Carbylamine Isocyano-ethane,15.6,15.2,5.8,74.4
338,Ethyl Chloride Chloro-ethane,15.7,6.1,2.9,70.0
339,Ethyl Chloroformate Ethyl chloridocarbonate,15.5,10.0,6.7,95.6
341,2-Ethyl Croton Aldehyde 2-Ethyl-but-2-enal,16.1,8.0,5.5,115.2
343,Ethyl Ethynylether Ethoxy-ethyne,15.4,7.9,5.9,87.6
966,N-Ethyl Formamide N-Ethyl-formamide,17.2,10.0,14.0,76.5
344,Ethyl Formate Formic acid ethyl ester,15.5,8.4,8.4,80.2
348,Ethyl Hypochlorite Ethyl hypochlorite,15.7,8.6,6.5,79.5
349,Ethyl Iodide Iodo-ethane,17.3,7.9,7.2,81.2
350,Ethyl Isocyanate Isocyanato-ethane,15.4,12.0,2.5,78.7
351,Ethyl Isopropenyl Ether 2-Ethoxy-propene,14.8,3.5,5.1,113.3
352,Ethyl Isothiocyanate Isothiocyanato-ethane,17.2,14.7,9.0,87.1
355,Ethyl Methyl Sulfid Methylsulfanyl-ethane,17.1,4.8,2.5,91.2
1085,4-Ethyl Morpholine 4-Ethyl-morpholine,17.7,5.0,6.6,116.5
1071,4-Ethyl Phenol 4-Ethyl-phenol,19.2,5.3,12.8,118.6
1010,Ethyl Propionate Propionic acid ethyl ester,15.5,6.1,4.9,115.5
356,Ethyl Thiocyanate Thiocyanato-ethane,15.4,13.4,5.4,87.1
357,1-Ethyl Vinyl Ethyl Ether 2-Ethoxy-but-1-ene,15.3,4.2,4.6,125.6
358,Ethyl Vinylether Ethoxy-ethene,14.9,4.9,5.6,94.9
359,Ethyl Vinylketone Pent-1-en-3-one,15.8,11.3,4.5,99.3
727,2-Ethyl-1-Butene 3-Methylene-pentane,14.9,1.7,3.5,123.1
361,Ethyl-1-Propynylether 1-Ethoxy-propyne,15.9,6.4,5.4,101.6
362,"2-Ethyl-1,3-Butadiene 3-Methylene-pent-1-ene",15.3,1.6,3.8,115.2
961,N-Ethyl-2-Pyrrolidone 1-Ethyl-pyrrolidin-2-one,18.0,12.0,7.0,113.9
1058,Ethylene Ethene,15.0,2.0,3.8,63.0
364,Ethylene Chlorohydrin 2-Chloro-ethanol,16.9,8.8,17.2,67.3
366,"Ethylene Dibromide 1,2-Dibromo-ethane",19.2,3.5,8.6,87.0
937,"Ethylene Dinitrate 1,2-Bis-nitrooxy-ethane",16.2,13.0,4.5,101.7
760,"Ethylene Glycol Diethyl Ether 1,2-Diethoxy-ethane",15.4,5.4,5.2,141.6
775,"Ethylene Glycol Dimethyl Ether 1,2-Dimethoxy-ethane",15.4,6.3,6.0,103.9
731,Ethylene Glycol Monobenzyl Ether 2-Benzyloxy-ethanol,17.8,5.9,12.2,143.0
1056,Ethylene Glycol Mono n-He xyl Ether 2-Hexyloxy-ethanol,16.0,5.0,11.4,164.5
1004,Ethylene Glycol Mono n-Prop yl Ether 2-Propoxy-ethanol,16.1,8.7,13.5,114.1
379,Ethylene Glycol Monoisopropyl Ether 2-Isopropoxy-ethanol,16.0,8.2,13.1,115.8
924,Ethylene Glycol Monophenyl Ether 2-Phenoxy-ethanol,17.0,7.2,12.3,125.3
383,Ethylene Oxide Oxirane,15.6,10.0,11.0,49.9
384,Ethylene Sulfid Thiirane,19.3,9.0,6.5,59.5
385,"Ethylenediamine Ethane-1,2-diamine",16.6,8.8,17.0,67.3
386,Ethyleneimine Aziridine,18.6,9.8,7.7,51.8
946,2-Ethylhexylamine Ethyl-hexyl-amine,15.7,4.2,6.1,163.3
387,Ethylidene Acetone Pent-3-en-2-one,16.2,12.1,4.5,99.0
389,Ethynyl Methyl Ether Methoxy-ethyne,15.8,8.1,6.5,70.1
388,Ethynyl Propyl Ether 1-Ethynyloxy-propane,15.4,3.8,5.4,104.1
877,Fluorene 9H-Fluorene,20.0,1.7,1.7,138.2
390,1-Fluoro Acrylic Acid 2-Fluoro-acrylic acid,16.0,8.7,13.0,90.0
391,1-Fluoro Acrylonitrile 2-Fluoro-acrylonitrile,14.1,15.4,5.7,88.8
392,Fluorobenzene Fluoro-benzene,18.7,6.1,2.0,94.7
393,Fluoroethylene Fluoro-ethene,15.2,7.0,1.0,57.5
394,Fluoromethane Fluoromethane,13.4,10.6,9.5,40.7395
396,Formaldehyde Formaldehyde,12.8,14.4,15.4,36.8
741,Formyl Fluoride Formyl fluorid,15.0,10.1,8.6,56.5
400,N-Formyl Hexamethylene Imine Azepane-1-carbaldehyde,18.5,10.4,7.6,127.0
402,Fumaronitrile (E)-But-2-enedinitrile,16.7,13.6,7.8,83.0
404,Furfural Furan-2-carbaldehyde,18.6,14.9,5.1,83.2
994,2-Furonitrile Furan-2-carbonitrile,18.4,15.0,8.2,87.5
990,Glycidaldehyde* Oxirane-2-carbaldehyde,17.5,13.4,9.8,63.2
1087,Glycidol Oxiranyl-methanol,18.2,9.0,17.9,66.5
408,Glyoxal (Ethandial) Ethanedial,15.0,17.0,13.3,50.9
931,1-Heptanol Heptan-1-ol,16.0,5.3,11.7,141.4
1044,2-Heptanol Heptan-2-ol,15.7,5.4,11.7,142.9
1013,3-Heptanol Heptan-3-ol,15.9,5.4,11.7,141.2
410,1-Heptene Hept-1-ene,15.0,1.1,2.6,141.9
411,n-Heptyl Acetate Acetic acid heptyl ester,15.8,2.9,5.5,181.1
1097,Hexanal Hexanal,15.8,8.5,5.4,120.2
1022,Hexanoic Acid Hexanoic acid,15.0,4.1,9.4,125.9
930,1-Hexanol Hexan-1-ol,15.9,5.8,12.5,124.9
419,Hexyl Acetate Acetic acid hexyl ester,15.8,2.9,5.9,165.0
420,"Hexylene Glycol Hexane-1,6-diol",15.7,8.4,17.8,123.0
422,Hydrazine Hydrazine,14.2,8.3,8.9,32.1
423,Hydrogen Cyanide Nitrilomethane,12.3,17.6,9.0,39.3
1173,Hydrogen Peroxide Hydrogen peroxide,15.5,12.2,42.7,23.2
424,Hydrogen Sulfid,17.9,6.0,10.2,36.1
991,3-Hydroxy Tetrahydrofuran Tetrahydro-furan-3-ol,18.9,9.4,16.3,80.0
1078,Indene 1H-Indene,18.7,2.6,9.0,116.5
831,Indole 1H-Indole,19.8,7.5,6.5,110.1
426,"4-Iodo-1,2-Butadiene 4-Iodo-buta-1,2-diene",17.4,6.3,6.2,105.1
427,Iodobenzene* Iodo-benzene,19.5,6.0,6.1,114.4
1126,Iodoform Triiodo-methane,20.2,3.6,10.6,98.2
428,"Iodoprene 2-Iodo-buta-1,3-diene",17.2,2.5,6.2,104.2
754,Isoamyl Alcohol (3-Methyl-1-Butanol) 3-Methyl-butan-1-ol,15.8,5.2,13.3,109.4
433,Isobutylene Isobutene,14.5,2.0,1.5,89.4
434,"Isobutyleneoxide 2,2-Dimethyl-oxirane",16.1,4.8,5.8,90.0
1039,Isobutyric Acid Isobutyric acid,16.5,5.4,11.1,93.4
435,Isocyanic Acid Imino-methanone,15.8,10.5,13.6,37.7
436,Isooctyl Alcohol 6-Methyl-heptan-1-ol,14.4,7.3,12.9,156.6
439,"Isoprene (2-Methyl-1,3-Butadiene) 2-Methyl-buta-1,3-diene",14.7,1.4,4.1,100.9
441,Isopropyl Amine (2-Propan Amine) Isopropylamine,14.8,4.4,6.6,86.8
878,Isopropyl Benzene (Cumene) Isopropyl-benzene,18.1,1.2,1.2,139.1
442,Isopropyl Chloride (2-Chloro Propane) 2-Chloro-propane,15.9,8.3,2.1,91.7
443,Isopropyl Ether 2-Isopropoxy-propane,13.7,3.9,2.3,140.9
445,Isovaleraldehyde 3-Methyl-butyraldehyde,14.7,9.5,5.0,106.0
1040,Isovaleric Acid 3-Methyl-butyric acid,16.4,4.1,10.7,111.0
446,Isoxazole Isoxazole,18.8,13.4,11.2,64.1
447,Ketene Ethenone,15.4,7.3,5.8,53.0
980,"Maleic Anhydride Furan-2,5-dione",20.2,18.1,12.6,66.3
449,Malononitrile Malononitrile,17.7,18.4,6.7,55.5
452,Methacrylaldehyde 2-Methyl-propenal,15.7,11.1,7.4,83.3
453,Methacrylamide 2-Methyl-acrylamide,15.8,11.0,11.6,76.0
781,4-Methoxy Benzonitrile 4-Methoxy-benzonitrile,19.4,16.7,5.4,121.0
1003,3-Methoxy Butanol 3-Methoxy-butan-1-ol,15.3,5.4,13.6,113.2
459,o-Methoxyphenol (Guaiacol) 2-Methoxy-phenol,18.0,8.2,13.3,109.5
460,3-Methoxypropionitrile 3-Methoxy-propionitrile,16.6,14.4,7.8,91.1
461,2-Methyl (cis) Acrylic Acid (Z)-But-2-enoic acid,16.8,5.2,12.4,83.9
463,Methyl 1-Propenyl Ether 1-Methoxy-propene,15.0,4.3,5.7,93.5
958,N-Methyl Acetamide N-Methyl-acetamide,16.9,18.7,13.9,76.9
465,Methyl Acetylene Propyne,15.1,3.8,9.2,59.6
468,3-Methyl Allyl Alcohol But-2-en-1-ol,16.0,6.0,15.5,84.4
470,Methyl Amine Methylamine,13.0,7.3,17.3,44.4
473,Methyl Bromide Bromomethane,17.0,8.8,2.6,56.8
474,Methyl Butyl Ketone Hexan-2-one,15.3,6.1,4.1,123.6
475,Methyl Chloride Chloromethane,15.3,6.1,3.9,55.4
1030,1-Methyl Cyclohexanol 1-Methyl-cyclohexanol,17.1,6.4,12.5,123.4
1031,3-Methyl Cyclohexanol (mix) 3-Methyl-cyclohexanol,17.2,6.4,12.5,124.8
1032,4-Methyl Cyclohexanol (mix) 4-Methyl-cyclohexanol,17.2,6.3,12.5,125.5
1033,2-Methyl Cyclohexanol (mix) 2-Methyl-cyclohexanol,17.1,6.5,12.5,124.1
480,Methyl Ethyl Ether Methoxy-ethane,14.7,4.9,6.2,84.1
965,N-Methyl Formamide N-Methyl-formamide,17.4,18.8,15.9,59.1
483,Methyl Formate Formic acid methyl ester,15.3,8.4,10.2,62.2
995,2-Methylfuran 2-Methyl-furan,17.3,2.8,7.4,89.7
484,Methyl Glyoxal 2-Oxo-propionaldehyde,15.5,16.1,9.7,68.9
485,Methyl Hydrazine Methyl-hydrazine,16.2,8.7,14.8,52.7
486,Methyl Hydroperoxide Methyl-hydroperoxide,15.0,15.0,30.0,24.1
487,1-Methyl Imidazole 1-Methyl-1H-imidazole,19.7,15.6,11.2,79.5
488,Methyl Iodide Iodomethane,17.5,7.7,5.3,62.3
492,Methyl Isocyanate Isocyanatomethane,15.6,7.3,2.5,61.8
494,Methyl Isothiocyanate Isothiocyanatomethane,17.3,16.2,10.1,68.4
495,3-Methyl Isoxazole 3-Methyl-isoxazole,19.4,14.8,11.8,57.7
496,Methyl Mercaptan Methanethiol,16.6,7.7,8.6,54.1
498,Methyl n-Amyl Ketone Heptan-2-one,16.2,5.7,4.1,139.8
499,Methyl n-Propyl Ketone Pentan-2-one,16.0,7.6,4.7,106.7
500,1-Methyl Naphthalene 1-Methyl-naphthalene,20.6,0.8,4.7,138.8
501,Methyl Nitrate Nitrooxymethane,15.8,14.0,4.8,63.8
879,Methyl Phenyl Sulfid Methylsulfanyl-benzene,19.6,4.8,4.7,117.4
902,2-Methyl Pyrazine 2-Methyl-pyrazine,18.3,12.3,10.5,91.4
986,N-Methyl Pyrrolidine 1-Methyl-pyrrolidine,17.0,2.8,6.9,104.0
507,Methyl Thiocyanate Thiocyanatomethane,17.3,15.0,6.0,68.5
968,Methyl Thiocyanate Thiocyanatomethane,17.4,15.0,8.7,68.5
508,Methyl Vinyl Ether Methoxy-ethene,14.9,5.3,6.3,75.2
509,Methyl Vinyl Ketone But-3-en-2-one,15.6,12.5,5.0,81.2
510,1-Methyl Vinyl Methyl Ether 2-Methoxy-propene,14.8,4.2,5.6,96.1
511,Methyl Vinyl Sulfid Methylsulfanyl-ethene,16.4,4.9,6.0,82.1
512,Methyl Vinyl Sulfone Methylsulfonyl-ethene,16.8,19.6,4.8,87.6
462,2-Methyl-1-Butanol 2-Methyl-butan-1-ol,16.0,5.1,14.3,109.5
513,3-Methyl-1-Butene 3-Methyl-but-1-ene,14.0,1.4,3.8,112.9
514,2-Methyl-1-Butene 2-Methyl-but-1-ene,14.2,1.8,2.3,108.7
515,2-Methyl-1-Chloro Acrolein 2-Chloro-but-2-enal,17.1,10.6,7.3,91.7
1028,2-Methyl-1-Pentanol 2-Methyl-pentan-1-ol,15.8,4.9,13.5,124.0
516,2-Methyl-1-Propanol 2-Methyl-propan-1-ol,15.1,5.7,15.9,92.8
517,Methyl-1-Propynyl Ether 1-Methoxy-propyne,15.7,6.3,5.9,85.4
518,"3-Methyl-1,2-Butadiene 3-Methyl-buta-1,2-diene",15.1,2.5,4.5,99.7
519,"2-Methyl-1,3-Dioxolane 2-Methyl-[1,3]dioxolane",17.3,4.8,5.8,89.8
732,2-Methyl-2-Butanol 2-Methyl-butan-2-ol,15.3,6.1,13.3,109.6
1029,3-Methyl-2-Butanol 3-Methyl-butan-2-ol,15.6,5.2,13.4,107.7
520,2-Methyl-2-Butene 2-Methyl-but-2-ene,14.3,2.0,3.9,106.7
951,N-Methylaniline Methyl-phenyl-amine,19.5,6.0,11.5,108.4
525,Methylene Diiodide Diiodo-methane,17.8,3.9,5.5,80.5
888,"1,2-Methylenedioxybenzene Benzo[1,3]dioxole",19.0,6.7,5.9,114.8
844,"N,N,N,N-Tetramethylthiourea Tetramethyl-thiourea",17.3,6.0,10.5,132.2
529,Naphtha.High-Flash,17.9,0.7,1.8,181.8
530,Naphthalene Naphthalene,19.2,2.0,5.9,111.5
896,1-Naphthol Naphthalen-1-ol,19.7,6.3,12.3,131.7
1092,2-Nitro-1-Propanol 2-Nitro-propan-1-ol,16.1,13.7,15.4,88.8
939,3-Nitroaniline 3-Nitro-phenylamine,21.2,18.7,10.3,96.1
533,Nitroethylene Nitro-ethene,16.3,16.6,5.0,59.9
936,4-Nitrophenol 4-Nitro-phenol,20.4,20.9,15.1,93.1
535,1-Nitropropane 1-Nitro-propane,16.6,12.3,5.5,88.4
1073,Nitrosobenzene Nitroso-benzene,20.0,12.7,4.0,89.3
984,2-Nitrothiophene 2-Nitro-thiophene,19.7,16.2,8.2,94.6
1095,"1,9-Nonanediol Nonane-1,9-diol",15.7,7.0,15.1,170.5
932,1-Nonanol Nonan-1-ol,16.0,4.8,10.6,174.4
1070,1-Nonene Non-1-ene,15.4,1.0,2.2,170.5
538,Nonyl Phenol 4-Nonyl-phenol,16.5,4.1,9.2,231.0
541,Octanoic Acid Octanoic acid,15.1,3.3,8.2,159.0
542,1-Octanol* Octan-1-ol,16.0,5.0,11.9,157.7
543,2-Octanol Octan-2-ol,16.1,4.9,11.0,159.1
544,1-Octene Oct-1-ene,15.3,1.0,2.4,158.0
1065,Octyl Acetate Acetic acid octyl ester,15.8,2.9,5.1,196.0
546,Oleyl Alcohol (Z)-Octadec-9-en-1-ol,14.3,2.6,8.0,316.0
1156,Oxalic Acid Oxalic acid,17.0,14.3,22.0,47.4
547,Oxalylchloride Oxalyl dichloride,16.1,3.8,7.5,85.8
1026,Oxetane (Trimethylene Oxide) Oxetane,18.0,9.1,5.4,65.0
548,"1,3-Pentadiene (Trans) (E)-Penta-1,3-diene",14.7,2.5,5.0,101.7
549,Pentamethylene Sulfid Tetrahydro-thiopyran,18.5,6.3,8.9,103.6
1061,Pentanal (Valeraldehyde) Pentanal,15.7,9.4,5.8,106.4
1023,Pentanoic Acid Pentanoic acid,15.0,4.1,10.3,109.2
733,2-Pentanol Pentan-2-ol,15.6,6.4,13.3,109.6
553,4-Pentenal Pent-4-enal,15.5,8.1,6.8,98.7
554,1-Pentene Pent-1-ene,13.9,1.4,3.8,110.4
880,Phenetole (Ethyl Phenyl Ether) Ethoxy-benzene,18.4,4.5,4.0,127.3
559,Phenol Phenol,18.0,5.9,14.9,87.5
560,2-Phenoxy Ethanol 2-Phenoxy-ethanol,17.8,5.7,14.3,124.7
881,Phenyl Acetate Acetic acid phenyl ester,19.8,5.2,6.4,126.9
851,Phenyl Acetonitrile Phenyl-acetonitrile,19.5,12.3,3.8,114.9
1168,Phenyl Acetylene Ethynyl-benzene,18.8,2.8,4.0,109.1
1074,2-Phenyl Ethanol 2-Phenyl-ethanol,19.0,5.8,12.8,120.0
1047,Phenylhydrazine Phenyl-hydrazine,20.4,6.5,14.0,98.5
562,Phosgene Carbonyl dichloride,16.4,5.3,5.3,71.7
1216,Phosphoric Acid Phosphoric acid,14.7,18.6,26.8,52.8
564,"Phthalic Anhydride Isobenzofuran-1,3-dione",20.6,20.1,10.1,96.8
1089,"Picric Acid (2,4,6-Trinitrophenol) Picric acid",19.2,7.0,6.0,130.0
565,Pine Oil,15.6,3.0,9.8,155.0
1052,Piperazine Piperazine,18.1,5.6,8.0,97.9
1050,Piperidine Piperidine,17.6,4.5,8.9,98.9
566,"1,2-Propadiene (Allene) Propa-1,2-diene",15.3,3.0,6.8,60.1
1038,"1,3-Propanediol (Trimethyleneglycol) Propane-1,3-diol",16.8,13.5,23.2,72.5
567,2-Propanethiol Propane-2-thiol,16.3,6.8,6.5,94.1
568,1-Propanethiol Propane-1-thiol,16.1,5.8,5.7,90.5
571,Propargylaldehyde Propynal,16.2,11.9,8.7,60.0
572,beta-Propiolactone Oxetan-2-one,19.7,18.2,10.3,65.5
1062,Propionaldehyde* Propionaldehyde,15.3,11.1,6.9,73.4
574,"Propionaldehyde-2,3-Epoxy* Oxirane-2-carbaldehyde",17.5,13.4,9.8,63.2
575,Propionamide Propionamide,16.7,9.8,11.5,78.9
576,Propionic Acid Propionic acid,14.7,5.3,12.4,75.0
1043,Propionic Anhydride Propanoic anhydride,16.2,10.0,8.7,129.4
577,Propionitrile Propionitrile,15.3,14.3,5.5,70.9
578,Propionylchloride Propionyl chloride,16.1,10.3,5.3,86.9
579,n-Propyl Acetate Acetic acid propyl ester,15.3,4.3,7.6,115.3
580,Propyl Amine Propylamine,16.9,4.9,8.6,83.0
581,Propyl Chloride 1-Chloro-propane,16.0,7.8,2.0,88.1
926,Propyl Formate Formic acid propyl ester,15.5,7.1,8.6,97.9
935,n-Propyl Nitrate 1-Nitrooxy-propane,15.8,11.3,4.1,99.7
583,Propylene Propene,15.1,1.6,1.5,68.8
746,Propylene Chlorohydrin 1-Chloro-propan-2-ol,16.8,9.8,15.3,85.4
587,Propylene Glycol Monobutyl Ether 1-Butoxy-propan-2-ol,15.3,4.5,9.2,132.0
588,Propylene Glycol Monoethyl Ether 1-Ethoxy-propan-2-ol,15.7,6.5,10.5,115.6
590,Propylene Glycol Monoisobutyl Ether 1-Isobutoxy-propan-2-ol,15.1,4.7,9.8,132.2
593,Propylene Glycol Monophenyl Ether 1-Phenoxy-propan-2-ol,17.4,5.3,11.5,143.2
594,Propylene Glycol Monopropyl Ether 1-Propoxy-propan-2-ol,15.8,7.0,9.2,130.3
1086,Propylene Imine (2-Methyl Aziridine) 2-Methyl-aziridine,18.1,8.4,6.5,71.2
595,Propylene Oxide 2-Methyl-oxirane,15.2,8.6,6.7,67.6
1091,2-Propyn-1-ol Prop-2-yn-1-ol,16.1,8.8,19.1,57.7
596,Propynonitrile Propynenitrile,15.5,17.0,6.3,62.5
985,Pyrazole 1H-Pyrazole,20.2,10.4,12.4,68.1
597,Pyridazine Pyridazine,20.2,17.4,11.7,72.6
901,"Pyrogallol (1,2,3-Trihydroxybenzene) Benzene-1,2,3-triol",20.7,10.7,21.1,87.0
600,Pyrrole 1H-Pyrrole,19.2,7.4,6.7,69.2
1051,Pyrrolidine Pyrrolidine,17.9,6.5,7.4,83.5
601,Pyruvonitrile 2-Oxo-propionitrile,15.9,18.9,8.0,70.9
602,Quinoline Quinoline,19.8,5.6,5.7,118.0
1204,Salicylic Acid 2-Hydroxy-benzoic acid,19.4,10.1,17.4,95.7
1225,Sebacic Acid Decanedioic acid,17.1,7.1,11.7,167.6
832,Skatole 3-Methyl-1H-indole,20.0,7.1,6.2,122.6
603,Stearic Acid Octadecanoic acid,16.3,3.3,5.5,326.0
1014,Styrene Oxide (Phenyl Oxirane) 2-Phenyl-oxirane,19.4,5.8,6.6,114.2
605,Succinaldehyde (Butanedial) Succinaldehyde,16.8,9.8,10.5,81.2
606,"Succinic Anhydride Dihydro-furan-2,5-dione",18.6,19.2,16.6,66.8
607,Succinonitrile Succinonitrile,17.9,16.2,7.9,81.2
610,Sulfur Dioxide Oxosulfane oxide,15.8,8.4,10.0,44.0
897,Terephthalic Acid Terephthalic acid,18.8,6.1,10.7,166.0
1011,1-Tetradecene Tetradec-1-ene,16.1,0.5,1.9,253.4
616,Tetraethylorthosilicate,13.9,4.3,0.6,224.0
619,Tetrahydropyran Tetrahydro-pyran,16.4,6.3,6.0,97.8
620,Tetrahydrothiapyran Tetrahydro-thiopyran,18.5,6.3,8.9,103.6
622,Tetramethylene Sulfid Tetrahydro-thiophene,18.6,6.7,9.1,88.3
933,Tetranitromethane Tetranitro-methane,15.5,9.9,7.5,119.7
625,2-Thiabutane Methylsulfanyl-ethane,16.2,5.9,5.3,90.4
626,Thiacyclopropane Thiirane,19.3,9.1,5.0,58.0
627,Thiazole* Thiazole,20.5,18.8,10.8,70.9
628,Thioacetamide Thioacetamide,17.5,20.6,20.2,75.0
629,Thioacetic Acid Thioacetic acid,17.0,6.7,8.9,71.5
630,Gamma-Thiobutyrolactone Dihydro-thiophen-2-one,19.0,6.9,6.2,86.6
631,Thiocyanic Acid Thiocyanic acid,16.8,8.9,10.9,51.7
632,Thionyl Chloride Thionyl dichloride,16.9,6.2,5.9,79.0
633,Thiophene Thiophene,18.9,2.4,7.8,79.0
703,Thiophenol Benzenethiol,20.0,4.5,10.3,102.4
634,Thiourea Thiourea,20.0,21.7,14.8,72.8
635,"1,4-Thioxane [1,4]Oxathiane",19.0,6.6,7.7,93.5
636,Tigaldehyde (E)-2-Methyl-but-2-enal,16.2,12.9,6.8,96.6
953,2-Toluidine o-Tolylamine,19.4,5.8,9.4,107.8
1020,Tri-n-Butyl Borate Tri-n-butyl borate,16.7,1.8,4.6,269.7
639,"1,2,3-Triazole 1H-[1,2,3]Triazole",20.7,8.8,15.0,58.2
1118,"2,4,6-Tribromo Phenol 2,4,6-Tribromo-phenol",20.6,10.2,14.1,129.7
640,"Tribromo Ethylene* 1,1,2-Tribromo-ethene",18.3,9.4,8.0,97.8
642,"3,3,3-Trichloro Propene 3,3,3-Trichloro-propene",17.7,15.5,3.4,106.2
643,"1,1,2-Trichloro Propene 1,1,2-Trichloro-propene",17.7,15.7,3.4,104.8
644,"1,2,3-Trichloro Propene 1,2,3-Trichloro-propene",17.8,15.7,3.4,105.0
981,Trichloro-Methyl-Silane Trichloro-methyl-silane,16.5,6.6,3.5,117.4
861,Trichloroacetic Acid Trichloro-acetic acid,18.3,5.8,11.4,100.2
645,Trichloroacetonitrile Trichloro-acetonitrile,16.4,7.4,6.1,100.0
701,"1,2,4-Trichlorobenzene* 1,2,4-Trichloro-benzene",20.2,6.0,3.2,125.5
648,"1,1,2-Trichloroethane 1,1,2-Trichloro-ethane",18.2,5.3,6.8,92.9
702,"2,4,6-Trichlorophenol 2,4,6-Trichloro-phenol",20.3,5.1,10.8,132.5
883,"1,2,3-Trichloropropane 1,2,3-Trichloro-propane",17.8,12.3,3.4,106.1
1174,Trichlorosilane,14.2,3.6,3.8,101.1
654,Tridecyl Alcohol* Tridecan-1-ol,16.2,3.1,9.0,242.0
944,"2,2,2-Trifluoro Ethano 2,2,2-Trifluoro-ethano",15.4,8.3,16.4,72.3
660,Trifluoroacetic Aci Trifluoro-acetic acid,15.6,9.9,11.6,74.2
662,Trifluoromethane (Freon 23 Trifluoro-methan,14.4,8.9,6.5,46.1
665,Trimethyl Amine Trimethyl-amine,14.6,3.4,1.8,90.3
667,"Trimethylbenzene* 1,2,4-Trimethyl-benzene",18.0,1.0,1.0,137.3
669,Trimethylenesulfid Thietane,18.8,7.8,9.4,72.8
934,Trinitomethane Trinitro-methane,15.5,10.3,7.3,94.6
855,"1,3,5-Trioxane [1,3,5]Trioxane",18.7,9.2,8.6,77.0
673,Valeronitrile Pentanenitrile,15.3,11.0,4.8,103.8
676,Vinyl Acetate Acetic acid vinyl ester,16.0,7.2,5.9,92.6
677,Vinyl Acetic Acid But-3-enoic acid,16.8,5.2,12.3,85.3
678,Vinyl Acetylene But-1-en-3-yne,15.1,1.7,12.0,74.3
679,Vinyl Allyl Ether 3-Vinyloxy-propene,14.9,6.5,5.3,105.4
742,Vinyl Amine Vinylamine,15.7,7.2,11.8,51.8
680,Vinyl Bromide Bromo-ethene,15.9,6.3,5.4,71.6
964,Vinyl Butyl Ether 1-Vinyloxy-butane,15.2,4.1,5.1,129.4
681,Vinyl Butyl Sulfid 1-Vinylsulfanyl-butane,16.0,5.0,5.4,136.7
682,Vinyl Butyrate Butyric acid vinyl ester,15.6,3.9,6.9,126.5
683,Vinyl Chloride Chloro-ethene,16.0,6.5,2.4,68.7
685,Vinyl Ether Vinyloxy-ethene,14.8,4.2,5.8,90.7
1024,Vinyl Ethyl Ether Ethoxy-ethene,14.5,4.9,6.0,95.0
686,Vinyl Ethyl Sulfid Ethylsulfanyl-ethene,16.4,5.8,6.3,101.3
687,Vinyl Formate Formic acid vinyl ester,15.3,6.5,9.7,74.7
688,Vinyl Iodide (Iodoethene) Iodo-ethene,17.1,5.5,7.3,75.6
910,Vinyl Isopropyl Ether 2-Vinyloxy-propane,14.7,3.5,5.2,115.3
690,Vinyl Propyl Ether 1-Vinyloxy-propane,14.9,3.5,5.2,113.0
843,4-Vinyl Pyridine 4-Vinyl-pyridine,18.1,7.2,6.8,107.3
691,Vinyl Pyrrolidone 1-Vinyl-pyrrolidin-2-one,16.4,9.3,5.9,106.9
692,Vinyl Silane Vinyl-silane,15.5,2.6,4.0,89.4
694,Vinyl Trimethyl Silane Trimethyl-vinyl-silane,14.5,1.0,2.5,145.3
695,"Vinylenecarbonate [1,3]Dioxol-2-one",17.3,18.1,9.6,86.0
696,Water Water,15.5,16.0,42.3,18.0
859,Water - 1% in Ro = 18.1 Water,15.1,20.4,16.5,18.0
698,o-Xylene o-Xylene,17.8,1.0,3.1,121.2
