Number,Solvent,Structure,GHS,H_Statements,WGK,dD_MPa05,dP_MPa05,dH_MPa05,Tb_C,Pv_hPa,Density_g_cm3,MWt_g_mol,MVol_cm3_mol,Cost_EUR_mL,CAS,SMILES,HF,Comments
1,Methyl Acetate,,2        7,H225-H315-H319-H335,1,15.5,7.2,7.6,58.0,490.62496000000004,0.932,74.08,79.48497854077253,0.0202,79-20-9,CC(OC)=O,0.0,
2,"2,3-Dihydrofuran",,2,H225,3,17.3,6.0,6.9,55.0,343.97076000000004,0.931,70.1,75.29538131041889,0.368,1191-99-7,O1CCC=C1,0.0,
3,Methyl-t-Butyl Ether, ,2         7,H225-H315,1,14.8,4.3,5.0,55.0,333.305,0.7353,88.15,119.88304093567253,0.020300000000000002,1634-04-4,CC(C)(C)OC,0.0,
4,2-Pentyne,,2        7,H225-H315-H319-H335,3,15.5,4.6,4.0,56.0,315.97314,0.689,68.1,98.8388969521045,3.3347599999999997,627-21-4,CC#CCC,0.0,
5,Ethyl Methyl Sulfide,,2,H225,3,17.1,4.8,2.5,66.0,246.6457,0.842,76.16,90.45130641330167,0.7611680000000001,624-89-5,CSCC,0.0,
6,4-Methyl-2-Pentyne,,2,H225,3,15.2,3.7,3.0,73.0,187.98402000000002,0.701,82.1,117.11840228245363,11.6366,21020-27-9,CC(C)C#CC,0.0,
7,Butyraldehyde,,2,H225,1,15.6,10.1,6.2,75.0,147.98742000000001,0.8,72.11,90.13749999999999,0.033600000000000005,123-72-8,CCCC=O,0.0,
8,2-Methyl Tetrahydrofuran,,2,H225,2,16.9,5.0,4.3,80.0,129.32234,0.855,86.13,100.73684210526315,0.11059999999999999,96-47-9,CC1CCCO1,0.0,
9,2-Hexyne,,2,H225,3,15.6,3.9,3.4,86.0,103.99116000000001,0.708,82.1,115.96045197740114,2.57712,764-35-2,CC#CCCC,0.0,
10,Isobutyl Mercaptan,,2        7,H225-H315-H319-H335,3,15.9,4.3,4.7,89.0,98.65828,0.83,90.2,108.67469879518073,0.19007,513-44-0,CC(CS)C,0.0,
11,Dihydropyran,,2        7,H226-H315-H319-H335,3,17.5,5.5,5.7,87.0,98.65828,0.907,84.12,92.74531422271224,0.1358,110-87-2,C1CCOC=C1,0.0,
12,Tetrahydropyran,,2      7,H225-H315-H319-H335,3,16.4,6.3,6.0,88.0,95.32523,0.8,86.13,107.6625,0.244,142-68-7,C1CCOCC1,0.0,
13,5-Methyl-1-Hexyne,,2,H225,3,15.4,2.7,2.6,93.0,90.65896000000001,0.731,96.2,131.60054719562245,4.94156,2203-80-7,C#CCCC(C)C,0.0,
14,Allyl Methyl Sulfide,,2,H225,3,17.0,4.4,4.5,91.0,90.65896000000001,0.881,88.2,100.11350737797957,1.6351359999999997,10152-76-8,CSCC=C,0.0,
15,Dimethyl Carbonate,,2,H225,1,15.5,8.6,9.7,90.0,74.66032,1.06,90.08,84.98113207547169,0.048548,616-38-6,O=C(OC)OC,0.0,
16,"1,3-Cyclohexadiene",,2,H225,3,17.1,3.6,5.2,81.0,74.66032,0.843,80.1,95.01779359430604,6.137039999999999,592-57-4,C1=CCCC=C1,0.0,
17,n-Propyl Acetate,,2        7,H225-H315-H319-H335,1,15.3,4.3,7.6,102.0,46.6627,0.888,102.13,115.01126126126125,0.0259,109-60-4,CC(OCCC)=O,0.0,
18,Ethyl Methyl Carbonate,,2        7,H225-H315-H319-H335,3,15.7,7.8,6.2,110.0,35.99694,1.018,104.1,102.25933202357564,2.48,623-53-0,O=C(OC)OCC,0.0,
19,2-Heptyne,,2        7,H225-H315-H319-H335,3,15.7,3.6,3.4,113.0,35.063686000000004,0.722,96.2,133.2409972299169,0.54872,1119-65-9,CC#CCCCC,0.0,
20,Cycloheptene,,2,H225,1,16.9,2.6,3.9,115.0,29.99745,0.828,96.2,116.18357487922707,9.67104,628-92-2,C1CCC=CCC1,0.0,
21,Pyrimidine,,2,H226,1,20.5,9.4,11.3,124.0,22.398096000000002,1.1,80.09,72.80909090909091,13.200000000000001,289-95-2,C1=CC=NC=N1,0.0,
22,Laevo-Carvone,,-,-,1,17.5,5.8,3.7,230.0,20.664910000000003,0.96,150.2,156.45833333333331,0.21791999999999997,6485-40-1,CC1=CCC(CC1=O)C(=C)C,0.0,
23,Dimethyl Sulfite,,2        7,H226-H315-H319-H335,,17.3,10.2,6.2,126.0,19.198368000000002,1.3,110.1,84.69230769230768,0.6590999999999999,616-42-2,O(C)S(=O)OC,0.0,
24,2-Methoxy Tetrahydropyrane,,2,H226,2,17.2,6.6,6.0,129.0,17.198538000000003,0.963,116.16,120.62305295950156,6.895079999999998,6581-66-4,COC1OCCCC1,0.0,
25,Propylene Glycol Monomethyl Ether,,2             7,H226-H336,1,15.6,6.3,11.6,120.0,16.66525,0.96,90.12,93.87500000000001,0.033100000000000004,107-98-2,OC(C)COC,0.0,
26,Diethyl Carbonate,,2        7,H226-H315-H319-H335,1,15.1,6.3,3.5,128.0,15.332030000000001,0.975,118.13,121.15897435897436,0.0434,105-58-8,O=C(OCC)OCC,0.0,
27,n-Butyl Acetate,,2             7,H226-H336,1,15.8,3.7,6.3,126.0,15.332030000000001,0.88,116.16,132.0,0.0324,123-86-4,CC(OCCCC)=O,0.0,
28,Hexanal,,2      7,H226-H315-H319,1,15.8,8.4,5.3,131.0,15.065386000000002,0.83,100.16,120.67469879518073,0.13844399999999998,66-25-1,CCCCCC=O,0.0,
29,"1-Propene, 3,3'-Thiobis-",,2        7,H226-H315-H319-H335,2,17.0,3.7,4.0,139.0,12.265623999999999,0.88,114.2,129.77272727272728,0.23495999999999997,592-88-1,C=CCSCC=C,0.0,
30,2-Octyne,,2        7,H225-H315-H319-H335,3,15.8,3.4,3.4,138.0,12.265623999999999,0.74,110.2,148.91891891891893,0.7696000000000001,2809-67-8,CC#CCCCCC,0.0,
31,"1,4-Thioxane",,2        7,H226-H315-H319-H335,2,19.0,6.6,7.7,148.0,7.599354000000001,1.1,104.17,94.69999999999999,2.8512,15980-15-1,C1CSCCO1,0.0,
32,Isoamyl Acetate,,2,H226,1,15.3,3.1,7.0,142.0,7.466032,0.87,130.19,149.64367816091954,0.05115599999999999,123-92-2,CC(OCCC(C)C)=O,0.0,
33,1-Nonyne,,2        7,H226-H315-H319-H335,3,15.8,2.9,2.7,151.0,6.6661,0.757,124.2,164.06869220607663,5.66236,3452-09-3,C#CCCCCCCC,0.0,
34,2-Ethylpyridine,,2        7,H226-H315-H319-H335,1,18.0,5.8,5.1,150.0,6.6661,0.926,107.2,115.76673866090712,0.31854400000000005,100-71-0,CCC1=CC=CC=N1,0.0,
35,Propylcyclohexane,,2,H226,3,16.2,0.0,0.0,156.0,5.33288,0.797,126.2,158.34378920953574,5.30005,1678-92-8,CCCC1CCCCC1,0.0,
36,Furfuryl Mercaptan,,2,H226,3,18.3,7.0,7.2,155.0,5.33288,1.12,114.2,101.96428571428571,0.25984,98-02-2,C1=COC(=C1)CS,0.0,
37,Amyl Acetate,,2,H226,1,15.8,3.3,6.1,145.0,5.199558000000001,0.9,130.19,144.65555555555554,0.0693,628-63-7,O=C(OCCCCC)C,0.0,
38,3-Hexanol,,2,H226,1,15.9,4.7,10.3,135.0,4.532948,0.8,102.2,127.75,1.168,623-37-0,OC(CC)CCC,0.0,
39,2-Methyl-3-Tetrahydrofuran Thiol,,2        7,H226-H315-H319-H335,3,17.4,5.5,6.0,160.0,3.9996600000000004,1.027,118.2,115.09250243427459,2.0231899999999996,57124-87-5,CC1C(CCO1)S,0.0,
40,"2-Butanone, 3-Hydroxy-",,2      7,H226-H315-H319,1,17.2,10.6,14.6,148.0,3.5996940000000004,1.0,88.1,88.1,0.118,513-86-0,CC(C(O)C)=O,0.0,
41,2-Hexanol,,7,H226-H315-H319-H335,1,16.0,4.7,10.8,139.0,3.4663720000000002,0.8,102.2,127.75,1.168,626-93-7,CC(O)CCCC,0.0,
42,3-Ethylpyridine,,2        7,H226-H315-H319-H335,3,18.0,5.8,5.1,165.0,3.199728,0.926,107.2,115.76673866090712,0.727836,536-78-7,CCC1=CN=CC=C1,0.0,
43,α-Angelica Lactone,,-,-,2,17.6,12.1,7.6,188.0,2.9330840000000005,1.07,98.1,91.68224299065419,1.5408000000000002,591-12-8,CC1=CCC(=O)O1,0.0,
44,2-Ethoxythiazole,,2        7,H226-H315-H319-H335,3,18.6,7.3,7.9,160.0,2.9330840000000005,1.151,129.2,112.25021720243265,2.61277,15679-19-3,CCOC1=NC=CS1,0.0,
45,Benzyl Methyl Ether,,2,H226,3,17.7,4.1,4.6,175.0,2.66644,0.95,122.2,128.63157894736844,1.3186000000000002,538-86-3,COCC1=CC=CC=C1,0.0,
46,o-Methylanisole,,2,H226,3,18.3,4.5,4.5,173.0,2.66644,0.955,122.2,127.95811518324608,0.38677500000000004,578-58-5,COC1=CC=CC=C1C,0.0,
47,"1,8-Cineole (Eucalyptol)",,2,H226,2,16.7,4.6,3.4,178.0,2.533118,0.92,154.25,167.66304347826087,0.1916,470-82-6,CC1(C2CCC(O1)(CC2)C)C,0.0,
48,Ethylene Glycol Sulfite,,-,-,3,20.0,15.9,5.1,170.0,2.533118,1.6,108.12,67.575,1.44,3741-38-6,C1COS(=O)O1,0.0,
49,3-Methyl Cyclohexanone,,2,H226,3,17.7,7.7,4.7,170.0,2.533118,0.914,112.17,122.72428884026257,0.378,591-24-2,O=C1CC(C)CCC1,0.0,
50,"1,2,3-Trimethylbenzene",,7,H226-H315-H319-H335,3,17.7,2.6,3.1,176.0,2.2531418,0.89,120.2,135.0561797752809,2.22,526-73-8,CC(C(C)=CC=C1)=C1C,0.0,
51,β-Ocimene,,2,H226,3,16.4,1.5,2.5,175.0,2.1331520000000004,0.8,136.2,170.24999999999997,0.528,13877-91-3,CC(=CCC=C(C)C=C)C,0.0,
52,Furfuryl Methyl Sulfide,,7,H315-H319-H335,3,18.4,5.7,5.5,175.0,2.0291608400000003,1.082,128.2,118.48428835489831,0.60051,1438-91-1,CSCC1=CC=CO1,0.0,
53,4-Tert-Butylpyridine,,7,H315-H319-H335,3,17.0,4.1,3.4,197.0,1.9998300000000002,0.896,135.2,150.89285714285714,2.6700799999999996,3978-81-2,CC(C)(C)C1=CC=NC=C1,0.0,
54,p-Cymene,,7,H226-H315-H319-H335,2,17.3,2.4,2.4,177.0,1.9998300000000002,0.85,134.2,157.88235294117646,0.0354,99-87-6,CC(C1=CC=C(C)C=C1)C,0.0,
55,n-Butyl Cyclohexane,,2,H226,3,16.2,0.0,0.6,180.0,1.866508,0.799,140.27,175.5569461827284,1.4589739999999998,1678-93-9,CCCCC1CCCCC1,0.0,
56,Methyl Heptenone,,2,H226,1,16.1,4.9,3.7,173.0,1.7331860000000001,0.85,126.2,148.47058823529412,0.11594,110-93-0,CC(=CCCC(=O)C)C,0.0,
57,m-Diethylbenzene,,7,H226-H315-H319-H335,2,17.4,2.3,2.1,182.0,1.599864,0.86,134.2,156.04651162790697,15.0,141-93-5,CCC1=CC=CC(CC)=C1,0.0,
58,1-Octanal,,2      7,H226-H315,2,16.0,6.3,4.4,171.0,1.5731996,0.82,128.2,156.34146341463415,0.0902,124-13-0,CCCCCCCC=O,0.0,
59,2-Furfuryl Acetate,,,H227-H315-H319-H335,3,17.5,6.5,7.5,175.0,1.4665420000000002,1.1175,140.1,125.36912751677852,1.00128,623-17-6,O1C=CC=C1COC(C)=O,0.0,
60,Cyclohexyl Carbinol C6h11-Ch2oh,,,H227,1,17.2,4.8,10.7,180.0,1.33322,0.933,114.2,122.40085744908896,0.92367,100-49-2,OCC1CCCCC1,0.0,
61,(Z)-3-Hexen-1-ol,,2,H226,1,16.5,5.7,11.7,156.0,1.33322,0.8,100.2,125.25,0.0904,928-96-1,CC\C=C/CCO,0.0,
62,Crotonlactone,,7,H315-H319-H335,3,19.0,19.8,9.6,212.0,1.3065556,1.185,84.07,70.94514767932489,32.8008,497-23-4,O=C1OCC=C1,0.0,
63,3-(Methylthio)Propanoic Acid Methyl Ester,,2        7,H226-H315-H319-H335,3,17.4,6.2,7.0,210.0,1.0799082000000002,1.05,134.2,127.8095238095238,0.168,13532-18-8,COC(CCSC)=O,0.0,
64,Ethyl Aceto Acetate (Keto),,7,H319,1,16.5,7.3,8.3,181.0,1.0399116000000002,1.03,130.14,126.34951456310678,0.041096999999999995,141-97-9,CC(CC(OCC)=O)=O,0.0,
65,2-Pentyl Pyridine,,7,H315-H319-H335,3,17.7,4.5,4.0,204.0,0.933254,0.9,149.2,165.77777777777777,4.05,2294-76-0,CCCCCC1=CC=CC=N1,0.0,
66,1-Phenyl-3-Methylbutane,,-,-,3,16.9,1.6,2.4,193.0,0.933254,0.9,148.2,164.66666666666666,0.522,2049-94-7,CC(C)CCC1=CC=CC=C1,0.0,
67,"2,6-Dimethylthiophenol",,7,H315-H319-H335,,19.5,3.1,4.5,223.0,0.799932,1.03,138.2,134.17475728155338,5.871,118-72-9,S-c(c(cc1)C)c(c1)C,0.0,
68,p-Methoxystyrene,,,,3,18.2,4.6,4.8,205.0,0.799932,0.97,134.2,138.35051546391753,5.9946,637-69-4,C=CC1=CC=C(OC)C=C1,0.0,
69,"2,6-Dimethyl-5-Heptenal",,7,H315-H319-H335,2,16.3,5.3,4.3,198.0,0.799932,0.86,140.2,163.02325581395348,0.32938,106-72-9,CC(CCC=C(C)C)C=O,0.0,
70,Hexyl Propanoate,,,,2,15.9,3.8,4.8,180.0,0.799932,0.87,158.2,181.83908045977012,0.07490699999999999,2445-76-3,O=C(OCCCCCC)CC,0.0,
71,Myrtenyl Acetate,,,,2,16.9,2.8,4.2,240.0,0.66661,1.013,194.3,191.8065153010859,0.42545999999999995,1079-01-2,CC(=O)OCC1=CCC2CC1C2(C)C,0.0,
72,"2',4'-Dimethyl Acetophenone",,7,H315-H319-H335,2,18.4,6.0,3.5,228.0,0.66661,0.98,148.2,151.22448979591834,1.36024,89-74-7,CC1=CC(=C(C=C1)C(=O)C)C,0.0,
73,Myrtenol,,,,3,17.0,3.8,8.9,222.0,0.66661,1.01,152.2,150.69306930693068,0.4444,515-00-4,CC1(C2CC=C(C1C2)CO)C,0.0,
74,Myrtenal,,,,3,17.0,5.0,4.1,220.0,0.66661,1.006,150.2,149.3041749502982,0.7041999999999999,564-94-3,CC1(C2CC=C(C1C2)C=O)C,0.0,
75,Propiophenone,,7,H315-H319-H335,2,18.2,6.3,3.8,218.0,0.66661,0.993,134.2,135.14602215508557,0.07169460000000001,93-55-0,O=C(C1=CC=CC=C1)CC,0.0,
76,Pinocarveol,,,,3,16.9,3.3,8.3,210.0,0.66661,0.974,152.2,156.26283367556468,83.4,5947-36-4,CC1(C2CC1C(=C)C(C2)O)C,0.0,
77,γ-Valerolactone,,7,H319,2,16.9,11.5,6.3,208.0,0.66661,1.05,100.1,95.33333333333333,0.14700000000000002,108-29-2,CC(CC1)OC1=O,0.0,
78,(1-Thiapropyl)-Benzene,,7,H315-H319-H335,3,19.2,4.2,3.3,205.0,0.66661,1.05,138.2,131.6190476190476,4.1265,622-38-8,C1=CC=CC=C1SCC,0.0,
79,3-Butyl Pyridine,,7,H315-H319-H335,3,17.7,4.8,4.2,200.0,0.66661,0.9,135.2,150.2222222222222,23.985,539-32-2,CCCCC1=CN=CC=C1,0.0,
80,Laevo-Fenchone,,2,H226,,17.3,5.4,2.2,194.0,0.66661,1.0,152.2,152.2,0.105,7787-20-4,CC1([C@H]2CC[C@](C2)(C1=O)C)C,0.0,
81,n-Heptyl Acetate,,,,2,15.8,2.9,5.5,192.0,0.66661,0.867,158.24,182.51441753171858,0.051933299999999995,112-06-1,CC(OCCCCCCC)=O,0.0,
82,Propylene Carbonate,,7,H319,1,20.0,18.0,4.1,240.0,0.5332880000000001,1.2,102.09,85.075,0.033839999999999995,108-32-7,O=C1OC(C)CO1,0.0,
83,Furfuryl Propionate,,,,3,17.3,6.1,6.9,195.0,0.5332880000000001,1.074,154.2,143.57541899441338,0.20406000000000002,623-19-8,CCC(=O)OCC1=CC=CO1,0.0,
84,1-Nonanal,,7,H315-H319-H335,2,15.9,5.5,4.1,191.0,0.5332880000000001,0.82,142.2,173.41463414634146,0.328,124-19-6,CCCCCCCCC=O,0.0,
85,Butyl Lactate,,7,H315-H319-H335,1,15.8,6.5,10.2,185.0,0.5332880000000001,0.97,146.19,150.71134020618558,0.14181399999999997,138-22-7,O=C(C(O)C)OCCCC,0.0,
86,Ethyl Methyl Mercaptopropionate,,,,3,17.1,5.7,6.3,197.0,0.49329140000000005,1.02,148.2,145.2941176470588,0.17952,13327-56-5,CCOC(=O)CCSC,0.0,
87,Menthofuran,,,,2,17.2,4.6,5.6,210.0,0.399966,0.965,150.22,155.66839378238342,0.61181,494-90-6,CC1=COC2=C1CCC(C)C2,0.0,
88,Nutty Pyrazine,,7,H315-H319-H335,3,18.6,6.2,5.1,201.0,0.399966,1.056,134.2,127.08333333333331,1.46784,23747-48-0,CC1CCC2=NC=CN=C12,0.0,
89,Tropical Oxathiane,,2,H226,3,17.0,4.2,3.9,220.0,0.34663720000000003,0.975,160.3,164.41025641025644,1.2479999999999998,67715-80-4,CCCC1CCOC(S1)C,0.0,
90,2-Ethyl Hexyl Acetate,,7,H319,1,15.8,2.9,5.1,200.0,0.30664060000000004,0.87,172.27,198.01149425287358,0.04,103-09-3,O=C(OCC(CC)CCCC)C,0.0,
91,2-Acetyl-1-Methyl Pyrrole,,,,3,18.4,8.2,4.9,202.0,0.30130772,0.985,123.2,125.0761421319797,0.812625,932-16-1,CC(=O)C1=CC=CN1C,0.0,
92,γ-Hexalactone,,7,H319,2,16.7,12.7,5.7,219.0,0.26664400000000005,1.0,114.1,114.1,0.22,695-06-7,CCC1CCC(=O)O1,0.0,
93,m-Dimethoxybenzene,,7,H315-H319-H335,2,18.6,6.0,5.6,218.0,0.26664400000000005,1.045,138.2,132.2488038277512,0.08882499999999999,151-10-0,COC1=CC(OC)=CC=C1,0.0,
94,(Z)-6-Nonen-1-Al,,7,H315-H319-H335,2,16.3,5.7,4.5,214.0,0.26664400000000005,0.85,140.2,164.94117647058823,1.8105,2277-19-2,CC\C=C/CCCCC=O,0.0,
95,Nonyl Acetate,,-,-,2,16.0,3.2,4.3,212.0,0.26664400000000005,0.88,186.3,211.70454545454547,0.08975999999999999,143-13-5,CCCCCCCCCOC(=O)C,0.0,
96,Furfuryl Butyrate,,,,3,17.1,5.4,6.2,210.0,0.26664400000000005,1.047,168.2,160.6494746895893,0.543393,623-21-2,CCCC(=O)OCC1=CC=CO1,0.0,
97,Citronellal,,7,H315-H319-H335,2,16.5,4.5,3.9,206.0,0.26664400000000005,0.857,154.2,179.92998833138856,0.157,106-23-0,CC(CCC=C(C)C)CC=O,0.0,
98,Tetrahydro-2H-Pyran-2-Ylmethanol,,7,H315-H319,2,17.2,6.5,12.1,189.0,0.26664400000000005,1.0,116.2,116.2,0.58,100-72-1,OCC1OCCCC1,0.0,
99,Linalool,,7,H315-H319,1,16.7,2.8,6.4,200.0,0.2133152,0.85,154.2,181.41176470588235,0.16419999999999998,78-70-6,CC(=CCCC(C)(C=C)O)C,0.0,
100,Linalyl Formate,,,,2,16.2,2.9,4.1,202.0,0.18531758000000004,0.91,182.3,200.32967032967034,0.17745000000000002,115-99-1,CC(=CCCC(C)(C=C)OC=O)C,0.0,
101,3-Decen-2-One,,7,H319,3,16.5,4.6,3.8,214.0,0.17331860000000002,0.84,154.2,183.57142857142856,0.336,10519-33-2,CCCCCCC=CC(=O)C,0.0,
102,Diethylene Glycol Monoethyl Ether,,-,-,1,16.1,9.2,12.2,202.0,0.16798572,0.98,134.18,136.9183673469388,0.027635999999999997,111-90-0,CCOCCOCCO,0.0,
103,Linalyl Acetate,,7,H315-H319-H335,1,16.3,2.0,3.5,220.0,0.1466542,0.9,196.3,218.11111111111111,0.07011,115-95-7,O=C(C)OC(C=C)(C)CC/C=C(C)\C,0.0,
104,β-Ionone    ,,7,H315,,17.0,3.6,3.5,254.0,0.13332200000000002,0.95,192.3,202.42105263157896,0.21850000000000003,79-77-6,O=C(C)/C=C/C1=C(C)CCCC1(C)C,0.0,
105,Para-Ethyl Acetophenone,,7,H315-H319-H335,3,18.3,6.3,3.6,239.0,0.13332200000000002,0.98,148.2,151.22448979591834,0.93982,937-30-4,CCC1=CC=C(C=C1)C(=O)C,0.0,
106,Meta-Anisaldehyde,,7,H315-H319,1,19.1,8.8,6.1,233.0,0.13332200000000002,1.1,136.1,123.7272727272727,0.41800000000000004,591-31-1,COC1=CC=CC(=C1)C=O,0.0,
107,Delta-Hexalactone,,-,-,2,16.8,10.7,5.5,231.0,0.13332200000000002,1.0,114.1,114.1,0.685,823-22-3,CC1CCCC(=O)O1,0.0,
108,Bornyl Acetate,,-,-,1,16.7,2.7,3.0,230.0,0.13332200000000002,0.98,196.3,200.3061224489796,0.25872,5655-61-8,CC(=O)O[C@@H]1C[C@@H]2CC[C@]1(C2(C)C)C,0.0,
109,Furfuryl Valerate,,,,3,17.1,5.1,6.0,230.0,0.13332200000000002,1.024,182.2,177.92968749999997,0.29696,36701-01-6,CCCCC(=O)OCC1=CC=CO1,0.0,
110,Methyl Furfuryl Disulfide,,7,H315-H319-H335,3,18.3,7.4,5.5,230.0,0.13332200000000002,1.181,160.3,135.7324301439458,0.765288,57500-00-2,CSSCC1=CC=CO1,0.0,
111,Methyl Phenyl Acetate,,7,,2,17.9,4.5,6.1,218.0,0.13332200000000002,1.066,150.2,140.90056285178235,0.061081800000000006,101-41-7,COC(=O)CC1=CC=CC=C1,0.0,
112,Decanal,,7,H315,2,16.0,5.1,4.0,208.0,0.13332200000000002,0.83,156.3,188.31325301204822,1.0540999999999998,112-31-2,CCCCCCCCCC=O,0.0,
113,(E)-Citral,,7,H315-H317-H319,1,16.8,5.2,4.3,229.0,0.11998980000000001,0.9,152.2,169.1111111111111,0.1044,141-27-5,CC(=CCC/C(=C/C=O)/C)C,0.0,
114,1-Octanol,,7,H319,1,16.0,5.0,11.2,195.0,0.1066576,0.83,130.23,156.9036144578313,0.0348,111-87-5,CCCCCCCCO,0.0,
115,Ethylene Glycol Diacetate,,7,H315-H319-H335,1,16.2,4.7,9.8,186.0,0.1066576,1.1,146.14,132.85454545454544,0.062,111-55-7,CC(OCCOC(C)=O)=O,0.0,
116,γ-Heptalactone,,7,H315,2,16.6,11.5,5.0,223.0,0.0999915,0.96,128.2,133.54166666666666,0.1536,105-21-5,CCCC1CCC(=O)O1,0.0,
117,"1,3-Butanediol",,,,3,16.5,8.1,20.9,204.0,0.0799932,1.0,90.12,90.12,0.0314,107-88-0,CC(O)CCO,0.0,
118,2-Ethyl Fenchol,,,,3,17.0,3.4,5.4,224.0,0.0533288,0.96,182.3,189.89583333333334,0.38399999999999995,18368-91-7,CCC1(C(C2CCC1(C2)C)(C)C)O,0.0,
119,(Z)-Verbenol,,7,H315-H319-H335,3,17.0,3.1,8.5,215.0,0.0533288,1.0,152.2,152.2,15.72,1845-30-3,CC1=C[C@H]([C@@H]2C[C@H]1C2(C)C)O,0.0,
120,Geraniol,,7,H315-H319-H335,1,16.8,4.0,8.3,230.0,0.0399966,0.89,154.2,173.25842696629212,0.24208,106-24-1,C/C(C)=C\CC/C(C)=C/CO,0.0,
121,"Cis-3,7-Dimethyl-2,6-Octadien-1-ol",,7,H315-H317-H319,2,16.8,4.0,8.3,230.0,0.0399966,0.89,154.2,173.25842696629212,0.10056999999999999,106-25-2,C\C(CC\C=C(C)\C)=C/CO,0.0,
122,Octalactone,,-,-,1,16.5,12.3,5.1,235.0,0.03199728,1.0,142.2,142.2,0.106,104-50-7,CCCCC1CCC(=O)O1,0.0,
123,Diethylene Glycol Monobutyl Ether,,7,H319,1,16.0,7.0,10.6,230.0,0.0266644,0.95,162.23,170.76842105263157,0.024,112-34-5,CCCCOCCOCCO,0.0,
124,Farnesene,,-,-,3,16.7,0.8,2.0,260.0,0.01599864,0.84,204.3,243.21428571428575,0.23940000000000003,502-61-4,CC(=CCC/C(=C/C\C=C(/C)\C=C)/C)C,0.0,
125,Nerolidol,,7,H315-H319-H335,1,16.9,1.9,5.0,266.0,0.0133322,0.9,222.4,247.11111111111111,0.0945,7212-44-4,CC(=CCCC(=CCCC(C)(C=C)O)C)C,0.0,
126,Neryl Acetate,,-,-,,16.7,3.0,4.5,247.0,0.0133322,0.9,196.3,218.11111111111111,0.1458,141-12-8,CC(=CCC/C(=C/COC(=O)C)/C)C,0.0,
127,γ-Nonalactone,,-,-,1,16.5,10.3,4.8,243.0,0.0133322,0.96,156.2,162.70833333333331,0.073632,104-61-0,CCCCCC1CCC(=O)O1,0.0,
128,4-Phenyl-2-Butanol,,,,3,17.8,4.4,9.6,239.0,0.0133322,0.97,150.2,154.84536082474227,2.99924,2344-70-9,CC(CCC1=CC=CC=C1)O,0.0,
129,Linalyl Propionate,,7,H315-H319-H335,,16.3,1.9,3.2,226.0,0.0133322,0.9,210.3,233.66666666666669,0.0999,144-39-8,CCC(=O)OC(C)(CCC=C(C)C)C=C,0.0,
130,α-Terpinyl Acetate,,7,H315-H319,2,16.6,2.9,3.6,220.0,0.0133322,0.94,196.3,208.82978723404258,0.11750000000000001,8007-35-0,CC1=CCC(CC1)C(C)(C)OC(=O)C,0.0,
131,Terpineol,,7,H315-H319,2,17.1,3.6,7.6,218.0,0.005332880000000001,0.93,154.2,165.8064516129032,0.073284,10482-56-1,CC1=CCC(CC1)C(C)(C)O,0.0,
132,Glycerol Triacetate,,-,-,1,16.5,4.5,9.1,259.0,0.0026664400000000004,1.15,218.21,189.74782608695654,0.04070999999999999,102-76-1,CC(OCC(OC(C)=O)COC(C)=O)=O,0.0,
133,Propylene Glycol Monophenyl Ether,,7,H319,1,17.4,5.3,11.5,242.0,0.0026664400000000004,1.06,152.19,143.5754716981132,0.044626000000000006,770-35-4,CC(COC1=CC=CC=C1)O,0.0,
134,Triethylene Glycol,,7,H335,1,16.0,12.5,18.6,285.0,0.0013332200000000002,1.12,150.17,134.0803571428571,0.034,112-27-6,OCCOCCOCCO,0.0,
135,Caryophyllene,,7,H315-H319-H335,3,16.8,0.7,2.2,276.0,0.0026664400000000004,0.8,204.3,255.375,21.4,87-44-5,CC1=CCCC(=C)[C@H]2CC([C@@H]2CC1)(C)C,0.0,
136,Caprolactone (Epsilon),,7,H319,1,18.0,15.0,7.4,235.0,1.3,1.08,114.14,105.68518518518518,0.084456,502-44-3,O=C1OCCCCC1,0.0,
137,Dimethyl Sulfoxide (DMSO),,-,-,1,18.4,16.4,10.2,189.0,2.5,1.1,78.14,71.03636363636363,0.04576000000000001,67-68-5,O=S(C)C,0.0,
138,Anisole,,2,H226,2,17.8,4.4,6.9,154.0,3.4,0.99,108.14,109.23232323232324,0.050094,100-66-3,COC1=CC=CC=C1,0.0,
139,Water,,-,-,-,15.5,16.0,42.3,100.0,23.0,1.0,18.02,18.02,0.0005,7732-18-5,[H]O[H],0.0,
140,2-Propanol,,2          7,H225-H319-H336,1,15.8,6.1,16.4,82.4,43.0,0.786,60.1,76.46310432569975,0.023600000000000003,67-63-0,OC(C)C,0.0,
141,"1,3-Dioxolane",,2             7,H225-H319,1,18.1,6.6,9.3,81.0,57.3,0.99,74.08,74.82828282828282,0.0964,646-06-0,C1OCCO1,0.0,
142,Ethanol,,2,H225,1,15.8,8.8,19.4,78.3,59.0,0.79,46.07,58.31645569620253,0.139,64-17-5,CCO,0.0,
143,Ethyl Acetate,,2             7,H225-H319-H336,1,15.8,5.3,7.2,77.0,97.0,0.9,88.11,97.89999999999999,0.038790000000000005,141-78-6,CC(OCC)=O,0.0,
144,Acetone,,2             7,H225-H319-H336,1,15.5,10.4,7.0,56.2,233.0,0.79,58.08,73.51898734177215,0.034839,67-64-1,CC(C)=O,0.0,
145,Cyclobutanone,,2,H226,3,18.3,11.4,5.2,96.0,58.5,0.938,70.09,74.72281449893391,25.776239999999998,1191-95-3,O=C1CCC1,0.0,
146,Cyclobutanol,,2,H226,,17.5,7.0,14.6,124.0,8.13,0.944,72.1,76.37711864406779,52.18431999999999,2919-23-5,OC1CCC1,0.0,
147,"Propanedioic Acid, Dimethyl Ester",,7,H315-H319-H335,1,16.81,7.27,9.51,181.0,0.15,1.156,132.1,114.27335640138409,0.077452,108-59-8,O=C(OC)CC(OC)=O,0.0,
148,2-Acetyl Pyridine,,2      7,H226-H315-H319-H335,1,19.17,10.12,6.26,188.0,0.2,1.08,121.1,112.12962962962962,0.27864,1122-62-9,CC(=O)C1=CC=CC=N1,0.0,stinky
149,Cyclopentanone,,2      7,H226-H315-H319,1,17.9,11.9,5.2,131.0,11.4,0.95,84.12,88.54736842105264,0.076,120-92-3,O=C1CCCC1,0.0,peppermint
150,Ethylcyclopentane,,2,H226,3,16.07,0.1,0.1,103.0,50.66236,0.78,98.2,125.8974358974359,37.28399999999999,1640-89-7,CCC1CCCC1,0.0,
151,"1,1-Dimethylcyclohexane",,2,H226,3,15.99,0.1,0.1,120.0,24.264604000000002,0.8,112.2,140.25,43.6,590-66-9,CC1(C)CCCCC1,0.0,
152,2-Formyl Pyrrole,,7,H315-H319-H335,3,19.81,14.07,11.44,219.0,0.13332200000000002,1.13,95.1,84.15929203539824,3.3560999999999996,1003-29-8,C1=CNC(=C1)C=O,0.0,melt at 45 °C
153,"2,4-Dimethylpyrrole",,7,H315-H319-H335,3,18.23,6.52,7.56,167.0,2.533118,0.924,95.1,102.92207792207792,19.9584,625-82-1,CC1=CNC(C)=C1,0.0,
154,3-Methylcyclopentanone,,2,H226,1,17.62,8.61,4.68,145.0,7.7326760000000005,0.913,98.1,107.44797371303395,13.91412,1757-42-2,O=C1CC(C)CC1,0.0,
155,3-Methyl-2-Cyclopenten-1-One,,2      7,H226-H315-H319-H335,3,18.27,8.11,6.05,186.0,0.3,0.98,96.1,98.06122448979592,4.2532,2758-18-1,CC1=CC(=O)CC1,0.0,
156,Thymyl Methyl Ether,,2      7,H226-H315-H319-H335,3,17.47,3.65,3.73,216.0,0.13332200000000002,0.94,164.2,174.68085106382978,0.8497600000000001,1076-56-8,CC1=CC(=C(C=C1)C(C)C)OC,0.0,
157,4-Ethyl Anisole,,2,H226,3,18.0,4.75,4.81,195.0,0.799932,0.95,136.2,143.36842105263156,2.489,1515-95-3,CCC1=CC=C(C=C1)OC,0.0,
158,Furfural Diethyl Acetal,,7,H315-H319-H335,3,16.47,5.7,4.93,191.0,0.933254,0.996,170.2,170.88353413654616,10.956,13529-27-6,CCOC(C1=CC=CO1)OCC,0.0,
159,Cyclohexyl Formate,,2,H226,,17.0,5.15,6.04,163.0,2.3731316000000002,0.99,128.2,129.49494949494948,3.2174999999999994,4351-54-6,O=COC1CCCCC1,0.0,
160,Tetrahydrothiapyran,,2,H226,,18.5,6.3,8.9,142.0,9.599184000000001,0.98,102.2,104.28571428571429,12.465599999999998,1613-51-0,C1CCSCC1,0.0,stinky
161,Tetramethylene Sulfoxide,,7,H315-H319-H335,3,18.2,11.0,9.1,237.0,0.0399966,1.17,104.17,89.03418803418803,2.8781999999999996,1600-44-8,C1CCS(=O)C1,0.0,propably stinky
162,Diethyl Sulfide,,2      7,"H226-H315-H319
",3,16.8,3.1,2.0,92.0,79.9932,0.83,90.19,108.66265060240964,1.21,352-93-2,CCSCC,0.0,stinky
163,Diethyl Sulfite,,2      7,H226-H315-H319-H335,3,16.82,7.99,4.27,160.0,4.932914,1.07,138.2,129.15887850467288,2.8462,623-81-4,CCOS(OCC)=O,0.0,
164,4-Methylpyrimidine,,2,H226,3,18.5,9.42,6.57,142.0,7.1060626000000005,1.01,94.11,93.17821782178218,7.4942,3438-46-8,CC1=NC=NC=C1,0.0,
165,5-Methyl Thiazole,,2      7,H226-H315-H319-H335,3,18.56,6.86,7.55,142.0,6.0128222000000004,1.12,99.15,88.52678571428571,27.731199999999998,3581-89-3,CC1=CN=CS1,0.0,
166,Pineapple Pentenoate,,2,H226,3,15.92,3.71,4.92,155.0,4.266304000000001,0.873,142.2,162.88659793814432,1.08252,53399-81-8,CCOC(=O)C(C)CC=C,0.0,
167,Methyl Levulinate,,2      7,H226-H315-H319-H335,3,16.81,8.36,7.45,195.0,0.5332880000000001,1.051,130.1,123.78686964795433,0.573,624-45-3,CC(=O)CCC(=O)OC,0.0,
168,Isovaleraldehyde Propylene Glycol Acetal,,2,H226,3,15.87,4.09,3.79,153.0,4.66627,0.895,144.2,161.11731843575419,0.777755,18433-93-7,CC1COC(O1)CC(C)C,0.0,
169,1-Hepten-3-ol,,2      7,H226-H315-H319-H335,3,16.13,4.42,10.01,156.0,1.599864,0.836,114.2,136.60287081339715,2.09,4938-52-7,CCCCC(C=C)O,0.0,
170,Methyl 2-(Methyl Thio) Acetate,,2,H226,3,17.59,6.88,7.65,157.4,3.733016,1.11,120.2,108.28828828828829,3.3,16630-66-3,COC(=O)CSC,0.0,stinky
171,4-Methyl 4-Mercaptopentan-2-One 1% In Pg,,2      7,H226-H315-H319-H335,3,16.63,7.16,5.34,174.0,1.0665760000000002,0.961,132.2,137.56503642039542,13.18492,19872-52-7,CC(=O)CC(C)(C)S,0.0,
172,3-Decanone,,2      7,H226-H315-H319-H335,3,16.01,4.84,3.18,205.0,0.26664400000000005,0.825,156.3,189.45454545454547,1.8017999999999998,928-80-3,CCCCCCCC(=O)CC,0.0,
173,Hexenyl Isobutyrate,,7,H315,2,16.19,3.44,4.17,217.0,0.26664400000000005,0.878,170.2,193.8496583143508,0.14048,41519-23-7,CC\C=C/CCOC(=O)C(C)C,0.0,
174,1-Penten-3-ol,,2,H226,3,16.01,5.62,11.76,115.0,14.932064,0.838,86.1,102.74463007159905,0.5447,616-25-1,CCC(C=C)O,0.0,
175,(Z)-4-Hepten-1-ol,,2,H226,3,16.53,5.47,10.19,176.0,0.5332880000000001,0.85,114.2,134.3529411764706,16.728,6191-71-5,CC\C=C/CCCO,0.0,
176,Ethyl Tiglate.,,2,H226,2,16.34,4.42,5.69,156.0,5.732846,0.923,128.2,138.8949079089924,0.298129,5837-78-5,C(/C)=C(/C)C(OCC)=O,0.0,
177,Leaf Acetal,,2,H226,2,15.96,4.12,3.74,183.0,0.66661,0.85,172.3,202.7058823529412,3.3234999999999997,28069-74-1,CC\C=C\CCOC(C)OCC,0.0,
178,5-Methyl-2-Hepten-4-One,,2,H226,3,16.34,4.64,3.33,170.0,1.599864,0.845,126.2,149.3491124260355,1.859,81925-81-7,CCC(C)C(=O)C=CC,0.0,
179,Isopropyl 2-Methyl Butyrate,,2      7,H226-H315-H319-H335,3,15.48,3.16,3.99,150.0,6.799422,0.851,144.2,169.44770857814336,0.091057,66576-71-4,CCC(C)C(=O)OC(C)C,0.0,
180,"2-Ethyl-4,5-Dimethyl Oxazole",,2,H226,3,16.49,5.83,4.19,140.0,9.33254,1.0,125.2,125.2,15.3,53833-30-0,CCC1=NC(=C(O1)C)C,0.0,
181,"2-Methyl-1,3-Dioxolane",,2      7,H226-H319,2,17.3,4.8,5.8,83.0,116.790072,0.982,88.11,89.72505091649694,1.850088,497-26-7,CC1OCCO1,0.0,
182,Vanilla Carboxylate,,2,H226,2,16.95,3.92,5.38,183.0,1.0665760000000002,0.995,142.2,142.9145728643216,4.44765,4630-82-4,COC(=O)C1CCCCC1,0.0,
183,Di-Isobutyl Ketone,,2      7,H226-H315-H319-H335,1,16.0,3.7,4.1,173.0,1.9998300000000002,0.989,142.24,143.82204246713854,1.6812999999999998,108-83-8,CC(C)CC(CC(C)C)=O,0.0,
184,"3-Acetyl-2,5-Dimethyl Thiophene",,7,H315-H319-H335,3,18.39,6.44,5.66,224.0,0.13332200000000002,1.086,154.23,142.01657458563534,4.82184,2530-10-1,CC1=CC(=C(S1)C)C(=O)C,0.0,
185,Acetoin Acetate,,2      7,H226-H315-H319-H335,3,16.7,7.73,7.08,155.0,2.7997620000000003,1.025,130.1,126.92682926829269,0.9358249999999999,4906-24-5,CC(C(=O)C)OC(=O)C,0.0,
186,Isoamyl Isobutyrate,,2,H226,3,15.49,3.21,3.94,162.0,2.533118,0.857,158.2,184.59743290548423,0.09769800000000001,2050-01-3,CC(C)CCOC(=O)C(C)C,0.0,
187,Hexyl Isovalerate,,7,H315-H319-H335,2,15.81,3.0,3.93,215.0,0.26664400000000005,0.857,186.3,217.38623103850642,0.106268,10032-13-0,O=C(OCCCCCC)CC(C)C,0.0,
188,Grape Butyrate,,2,H226,3,16.64,7.08,12.04,171.0,0.5332880000000001,1.013,132.2,130.5034550839092,0.6007089999999999,5405-41-4,CCOC(=O)CC(C)O,0.0,
189,Isodihydrolavandulal,,2      7,H226-H315-H319-H335,2,15.93,4.69,2.68,189.0,0.26664400000000005,0.845,154.2,182.4852071005917,0.342225,35158-25-9,CC(C)CC=C(C=O)C(C)C,0.0,
190,Isobutyl Isopentanoate,,2,H226,2,15.44,3.1,3.85,170.0,1.866508,0.851,158.2,185.89894242068155,0.432308,589-59-3,CC(C)CC(OCC(C)C)=O,0.0,
191,Methyl Heptadienone,,7,H315-H319-H335,3,17.07,5.34,4.39,221.0,0.26664400000000005,0.89,124.2,139.5505617977528,3.54932,1604-28-0,CC(=C\C=C\C(=O)C)C,0.0,
192,(Z)-3-Hexen-1-Yl Formate,,2      7,H226-H315-H319-H335,2,16.38,5.56,6.17,155.0,3.4663720000000002,0.898,128.2,142.76169265033406,0.29095200000000004,33467-73-1,CC\C=C/CCOC=O,0.0,
193,Furfuryl Thiopropionate,,7,H315-H319-H335,3,18.44,5.86,5.25,221.0,0.13332200000000002,1.11,170.2,153.33333333333331,0.8325000000000001,59020-85-8,CCC(=O)SCC1=CC=CO1,0.0,
194,Ethyl 3-Hexenoate,,2,H226,3,16.3,4.27,5.39,200.0,0.26664400000000005,0.89,142.2,159.7752808988764,0.3382,2396-83-0,CCC=CCC(=O)OCC,0.0,
195,Acetoin Butyrate,,2      7,H226-H315-H319-H335,3,16.46,7.05,5.72,216.0,0.26664400000000005,0.982,158.2,161.0997963340122,0.48216200000000004,84642-61-5,CCCC(=O)OC(C)C(=O)C,0.0,
196,3-(5-Methyl-2-Furyl) Butanal,,2,H226,3,16.96,6.81,4.99,230.0,0.13332200000000002,1.006,152.2,151.29224652087473,2.67596,31704-80-0,CCC(C=O)C1=CC=C(O1)C,0.0,
197,"1,2-Cyclohexanedione",,7,H315-H319-H335,3,18.6,10.3,8.0,195.0,0.66661,1.12,112.13,100.11607142857142,6.4959999999999996,765-87-7,C1CCC(=O)C(=O)C1,0.0,melts at 35 °C
198,3-Hexanone,,2      7,H226-H315-H319-H335,3,15.74,6.68,4.08,121.0,16.131962,0.817,100.2,122.64381884944922,1.153604,589-38-8,CCC(CCC)=O,0.0,
199,W321818 Trans-2-Pentenal,,2      7,H226-H315-H319-H335,3,16.51,8.06,6.15,125.0,15.332030000000001,0.86,84.1,97.7906976744186,4.6784,1576-87-0,O=C/C=C/CC,0.0,
200,o-Xylene,,2      7        8,H226-H312+H332-H315,2,17.8,1.0,3.1,144.0,7.0,0.88,106.17,120.64772727272728,0.0535,95-47-6,CC1=C(C)C=CC=C1,1.0,
201,Benzaldehyde,,7      8,H227-H302+H332-H319-H335,1            2,19.4,7.4,5.3,179.0,1.33,1.05,106.12,101.06666666666666,0.0335,100-52-7,O=C(C1=CC=CC=C1)[H],1.0,
202,"1,2-Dimethoxybenzene",,7      8,H302,1,19.2,4.4,9.4,206.0,0.6266134,1.084,138.17,127.4630996309963,0.10081200000000001,91-16-7,COC1=C(OC)C=CC=C1,1.0,
203,Sulfolane (Tetramethylene Sulfone),,7      8,H302,1,17.8,17.4,8.7,285.0,0.008265964,1.26,120.17,95.37301587301587,0.104454,126-33-0,O=[S]1(CCCC1)=O,1.0,
204,Ethylene Glycol,,7      8,H302-H373,1,17.0,11.0,26.0,196.0,0.065,1.113,62.07,55.76819407008087,0.0451878,107-21-1,OCCO,1.0,
205,Phenyl Acetate,,7     8,H302,2,19.8,5.2,6.4,196.0,0.5332880000000001,1.073,136.15,126.88723205964587,0.082621,122-79-2,CC(OC1=CC=CC=C1)=O,1.0,
206,Toluene,,2     7      8,H225-H304-H315-H336-H361d-H373,2,18.0,1.4,2.0,110.6,37.863448,0.87,92.14,105.9080459770115,0.018600000000000002,108-88-3,CC1=CC=CC=C1,1.0,
207,d-Limonene,,2     7      8     9,H226-H304-H315-H317-H410,3,17.2,1.8,4.3,177.0,2.6397756,0.8411,136.24,161.97836166924267,0.068,5989-27-5,CC1=CCC(CC1)C(=C)C,1.0,
208,β-Pinene,,2     7,H226-H315-H319-H335,3,16.2,1.0,1.8,165.0,3.9063346000000005,0.872,136.2,156.1926605504587,0.0487,127-91-3,C=C(CC2)C1C(C)(C)C2C1,0.0,
209,Tetrahydrofurfurylamine,,2     7,H226-H315-H319,3,17.3,6.4,8.2,154.0,4.266304000000001,0.98,101.15,103.21428571428572,0.131516,4795-29-3,C1CC(OC1)CN,0.0,
210,4-Methoxy Acetophenone,,7     8,H302,2,18.9,11.2,7.0,254.0,0.008585936800000001,1.082,150.18,138.7985212569316,0.09197000000000001,100-06-1,CC(C1=CC=C(OC)C=C1)=O,1.0,solid
211,Tetrahydronaphthalene,,7     8     9,EUH019-H227-H315-H319-H351-H411,2,19.6,2.0,2.9,207.6,0.49062496,0.97,132.21,136.29896907216497,0.036472,119-64-2,C12=CC=CC=C1CCCC2,1.0,
212,Tetrahydrofuran (THF),,2     7     8,H225-H302-H319-H335-H351,1,16.8,5.7,8.0,65.0,215.98164,0.889,72.11,81.11361079865017,0.045,109-99-9,C1CCOC1,1.0,
213,Carbon Disulfide (0 Dipole Moment),,2     7     8,H225-H315-H319-H332-H361fd-H372,2,20.2,0.0,0.6,46.0,478.62598,1.26,76.14,60.42857142857143,0.104,75-15-0,S=C=S,1.0,
214,Thiophene,,2     5     6     7,H225-H302-H315-H318-H319-H331-H335-H412,3,18.9,2.4,7.8,84.0,106.25763400000001,1.065,84.14,79.00469483568075,0.109908,110-02-1,C1=CC=CS1,1.0,
215,Tetramethylene Sulfide,,2     7,H225-H302-H312-H315-H319-H332-H412,2,18.6,6.7,6.0,121.0,24.531247999999998,0.9987,88.17,88.28477020126164,0.09827208,110-01-0,C1CCSC1,0.0,
216,p-Bromoanisole,,2      7      9,H304-H403,2,19.3,7.1,6.3,215.0,0.26664400000000005,1.494,187.0,125.1673360107095,0.20527560000000003,104-92-7,COC1=CC=C(Br)C=C1,3.0,
217,"1,8-Diiodooctane",,2,H315-H319,3,18.3,4.1,3.2,363.0,1e-05,1.84,366.02,198.92391304347825,6.8448,24772-63-2,C(CCCCI)CCCI,2.0,
218,Methylene Diiodide (Diiodomethane),,6,H301 + H311-H315-H319-H332-H335,1,22.0,3.9,5.5,181.0,1.599864,3.32,267.84,80.67469879518072,0.359,75-11-6,[H]C(I)I[H],3.0,
219,Chloroiodomethane    ,,7,H302+H312+H332-H315-H319-H335,,19.8,7.7,4.4,109.0,47.595954000000006,2.422,176.4,72.83236994219654,1.118964,593-71-5,ClCI,2.0,
220,"1,8-Octane Dithiol",,7,H302-H315-H319-H335,3,17.4,5.9,5.6,269.5,0.001,0.96,178.4,185.83333333333334,8.1024,1191-62-4,C(CCCCS)CCCS,0.0,
221,Dibenzyl Ether,,7      9,H317-H410,2,19.6,3.4,5.2,298.0,0.0013732166000000002,1.043,198.26,190.0862895493768,0.034419,103-50-4,C1(COCC2=CC=CC=C2)=CC=CC=C1,1.0,
222,Diphenyl Ether,,7      9,H319-H410-H411,2,19.4,3.4,4.0,259.0,0.029997450000000002,1.073,170.21,158.6300093196645,0.038628,101-84-8,C1(OC2=CC=CC=C2)=CC=CC=C1,1.0,
223,1-Chloronaphthalene,,7      9,H302-H315-H319-H335-H411,2,20.5,4.9,2.5,259.0,0.038663380000000004,1.1938,162.62,136.2204724409449,0.085,90-13-1,ClC1=C(C=CC=C2)C2=CC=C1,3.0,
224,1-Phenylnaphthalene,,7,,3,19.9,2.7,3.8,334.0,1e-05,1.085,204.3,188.29493087557606,6.726999999999999,605-02-7,C1(C2=CC=CC=C2)=C(C=CC=C3)C3=CC=C1,0.0,
225,Nitrobenzene,,6      8,H227-H301+H311+H331-H351-H360F-H372-H412,3,20.0,10.6,3.1,211.0,0.3266389,1.2,123.11,102.59166666666667,0.048,98-95-3,O=[N+]([O-])C1=CC=CC=C1,1.0,
226,Benzyl Benzoate,,7     9,H302-H400-H410-H411,2,20.0,5.1,5.2,323.5,0.00029864128,1.1121,212.25,190.85513892635552,0.04292706000000001,120-51-4,O=C(OCC2=CC=CC=C2)C1=CC=CC=C1,1.0,
227,Butyl Benzoate,,7,H302-H315-H319-H335,2,18.3,5.6,5.5,250.0,0.0133322,1.01,178.23,176.46534653465346,0.074134,136-60-7,O=C(C1=CC=CC=C1)OCCCC,0.0,
228,Methyl Phenyl Sulfide,,7     9,H227-H302-H315-H317-H319-H411,2,19.6,4.8,4.7,193.0,0.6399456,1.05,124.21,118.29523809523809,0.2184,100-68-5,CSC1=CC=CC=C1,1.0,
229,Cyclohexanol,,7      9,H227-H302+H332-H315-H335-H412,1,17.4,4.1,13.5,161.0,0.8759255400000001,0.96,100.16,104.33333333333333,0.0312,108-93-0,OC1CCCCC1,1.0,
230,N-Methyl-2-Pyrrolidone (NMP),,7      8,H227-H315-H319-H335-H360D,2,18.0,12.3,7.2,202.0,0.4599609,1.03,99.13,96.24271844660194,0.035019999999999996,872-50-4,CN1C(CCC1)=O,1.0,
231,"3,5-Dimethylanisole",,6,H301-H311-H331,3,18.1,4.5,4.9,193.0,0.799932,0.963,136.19,141.42263759086188,1.9491119999999997,874-63-5,CC1=CC(=CC(=C1)OC)C,1.0,
232,Cyclopentyl Methyl Ether (Cpme),,2      7,H225-H302-H315-H319-H412,3,16.7,4.3,4.3,106.0,46.129412,0.86,100.16,116.46511627906976,0.0819,5614-37-9,COC1CCCC1,0.0,
233,"2-Methoxy-1,3-dioxolane",,2,H226,3,17.8,8.4,7.7,130.0,16.531928,1.092,104.1,95.32967032967032,1.9284720000000002,19693-75-5,COC1OCCO1,0.0,
234,2-Isopropylanisole,,,,3,17.5,3.7,3.6,200.0,0.399966,0.936,150.22,160.49145299145297,2.2464000000000004,2944-47-0,CC(C)C1=CC=CC=C1OC,0.0,
235,Benzyl Alcohol,,7,H302 + H332-H319,3,18.4,6.3,13.7,205.0,0.12532268000000002,1.045,108.14,103.48325358851676,0.030409499999999996,100-51-6,OCC1=CC=CC=C1,0.0,
236,Menthol,,5     7,H315-H318-H335,2,16.5,3.5,6.9,212.0,0.0102257974,0.89,156.3,175.6179775280899,0.18334,89-78-1,CC(C(CCC(C)C1)C1O)C,1.0,solid
237,Acetonitrile,,2     7,H225-H302+H312+H332-H319,2,15.3,18.0,6.1,81.6,118.389936,0.787,41.05,52.16010165184243,0.0648,75-05-8,CC#N,0.0,
238,1-Butanol,,2     5     7,H226-H302-H315-H318-H335-H336,1,16.0,5.7,15.8,117.7,9.33254,0.81,74.12,91.50617283950618,0.019100000000000002,71-36-3,CCCCO,1.0,
239,2-Butanol,,2     7,H226-H319-H335-H336,1,15.8,5.7,14.5,98.0,24.397926000000002,0.808,74.12,91.73267326732673,0.0354,78-92-2,CC(O)CC,0.0,
240,t-Butyl Alcohol,,2     7,H225-H319-H332-H335-H336,1,15.2,5.1,14.7,82.4,54.262054000000006,0.78,74.12,95.02564102564102,0.0223,75-65-0,O[C@](C)(C)C,0.0,
241,t-Butyl Acetate,,2     7,EUH066-H225-H332-H335-H336,1,15.0,3.7,6.0,98.0,62.66134,0.866,116.16,134.1339491916859,0.103054,540-88-5,CC(C)(C)OC(C)=O,0.0,
242,Diacetone Alcohol,,2     7,H226-H319-H335,1,15.8,8.2,10.8,166.0,1.08,0.931,116.16,124.7690655209452,0.0312,123-42-2,CC(CC(C)(O)C)=O,0.0,
243,"N,N-Dimethyl Acetamide",,7     8,H227-H312+H332-H360D,2,16.8,11.5,9.4,165.0,2.66644,0.937,87.12,92.97758804695837,0.0322,127-19-5,CC(N(C)C)=O,1.0,
244,Dimethyl Formamide (DMF),,2     7     8,H226-H312+H332-H319-H360D,2,17.4,13.7,11.3,153.0,5.1595614,0.95,73.09,76.93684210526317,0.068,68-12-2,[H]C(N(C)C)=O,1.0,
245,"1,4-Dioxane",,2     7     8,EUH019-EUH066-H225-H319-H335-H351,2,17.5,1.8,9.0,102.0,50.795682000000006,1.03,88.11,85.54368932038835,0.107,123-91-1,C1COCCO1,1.0,
246,Dipropylene Glycol,,,,1,16.7,8.2,15.5,235.0,0.01,1.02,134.18,131.54901960784315,0.0361,2396-61-4,OCCCOCCCO,0.0,
247,Cyclohexanone,,2     5     7  ,H226-H302+H312+H332-H315-H318,1,17.8,8.4,5.1,156.0,6.6661,0.945,98.14,103.85185185185186,0.047200000000000006,108-94-1,O=C1CCCCC1,1.0,
248,Ethyl Lactate,,2     5     7  ,H226-H318-H335,1,16.0,7.6,12.5,154.0,4.999575,1.031,118.13,114.57807953443259,0.04268339999999999,97-64-3,CCOC(=O)C(C)O,1.0,
249,Ethylene Carbonate,,7     8,H302-H319-H373,1,18.0,21.7,5.1,244.0,0.0133322,1.321,88.06,66.66161998485995,0.06340799999999999,96-49-1,O=C1OCCO1,1.0,solid
250,γ-Butyrolactone (GBL),,5     6     7,H302-H318-H336,1,18.0,16.6,7.4,204.0,0.5999490000000001,1.13,86.09,76.18584070796462,0.02486,96-48-0,O=C1CCCO1,1.0,
251,Isopropyl Acetate,,2     7,EUH066-H225-H319-H336,1,14.9,4.5,8.2,89.0,80.4864914,0.874,102.13,116.85354691075514,0.0335,108-21-4,CC(OC(C)C)=O,0.0,
252,Isophorone,,7      8,H227-H302+H312-H319-H335-H351,1,17.0,8.0,5.0,215.0,0.5866168,0.92,138.21,150.22826086956522,0.0416,78-59-1,CC(CC(C)=CC1=O)(C1)C,1.0,
253,Methyl Ethyl Ketone (MEK),,2     7,EUH066-H225-H319-H336,1,16.0,9.0,5.1,80.0,120.789732,0.805,72.11,89.5776397515528,0.0289,78-93-3,CC(CC)=O,0.0,
254,Methylene Dichloride (Dichloromethane),,7      8,H315-H319-H336-H351,,17.0,7.3,7.1,40.0,579.9507,1.33,84.93,63.85714285714286,0.023,75-09-2,[H]C(Cl)(Cl)[H],3.0,
255,Methyl Isobutyl Ketone (MIBK),,2     7,EUH066-H225-H319-H332-H335,1,15.3,6.1,4.1,116.0,26.531078,0.8,100.16,125.19999999999999,0.0444,108-10-1,CC(CC(C)C)=O,0.0,
256,1-Nitropropane,,2     6       7,H226-H302+H312+H332-H331,1,16.6,12.3,5.5,132.0,13.465522,0.99,89.09,89.98989898989899,0.093258,108-03-2,O=[N+]([O-])CCC,1.0,
257,2-Phenoxy Ethanol,,7,H302-H319,1,17.8,5.7,14.3,245.0,0.00933254,1.11,138.17,124.47747747747745,0.04773000000000001,122-99-6,OCCOC1=CC=CC=C1,0.0,
258,Propylene Glycol Monomethyl Ether Acetate,,2,H226,2,15.6,5.6,9.8,146.0,5.2262224,0.969,132.16,136.38802889576883,0.0404,108-65-6,CC(COC)OC(=O)C,0.0,
259,Tetrahydrofurfuryl Alcohol,,7      8,H227-H319-H360Df,2,17.8,8.2,12.9,178.0,1.0665760000000002,1.05,102.13,97.26666666666665,0.040600000000000004,97-99-4,OCC1CCCO1,1.0,
260,Indene,,2     8,H226-H304,1,18.7,2.6,9.0,182.0,1.4665420000000002,0.996,116.16,116.62650602409639,3.9043200000000002,95-13-6,C1(CC=C2)=C2C=CC=C1,1.0,
261,Indane,,2     8,H226-H304,3,19.0,3.0,2.9,176.0,1.9598334000000002,0.965,118.2,122.48704663212436,0.3,496-11-7,C1(C=CC=C2)=C2CCC1,1.0,
262,Methyl Benzoate,,7,H227-H302,1,18.9,8.2,4.7,199.0,0.5066236000000001,1.088,136.15,125.13786764705883,0.0449344,93-58-3,O=C(OC)C1=CC=CC=C1,0.0,
263,Ethyl Benzoate,,,H227,1,17.9,6.2,6.0,212.0,0.35996940000000005,1.049,150.18,143.16491897044807,0.055596999999999994,93-89-0,O=C(OCC)C1=CC=CC=C1,0.0,
264,1-Methyl Naphthalene,,7     8     9,H227-H302-H411,2,19.7,0.8,4.7,245.0,0.08932574000000001,1.0202,142.2,139.3844344246226,0.1030402,90-12-0,CC1=C(C=CC=C2)C2=CC=C1,1.0,
265,"1,4-Dimethylnaphthalene",,,,3,19.0,1.0,4.0,268.0,0.0266644,1.016,156.2,153.74015748031493,12.110719999999999,571-58-4,CC1=C(C=CC=C2)C2=C(C)C=C1,0.0,
266,Cyclohexyl Benzene,,7     8     9,H302-H315-H319-H410,2,18.7,0.0,1.0,240.1,0.0533288,0.95,160.26,168.69473684210527,0.342,827-52-1,C1(C2=CC=CC=C2)CCCCC1,1.0,
267,"1,5-Dimethyltetralin",,7,H315-H319-H335,3,18.1,2.8,2.8,249.0,0.09065896000000001,0.946,160.25,169.39746300211416,0.5539999999999999,21564-91-0,CC1CCCC2=C(C=CC=C12)C,0.0,
268,Acetophenone,,7,H227-H302-H319,1,18.8,9.0,4.0,202.0,0.52928834,1.028,120.15,116.87743190661479,0.0346,98-86-2,CC(C1=CC=CC=C1)=O,0.0,
269,Methyl Cyclohexane,,2     7     8     9,H225-H304-H315-H336-H410-H411,2,16.0,0.0,1.0,101.0,61.328120000000006,0.77,98.19,127.51948051948051,0.0436,108-87-2,CC1CCCCC1,1.0,
270,Glycerol,,,,1,17.4,11.3,27.2,290.0,0.00022398096,1.26,92.09,73.0873015873016,0.0396,56-81-5,OC(CO)CO,0.0,
271,Chloroform,,6     7      8,H302-H315-H319-H331-H336-H351-H361d-H372,3,17.8,3.1,5.7,61.0,262.64434,1.492,119.38,80.01340482573727,0.0523,67-66-3,ClC(Cl)(Cl)[H],3.0,
272,Chlorobenzene,,6     7      9,H226-H315-H332-H411,2,19.0,4.3,2.0,132.0,15.998640000000002,1.106,112.56,101.77215189873417,0.035,108-90-7,ClC1=CC=CC=C1,3.0,
273,o-Dichlorobenzene,,7      9,H227-H302+H332-H315-H317-H319-H335-H410,2,19.2,6.3,3.3,180.0,1.8131792000000002,1.306,147.0,112.5574272588055,0.039,95-50-1,ClC1=C(Cl)C=CC=C1,3.0,
274,"1,2,4-Trichlorobenzene",,7     9,H302-H315-H410,3,20.2,4.2,3.2,213.0,0.6132812000000001,1.459,181.45,124.36600411240575,0.0650714,120-82-1,C1=CC(=C(C=C1Cl)Cl)Cl,3.0,
275,2-Chlorothiophene,,2     6      7,H226-H315-H319-H335 H225-H301+H311+H331 ,3,19.2,6.2,8.0,128.0,31.677307200000005,1.286,118.59,92.21617418351478,0.5272600000000001,96-43-5,ClC1=CC=CS1,3.0,
276,o-Chlorotoluene,,2     7     8     9,H226-H332-H361d-H410,2,19.0,4.9,2.3,159.0,4.5729446000000005,1.0826,126.59,116.93146129687788,0.04969134,95-49-8,CC(C=CC=C1)=C1Cl,3.0,
277,m-Chlorotoluene,,2     7     9,H226-H332-H411,2,18.6,3.2,2.5,162.0,4.906249600000001,1.072,126.6,118.09701492537312,0.13721600000000003,108-41-8,CC1=CC(Cl)=CC=C1,3.0,
278,Bromoform,,6     7     9,H302-H315-H319-H331-H411,3,20.0,5.0,7.0,149.5,7.199388000000001,2.89,252.73,87.44982698961937,2.1039200000000005,75-25-2,[H]C(Br)(Br)Br,3.0,
279,Bromobenzene,,2     7     9,H226-H315-H411,2,19.2,5.5,4.1,156.0,5.5728596,1.5,157.01,104.67333333333333,0.0819,108-86-1,BrC1=CC=CC=C1,3.0,
280,Benzene,,2     7     9,H225-H304-H315-H319-H340-H350-H372-H412,3,18.4,0.0,2.0,80.0,126.389256,0.88,78.11,88.76136363636364,0.082,71-43-2,C1=CC=CC=C1,1.0,
281,1-Bromonaphthalene,,7,H302-H319,3,20.6,3.1,4.1,280.0,0.0013332200000000002,1.48,207.07,139.91216216216216,0.19684000000000001,90-11-9,BrC2=CC=CC1=CC=CC=C12,2.0,
282,Tetrahydrofurfuryl Propionate,,7     8,H227-H319-H360Df,2,16.7,5.8,6.2,178.0,1.9998300000000002,1.054,158.2,150.09487666034153,0.040600000000000004,637-65-0,CCC(=O)OCC1CCCO1,1.0,
283,Diphenyl Sulfide,,7     9,H302-H315-H319-H413,3,20.3,3.5,3.5,296.0,0.0133322,1.113,186.3,167.38544474393532,0.8659139999999999,139-66-2,C1(SC2=CC=CC=C2)=CC=CC=C1,1.0,
284,Phenyl Acetaldehyde,,5      7,H227-H302-H317-H315-H319-H335,1,18.5,7.2,5.6,195.0,0.5199558000000001,1.035,120.1,116.03864734299518,0.143865,122-78-1,C1=CC=C(C=C1)CC=O,1.0,solid
285,2-Bromo Propene,,2       7,H225-H315-H319-H335,3,16.1,6.0,4.9,48.4,446.62870000000004,1.362,120.98,88.82525697503671,5.1211199999999995,557-93-7,BrC(C)=C,2.0,
286,N-Methylpyrrole,,2       7,"H225: Flüssigkeit und Dampf leicht entzündbar.                 H315: Verursacht Hautreizungen.
H319: Verursacht schwere Augenreizung.
H335: Kann die Atemwege reizen.",3,17.8,5.6,5.6,113.0,19.9983,0.914,81.1,88.73085339168489,0.1706,96-54-8,CN1C=CC=C1,0.0,
287,1-Phenylpyrrole,,7,H315-H319-H335,3,19.4,4.4,4.6,234.0,0.02933084,1.031,143.18,138.87487875848691,3.389928,635-90-5,C1=CC=C(C=C1)N2C=CC=C2,0.0,melt at 60 °C
288,2-Methyl-2-Cyclopenten-1-one,,2,H226,3,18.3,8.1,6.1,160.0,7.559357400000001,0.979,96.13,98.1920326864147,36.223000000000006,1120-73-6,CC1=CCCC1=O,0.0,
289,2-Ethylpyrrole,,7,H315-H319-H335,3,18.2,6.8,7.8,165.0,0.9865828000000001,0.929,95.14,102.41119483315393,100.33200000000001,1551-06-0,CCC1=CC=CN1,0.0,
290,1-(Dimethylamino)pyrrole,,2       7,H226-H315-H319,3,17.4,5.0,5.2,140.0,3.6930194000000003,0.912,110.16,120.78947368421052,9.24768,78307-76-3,CN(C)N1C=CC=C1,0.0,
291,3-Methyl-2-thiophenecarboxaldehyde,,2       7,H227-H315-H319-H335,3,18.9,12.5,8.1,215.0,0.4266304,1.17,126.18,107.84615384615385,0.9804599999999999,5834-16-2,CC1=C(SC=C1)C=O,0.0,
292,2-Cyclopenten-1-One,,2,H226-H302-H315-H319-H335,3,18.4,9.8,6.2,150.0,5.33288,0.98,82.1,83.77551020408163,6.1544,930-30-3,O=C1C=CCC1,0.0,
293,1-Methylcyclopentene,,2     8,H225-H304,3,16.9,2.7,4.0,74.0,106.6576,0.779,82.1,105.39152759948651,4.50262,693-89-0,CC1=CCCC1,1.0,
294,Cyclopentene,,2     7     8,H225-H304-H315,3,16.7,3.8,1.7,45.0,507.223549,0.773,68.12,88.124191461837,0.276,142-29-0,C1=CCCC1,1.0,
295,1-Acetyl-1-cyclohexene,,,,3,17.5,5.1,4.9,202.0,1.1998980000000001,0.966,124.18,128.55072463768116,4.6368,932-66-1,CC(=O)C1=CCCCC1,0.0,
296,"1,2-Propyleneglycol sulfite",,7,H319,3,18.9,9.2,5.2,178.0,2.2398096,1.293,122.15,94.47022428460944,11.23617,1469-73-4,CC1COS(=O)O1,0.0,
297,1-Methylpyrazole,,2       7,H226-H315-H319-H335,3,18.0,8.9,6.7,127.0,6.6661,0.988,82.1,83.09716599190283,10.9668,930-36-9,CN1C=CC=N1,0.0,
298,5-tert-Butyl-m-xylene,,2,H227,3,16.8,1.6,1.9,209.0,0.5332880000000001,0.867,162.27,187.16262975778548,0.13438499999999998,98-19-1,CC1=CC(=CC(=C1)C(C)(C)C)C,0.0,
299,3-Methoxythiophene,,2,H226,3,18.7,6.1,8.5,156.0,6.1328119999999995,1.143,114.17,99.88626421697288,16.3449,17573-92-1,COC1=CSC=C1,0.0,
300,Farnesol,,7       9,H315-H317-H319-H411,2,17.0,3.3,5.6,294.0,5.2528868000000004e-05,0.886,222.4,251.01580135440182,0.25694,4602-84-0,CC(=CCCC(=CCCC(=CCO)C)C)C,1.0,
301,Styralyl Acetate,,,,1,17.6,3.6,5.2,288.0,0.0133322,1.028,164.2,159.72762645914395,0.064764,93-92-5,CC(C1=CC=CC=C1)OC(=O)C,0.0,
302,Dimethyl Phthalate,,,,1,18.6,10.8,4.9,282.0,0.0041063176,1.19,194.19,163.18487394957984,0.04403,131-11-3,O=C(OC)C1=CC=CC=C1C(OC)=O,0.0,
303,3-Tetrahydrothiophenone,,7,H227-H315-H319-H335,2,19.9,13.7,7.3,175.0,1.599864,1.194,102.2,85.59463986599665,3.53424,1003-04-9,C1CSCC1=O,0.0,
304,Decane,,7     8,EUH066-H226-H304,1,15.7,0.0,0.0,174.0,1.9065046,0.73,142.28,194.9041095890411,0.1732,124-18-5,CCCCCCCCCC,1.0,
305,Methyl n-Propyl Ketone,,2       7,H225-H302-H319,1,16.0,7.6,4.7,102.0,47.195988,0.809,86.13,106.4647713226205,0.07200100000000001,107-87-9,CC(CCC)=O,0.0,
306,Methyl Butyl Ketone,,2     7     8,H226-H336-H361f-H372,1,15.3,6.1,4.1,127.0,15.465352000000001,0.812,100.16,123.34975369458127,0.5196800000000001,591-78-6,CC(CCCC)=O,1.0,
307,3-Methyl-2-Pentanone,,2,H225,3,15.7,5.4,3.7,118.0,15.4786842,0.815,100.2,122.94478527607363,3.9771999999999994,565-61-7,CC(CC)C(C)=O,0.0,
308,Methyl n-Amyl Ketone,,2       7,H226-H302+H332-H336,1,16.2,5.7,4.1,151.0,5.132897000000001,0.81,114.19,140.9753086419753,0.07452,110-43-0,CC(CCCCC)=O,0.0,
309,2-Octanone,,2       7,H226-H312,1,16.1,5.2,3.8,173.0,1.7998470000000002,0.82,128.2,156.34146341463415,0.049118,111-13-7,CC(CCCCCC)=O,0.0,
310,2-Nonanone,,7,H227-H315-H319-H412,1,16.1,5.1,3.5,195.3,0.8265964,0.832,142.2,170.91346153846152,0.15808,821-55-6,CC(CCCCCCC)=O,0.0,
311,2-Decanone,,9,H227-H411,2,16.1,4.4,3.1,210.0,0.35996940000000005,0.825,156.3,189.45454545454547,0.414975,693-54-9,CC(CCCCCCCC)=O,1.0,
312,Diethyl Ether,,2       7,EUH019-EUH066-H224-H302-H336,1,14.5,2.9,4.6,36.0,717.27236,0.71,74.12,104.3943661971831,0.05651599999999999,60-29-7,CCOCC,0.0,
313,Dihexyl Ether,,,H227-H413,2,16.0,3.0,2.8,223.0,0.06666100000000001,0.793,186.34,234.98108448928122,1.497184,112-58-3,CCCCCCOCCCCCC,0.0,
314,Di-n-Butyl Ether,,2       7,H226-H315-H319-H335-H412,2,15.2,3.4,3.2,141.0,8.0126522,0.764,130.23,170.45811518324606,0.0352,142-96-1,CCCCOCCCC,0.0,
315,Di-n-Pentyl Ether,,2,"H226,H411",3,15.6,3.1,3.0,190.0,1.1465692,0.8,158.28,197.85,0.796,693-65-2,CCCCCOCCCCC,0.0,
316,Phenetole (Ethyl Phenyl Ether),,2,H226,2,18.4,4.5,4.0,170.0,2.0398266,0.967,122.17,126.33919338159257,0.1056,103-73-1,CCOC1=CC=CC=C1,0.0,
317,Dichloromethyl Methyl Ether,,2     5     7,H225-H302 + H332-H314,3,17.1,12.9,6.5,85.0,105.32438,1.271,114.96,90.44846577498033,1.6904299999999999,4885-02-3,COC(Cl)Cl,3.0,
318,Methyl Cinnamate,,7,H317-H315; H319; H335,1,18.2,4.0,5.7,261.0,0.0133322,1.042,162.2,155.66218809980805,0.1252484,103-26-4,O=C(OC)/C=C/C1=CC=CC=C1,0.0,solid
319,Pyridine,,2     7,H225-H302 + H312 + H332-H315-H319,2,19.0,8.8,5.9,115.0,27.730976000000002,0.98,79.1,80.71428571428571,0.073,110-86-1,C1=CN=CC=C1,0.0,
320,Anisidine (2-Methoxyaniline),,6     8,H301-H311-H331-H341-H350,3,19.5,5.4,11.4,224.0,0.1066576,1.1,123.15,111.95454545454545,0.06017000000000001,90-04-0,COC(C=CC=C1)=C1N,0.0,
321,N-Methylaniline,,6     8     9,H301-H311-H331-H373-H410,3,19.5,6.0,7.8,196.0,0.60394866,0.989,107.16,108.35187057633973,0.0555818,100-61-8,CNC1=CC=CC=C1,0.0,
322,m-Chloroanisole,,2,H227-H315-H319-H335,3,18.9,5.3,4.5,193.0,0.66661,1.164,142.6,122.5085910652921,0.7635839999999999,2845-89-8,COC1=CC(Cl)=CC=C1,2.0,
323,4-Chloroanisole,,7,H227-H302+H312+H332-H315-H319-H335,3,19.6,7.8,6.7,198.0,0.66661,1.17,142.58,121.86324786324788,0.4563,623-12-1,COC1=CC=C(Cl)C=C1,2.0,
324,2-Chlorophenol,,7     9,H227-H302+H312+H332-H411,2,19.0,5.5,13.9,175.0,3.3730466,1.26,128.56,102.03174603174604,0.11579400000000001,95-57-8,OC1=CC=CC=C1Cl,3.0,
325,"1,4-Dichlorobutane",,2     7,H226-H315-H319-H335-H412,1,18.3,7.7,2.8,161.0,5.5061986,1.14,127.01,111.4122807017544,0.090972,110-56-5,C(CCCl)CCl,2.0,
326,Hexachloroacetone,,6     7      9,H302-H317-H331-H411,2,18.3,3.0,3.0,203.0,0.5012907200000001,1.74,264.7,152.1264367816092,0.133806,116-16-5,O=C(C(Cl)(Cl)Cl)C(Cl)(Cl)Cl,3.0,
327,"1,3-Dithiolane",,,,3,20.4,9.3,6.7,183.0,2.1331520000000004,1.235,106.21,85.99999999999999,14.004900000000001,4829-04-3,C1CSCS1,0.0,
328,Cyclopentanethiol,,2     7,H226-H302-H315-H319-H335,3,17.5,3.9,4.7,132.0,15.198708000000002,0.957,102.2,106.79205851619645,1.47378,1679-07-8,SC(CC1)CC1,0.0,
329,Thiazole,,2     5      7,H226-H302-H315-H318-H335,3,20.5,18.8,10.8,118.0,22.864722999999998,1.2,85.13,70.94166666666666,2.6639999999999997,288-47-1,C1=CN=CS1,1.0,
330,Oxazole,,2     5,H225-H318-H314,3,18.0,10.3,7.9,69.5,175.98504,1.05,69.1,65.8095238095238,3.7170000000000005,288-42-6,C1=COC=N1,1.0,
331,Isoxazole,,2      7,H225,3,18.8,13.4,11.2,95.0,60.608181200000004,1.078,69.06,64.06307977736549,3.9541040000000005,288-14-2,C1=CON=C1,0.0,
332,Benzoxazole,,2      7,H228-H302-H315-H319-H335,3,20.6,11.5,8.8,182.5,0.799932,1.175,119.12,101.37872340425533,1.316,273-53-0,C1=CC=C2C(=C1)N=CO2,0.0,solid
333,2-Methyl Benzothiazole,,7,H302,3,19.8,5.6,5.6,238.0,0.0399966,1.173,149.2,127.19522591645352,0.87975,120-75-2,CC1=NC2=CC=CC=C2S1,0.0,
334,Thiazolidine,,2     5,H226-H314,3,19.4,9.4,9.1,165.0,4.266304000000001,1.131,89.16,78.83289124668434,17.05548,504-78-9,C1CSCN1,1.0,
335,Thiomorpholine,,5,H227-H314,3,18.8,8.2,8.3,175.0,1.866508,1.086,103.19,95.0184162062615,5.82096,123-90-0,C1CSCCN1,1.0,
336,Nutty Cyclohexenone,,7,H227-H302,3,18.1,7.2,5.1,201.0,0.5332880000000001,0.971,110.2,113.49124613800207,4.89384,1193-18-6,CC1=CC(=O)CCC1,0.0,
337,2-Phenylpropionaldehyde,,7     8,H227-H315-H317-H319-H361f,3,18.0,5.9,4.7,203.0,0.35996940000000005,1.002,134.2,133.9321357285429,0.268536,93-53-8,C1=CC=CC=C1C(C=O)C,1.0,
338,Mesitylene,,2     7     8      9,H226-H304-H315-H319-H335-H411,2,18.0,0.6,0.6,165.0,3.3063856,0.86,120.19,139.75581395348837,0.0818,108-67-8,CC1=CC(C)=CC(C)=C1,1.0,
339,Phenoxyacetone,,7,,3,18.4,7.4,6.0,229.0,0.30664060000000004,1.097,150.17,136.8915223336372,5.484999999999999,621-87-4,CC(=O)COC1=CC=CC=C1,0.0,
340,Benzyl Methyl Ketone,,,,3,18.2,5.7,4.6,214.0,0.2133152,1.016,134.2,132.08661417322833,0.1741424,103-79-7,c(ccc1CC(=O)C)cc1,0.0,
341,Tetrahydrofurfuryl Chloride,,2     7,H226-H315-H319-H335,3,17.4,7.1,5.1,150.0,3.9996600000000004,1.11,120.58,108.63063063063062,1.04784,3003-84-7,C1CC(OC1)CCl,2.0,
342,2-(Chloromethyl)tetrahydro-2H-pyran,,2     7,H226-H315-H319-H335,3,17.3,5.6,4.6,181.0,1.9998300000000002,1.075,134.6,125.20930232558139,8.4925,18420-41-2,C1CCOC(C1)CCl,2.0,
343,Nopol,,7,H302-H315-H319-H335,3,16.9,3.6,8.5,230.0,0.01599864,0.974,166.3,170.73921971252568,0.48700000000000004,128-50-7,CC1(C2CC=C(C1C2)CCO)C,0.0,
344,Mango Furanone,,2     7,H227-H302,,17.9,8.8,6.3,260.0,0.0013332200000000002,1.06,112.1,105.75471698113206,0.34291000000000005,14400-67-0,CC1C(=O)C=C(O1)C,0.0,
345,Coffee Furanone,,2     7,H226-H302-H315-H319-H335,2,17.8,10.6,6.4,139.0,10.66576,1.034,100.1,96.80851063829786,2.2458479999999996,3188-00-9,CC1C(=O)CCO1,0.0,
346,5-Methyl Furfural,,7,H227,,18.0,12.5,7.2,187.0,1.0265794000000001,1.106,110.1,99.54792043399637,0.6658120000000001,620-02-0,CC1=CC=C(O1)C=O,0.0,Air Sensitive. Store under Argon
347,(S)-( )-Perillyl Alcohol.,,7,H315-H319-H335,3,17.3,4.3,9.2,241.0,0.0266644,0.96,152.2,158.54166666666666,2.2847999999999997,18457-55-1,OC/C1=C/CC(\C(=C)C)CC1,0.0,
348,2-Chlorobenzotrichloride,,7     8,H302-H315-H319-H351,2,19.4,2.6,2.1,262.0,0.0199983,1.508,229.9,152.45358090185675,0.838448,2136-89-2,C1=CC=C(C(=C1)C(Cl)(Cl)Cl)Cl,3.0,solid
349,3-Methyl-1-Butanethiol,,2      7,H225-H315-H319-H335,3,16.0,4.1,4.4,118.0,27.0910304,0.835,104.2,124.79041916167665,0.39912999999999993,541-31-1,CC(C)CCS,0.0,
350,2-Chloro-p-xylene ,,7,H302-H315-H319,3,18.5,3.7,3.3,187.0,1.7598504000000001,1.049,140.61,134.04194470924693,0.644,95-72-7,CC1=CC(=C(C=C1)C)Cl,2.0,
351,Isopropyl Chloride (2-Chloro Propane),,2     5     7,H224-H290-H302 + H312 + H332,1,15.0,8.0,2.0,35.0,686.6083,0.859,78.54,91.43189755529687,0.051,75-29-6,CC(Cl)C,3.0,
352,2-Bromopropane,,2      8,EUH066-H225-H360F-H373,1,15.5,8.3,4.7,60.0,287.97552,1.31,122.99,93.8854961832061,0.094,75-26-3,CC(Br)C,3.0,
353,2-Iodopropane,,2     7,H226-H315-H319-H335,3,17.1,3.5,3.0,90.0,57.32846,1.703,170.0,99.82384028185554,0.4257500000000001,75-30-9,CC(I)C,2.0,
354,"2,2-Dichloropropane",,2     7,H225-H319,3,16.1,4.6,3.4,69.0,175.98504,1.082,113.0,104.4362292051756,10.88492,594-20-7,CC(Cl)(Cl)C,2.0,
355,"1,3-Dichloro Propane",,2     7,H226-H315-H319-H335,2,18.0,8.2,3.0,120.0,24.264604000000002,1.19,112.99,94.94957983193277,3.6057,142-28-9,ClCCCCl,2.0,
356,"1,2-Dichloropropane",,2     7     8,H225-H302+H332-H350,3,17.3,7.1,2.9,96.0,71.060626,1.16,112.99,97.40517241379311,0.0659,78-87-5,CC(Cl)CCl,3.0,
357,"1,7-Octadiene",,2     8     9,H225-H304-H412,3,15.6,2.0,2.9,115.5,29.99745,0.746,110.2,147.72117962466487,0.27,3710-30-3,C=CCCCCC=C,1.0,
358,"3-Methyl-1,4-Pentadiene",,2     7,H225 - H315,3,15.2,2.1,3.1,55.0,353.0,0.672,82.1,122.17261904761904,12.0,1115-08-8,C=CC(C)C=C,0.0,
359,"1,5-Hexadiene",,2     7     8,H225-H304-H315-H319-H335,3,15.4,2.6,3.5,59.4,30.464077000000003,0.692,82.14,118.69942196531792,0.67,592-42-7,C=CCCC=C,1.0,
360,"1,6-Heptadiene",,2     7     8,H225-H304-H315-H319-H335,3,15.5,2.7,3.3,90.0,79.726556,0.714,96.17,134.6918767507003,4.28,3070-53-9,C=CCCCC=C,1.0,
361,Vinylcyclohexane,,2      8,H225,3,16.4,1.5,2.6,128.0,18.398436,0.805,110.2,136.89440993788818,5.152,695-12-5,C=CC1CCCCC1,1.0,
362,Allylcyclopentane,,2     7,H225-H302+H332,2,16.4,1.4,2.6,127.0,19.331690000000002,0.792,110.2,139.14141414141415,5.51232,3524-75-2,C=CCC1CCCC1,0.0,
363,Vinylcyclopentane,,2,H225,2,16.3,1.4,2.6,97.0,61.861408000000004,0.704,96.17,136.60511363636365,28.3008,3742-34-5,C=CC1CCCC1,0.0,
364,Allylbenzene,,2      8,H226-H304,3,17.6,2.3,3.5,157.0,4.7995920000000005,0.892,118.2,132.51121076233184,1.2934,300-57-2,C=CCC1=CC=CC=C1,1.0,
365,4-Allyltoluene,,2     7     8,H226 - H302,3,17.8,2.8,3.6,190.0,1.4665420000000002,0.865,132.2,152.83236994219652,10.206999999999999,3333-13-9,CC1=CC=C(C=C1)CC=C,1.0,
366,Styrene,,2     7     8,H226 - H315 - H319 - H332 - H361d - H372,2,18.6,1.0,4.1,146.0,8.532608000000002,0.906,104.15,114.95584988962473,0.040600000000000004,100-42-5,C=CC1=CC=CC=C1,1.0,
367,m-Methylstyrene,,2     7     8,H226-H304-H315-H319-H332-H335,3,17.9,2.2,2.6,171.0,2.266474,0.89,118.2,132.80898876404495,7.244600000000001,100-80-1,C=CC1=CC(C)=CC=C1,1.0,
368,o-Chlorostyrene,,2     7     8,H226-H332-H350,3,18.7,4.7,3.9,189.0,1.2798912,1.091,138.6,127.03941338221814,6.589639999999999,2039-87-4,C=CC1=CC=CC=C1Cl,3.0,
369,m-Chlorostyrene,,7,H302-H332,3,18.5,3.1,2.7,189.0,1.3065556,1.09,138.6,127.15596330275228,7.5645999999999995,2039-85-2,C=CC1=CC(Cl)=CC=C1,2.0,
370,p-Tolualdehyde,,7,H302-H315-H319,1,18.9,8.2,5.9,205.0,0.333305,1.019,120.1,117.86064769381747,0.16833879999999998,104-87-0,O=CC1=CC=C(C)C=C1,0.0,
371,o-Ethyltoluene,,2     7     8     9,H226-H302-H319-H361-H411,3,17.7,2.4,2.6,165.0,3.4797042,0.887,120.2,135.51296505073282,3.7253999999999996,611-14-3,CCC(C=CC=C1)=C1C,1.0,
372,m-Ethyltoluene,,2     7     8,H226-H304-H315-H319-H335,3,17.6,2.1,2.1,159.0,4.0529888000000005,0.865,120.2,138.95953757225433,4.2212,620-14-4,CCC1=CC(C)=CC=C1,1.0,
373,2′-Chloroacetophenone,,7,H227-H302-H315-H319-H335,3,19.3,7.4,4.0,230.0,0.5332880000000001,1.188,154.59,130.12626262626264,0.752004,2142-68-9,CC(=O)C1=CC=CC=C1Cl,2.0,
374,o-Methylacetophenone,,7,H227-H312-H332,3,18.7,6.5,3.9,214.0,0.26664400000000005,1.026,134.2,130.79922027290448,1.8673199999999996,577-16-2,CC(C1=CC=CC=C1C)=O,0.0,
375,1-Butyl-4-ethynylbenzene,,7,H315-H319-H335,3,17.6,3.0,3.0,221.0,0.0799932,0.906,158.24,174.6578366445916,4.67496,79887-09-5,CCCCC1=CC=C(C=C1)C#C,0.0,
376,1-Hexene,,2     7     8,EUH066-H225-H304,2,14.7,1.1,3.0,63.0,243.97926,0.6731,84.16,125.03342742534541,0.1278,592-41-6,C=CCCCC,1.0,
377,Benzyl Methacrylate,,7,H315-H319-H335,1,16.8,4.1,4.1,233.0,0.0533288,1.04,176.22,169.44230769230768,0.11440000000000002,2495-37-6,CC(=C)C(=O)OCC1=CC=CC=C1,0.0,
378,Cyclohexane,,2     7     8     9,H225-H304-H315-H336-H410,2,16.8,0.0,0.2,81.0,129.189018,0.78,84.16,107.89743589743588,0.0298,110-82-7,C1CCCCC1,1.0,
379,Cyclopentane,,2     7     8     9,H225-H304-H336-H412,1,16.4,0.0,1.8,49.3,423.69731600000006,0.74,70.13,94.77027027027026,0.122,287-92-3,C1CCCC1,1.0,
380,Chlorocyclopentane,,2     7,H225-H315,2,17.2,6.2,3.3,114.0,31.997280000000003,1.005,104.6,104.07960199004975,0.21506999999999996,930-28-9,ClC1CCCC1,2.0,
381,1-Chloro-1-cyclopentene,,2     7,H225 - H315 - H319 - H335,3,17.5,3.5,3.7,115.0,30.264094,1.035,102.56,99.09178743961354,24.632999999999996,930-29-0,C1CC=C(C1)Cl,2.0,
382,N-Thionylaniline,,7      8,H315-H319-H334-H335,3,20.5,14.8,7.4,200.0,0.66661,1.236,139.18,112.60517799352752,4.128239999999999,1122-83-4,C1=CC=C(C=C1)N=S=O,1.0,
383,Cis-3-Hexenyl Acetate,,2,H226,2,16.4,4.3,5.5,169.0,1.599864,0.899,142.2,158.17575083426027,0.16631500000000002,3681-71-8,CC\C=C/CCOC(=O)C,0.0,
384,Methyl Thiobutyrate,,2     7,H226-H315-H319-H335,3,17.3,4.8,4.3,143.0,187.98402000000002,0.966,118.2,122.36024844720498,3.1684799999999997,2432-51-1,CCCC(=O)SC,0.0,
385,2-Methyl-1-pyrroline,,2     7,H225-H315-H319-H335,3,16.6,7.9,3.7,105.0,74.66032,0.878,83.13,94.68109339407744,4.08,872-32-2,CC1=NCCC1,0.0,
386,2-Ethylfuran,,2     6,H225-H301-H330,3,17.0,4.7,4.9,93.0,71.99388,0.912,96.1,105.37280701754385,3.1464,3208-16-0,CCC1=CC=CO1,1.0,
387,2-Methylfuran,,2     6     7     9,H225-H301+H311+H331,1,17.3,2.8,7.4,65.0,185.31758000000002,0.91,82.1,90.2197802197802,0.258,534-22-5,CC1=CC=CO1,1.0,
388,2-tert-Butylfuran,,2,H225,3,16.0,3.0,3.2,120.0,7.466032,0.871,124.18,142.57175660160735,59.227999999999994,7040-43-9,CC(C)(C)C1=CC=CO1,0.0,
389,"2,3-Dimethylfuran",,2     7,H225-H302+H312+H332-H315-H317-H319-H335,3,17.1,4.5,4.7,101.0,55.061986,0.91,96.1,105.60439560439559,18.564000000000004,14920-89-9,O(C=C1)C(C)=C1C,0.0,
390,"2,5-Dimethylfuran",,2     7,H225-H302,3,17.1,4.5,4.7,93.0,70.66066000000001,0.903,96.1,106.42303433001106,0.8596560000000001,625-86-5,CC1=CC=C(C)O1,0.0,
391,"2,5-Dimethyltetrahydrofuran",,2,H226,3,16.0,3.8,4.2,92.0,82.65964000000001,0.833,100.2,120.28811524609844,6.28082,1003-38-9,CC1OC(C)CC1,0.0,
392,2-Methoxyfuran,,2,H225,2,17.8,7.4,7.5,110.0,37.063516,1.065,98.1,92.11267605633803,28.968,25414-22-6,COC1=CC=CO1,0.0,
393,2-Pentyl Furan,,2     7,H226-H302,3,16.7,3.6,4.1,167.0,2.66644,0.88,138.21,157.0568181818182,1.8515199999999998,3777-69-3,CCCCCC1=CC=CO1,0.0,
394,"2,3-Dihydro-5-methylfuran",,2,H225,3,17.1,4.9,6.8,82.0,61.328120000000006,0.922,84.12,91.23644251626898,17.37048,1487-15-6,CC1=CCCO1,0.0,
395,2-Acetyl-5-Methyl Furan,,7,H227-H302,3,17.9,8.3,5.4,220.0,0.399966,1.066,124.14,116.45403377110694,2.132,1193-79-9,CC1=CC=C(O1)C(=O)C,0.0,
396,Bread Thiophene,,7,H227-H302,3,18.9,12.5,8.1,234.0,0.13332200000000002,1.17,126.18,107.84615384615385,2.5505999999999998,13679-70-4,CC1=CC=C(S1)C=O,0.0,
397,Thenaldehyde,,7,H227-H302-H315-H317-H319,3,19.5,14.4,9.4,198.0,0.5332880000000001,1.22,112.15,91.92622950819673,0.34404,98-03-3,C1=CSC(=C1)C=O,0.0,
398,Eugenol,,7       8,H302-H304-H315-H317-H319,1,19.0,7.5,13.0,253.0,0.0221,1.068,164.2,153.7453183520599,0.20719200000000002,97-53-0,COC1=C(C=CC(=C1)CC=C)O,1.0,
399,2-Methylthiophene,,2     7,H225-H315-H319-H332-H335,3,18.4,3.5,6.0,113.0,33.1838458,1.014,98.2,96.84418145956607,0.786864,554-14-3,CC1=CC=CS1,0.0,
400,2-Ethylthiophene,,2     7,H225-H315-H319-H335,3,18.0,3.2,5.5,134.0,13.3322,0.99,112.2,113.33333333333334,1.9502999999999997,872-55-9,CCC1=CC=CS1,0.0,
401,"2,5-Dimethylthiophene",,2,H226,3,18.0,3.0,5.3,136.5,13.1455492,0.984,112.19,114.01422764227642,1.7633279999999998,638-02-8,CC1=CC=C(C)S1,0.0,
402,β-Tetralone,,7,H315-H319-H335,3,19.7,6.9,4.2,240.0,0.0399966,1.106,146.19,132.17902350813742,7.34384,530-93-8,C1CC2=CC=CC=C2CC1=O,0.0,
403,4-Methylthioaniline,,7,H302-H315-H319-H335,3,20.8,7.0,9.2,273.0,0.000933254,1.12,139.2,124.28571428571426,8.915199999999999,104-96-1,Nc1ccc(SC)cc1,0.0,
404,Bicyclohexyl,,7      9,H227-H315-H319-H400-H410 ,3,17.0,0.0,0.0,227.0,0.1466542,0.864,166.3,192.47685185185188,1.3132799999999998,92-51-3,C2(CCCCC2)C1CCCCC1,1.0,
405,Dimethyl Trisulfide,,2     7,H226-H302-H315-H319-H335,3,19.3,7.8,5.6,170.0,1.4665420000000002,1.203,126.3,104.98753117206982,0.6556350000000001,3658-80-8,CSSSC,0.0,
406,Propionaldehyde,,2     5     7,H225-H302+H332-H315-H318-H335,1,15.3,11.1,6.9,49.0,422.63074,0.81,58.08,71.7037037037037,0.0242,123-38-6,CCC=O,1.0,
407,Tetramethylene Sulfide,,2     7     9,H225-H302+H312+H332-H315-H319-H412,2,18.6,6.7,6.0,121.0,24.531247999999998,0.9987,88.17,88.28477020126164,0.12563645999999998,110-01-0,C1CCSC1,1.0,
408,Tetramethylene Sulfoxide,,7,H315-H319-H335,3,18.2,11.0,9.1,236.0,0.04666270000000001,1.173,104.17,88.80647911338448,2.88558,1600-44-8,C1CCS(=O)C1,0.0,
409,N-tert-Butylmaleimide,,7,H315-H319-H335,3,17.8,6.9,4.0,189.0,0.13332200000000002,1.059,153.18,144.6458923512748,67.776,4144-22-3,CC(C)(C)N1C(=O)C=CC1=O,0.0,
410,Mesityl Oxide,,2       6,H226-H302 + H312-H315-H319-H331-H335,1,16.4,7.2,5.0,130.0,10.945736200000002,0.856,98.14,114.64953271028038,0.21,141-79-7,C/C(C)=C/C(C)=O,1.0,
411,Phenyl Acetylene,,2     7     8,H226-H304-H315-H319,3,18.8,2.8,4.0,143.0,2.7464332000000002,0.93,102.14,109.82795698924731,0.6026400000000001,536-74-3,C#CC1=CC=CC=C1,1.0,
412,p-Tolylacetylene,,2     7     8,H226-H302+H312+H332-H315-H319-H335,3,18.3,3.9,3.8,170.0,3.4663720000000002,0.916,116.16,126.81222707423579,7.987519999999999,766-97-2,CC1=CC=C(C=C1)C#C,1.0,
413,Trichloroethylene,,2     8     9,H315-H317-H319-H336-H341-H350-H412,3,18.0,3.1,5.3,87.0,91.99218,1.46,131.39,89.99315068493149,0.153,79-01-6,[H]/C(Cl)=C(Cl)\Cl,3.0,
414,"N,N-Diethylhydroxylamine",,2     7     9,H226-H312+H332-H335-H411,1,16.1,1.7,14.1,130.0,4.4796192,0.867,89.14,102.81430219146482,0.1385,3710-84-7,CCN(O)CC,1.0,
415,Benzonitrile,,7,H227-H302+H312,2,18.8,12.0,3.3,191.0,1.02391296,1.007,103.12,102.40317775571005,0.346,100-47-0,N#CC1=CC=CC=C1,0.0,
416,Ethylene Glycol Monomethyl Ether,,2     7     8,H226-H302 + H312 + H332-H360FD-H370-H373,2,16.0,8.2,15.0,126.0,12.66559,0.965,76.1,78.860103626943,0.031239999999999997,109-86-4,COCCO,1.0,
417,α-Terpinene,,2     7     8     9,H226-H302-H304-H317-H319-H335-H411,2,16.7,1.6,3.7,175.0,2.1331520000000004,0.837,136.2,162.72401433691755,0.348,99-86-5,CC1=CC=C(C(C)C)CC1,1.0,
418,1-Butanethiol,,2     7,H225-H302+H332-H315-H319-H335,3,16.3,5.3,4.5,98.0,60.66151,0.842,90.19,107.11401425178147,0.0886,109-79-5,CCCCS,0.0,
419,Quinoline,,6     7      8     9,H301-H312-H315-H319-H341-H350-H411,2,20.5,5.6,5.7,237.0,0.0799932,1.09,129.16,118.49541284403668,0.17876,91-22-5,C1(C=CC=N2)=C2C=CC=C1,1.0,
420,2-Thiopheneethylamine,,5     7,H302-H312-H314-H315-H319-H332-H335,3,18.9,5.1,9.8,201.0,0.399966,1.087,127.21,117.02851885924562,17.044159999999998,30433-91-1,C1=CSC(=C1)CCN,1.0,
421,"N,N'-Dimethylaniline",,6     8     9,H227-H301+H311+H331-H351-H411,3,18.2,3.0,5.6,193.0,0.933254,0.956,121.2,126.77824267782428,0.03664,121-69-7,CN(C)C1=CC=CC=C1,1.0,
422,3-Hydroxy Tetrahydrofuran,,7,H319,3,18.9,9.4,16.3,181.0,0.399966,1.09,88.11,80.83486238532109,1.6916799999999999,453-20-3,OC1COCC1,0.0,
423,Phthalan,,2,H227,3,19.4,4.9,4.8,192.0,0.933254,1.094,120.1,109.78062157221206,3.4132800000000003,496-14-0,C1OCc2ccccc12,0.0,
424,"1,3-Benzodioxole",,2     7,H226-H302+H332,3,19.0,6.7,5.9,173.0,2.266474,1.064,122.12,114.77443609022556,0.513912,274-09-9,C1OC2=CC=CC=C2O1,0.0,
425,Methyl Methacrylate,,2     7,H225-H315-H317-H335,1,15.8,6.5,5.4,101.0,51.328970000000005,0.939,100.12,106.62406815761449,0.023,80-62-6,C=C(C)C(OC)=O,0.0,polymerization
426,o-Chlorobenzaldehyde,,5,H227-H314,1,19.5,8.9,5.5,212.0,0.30664060000000004,1.249,140.56,112.53803042433947,0.14338520000000002,89-98-5,O=CC(C=CC=C1)=C1Cl,3.0,
427,1-Bromo-3-Chlorobenzene,,7,H227-H315-H319-H335,3,19.6,5.3,3.4,196.0,0.799932,1.63,191.45,117.45398773006136,0.51834,108-37-2 ,BrC1=CC(Cl)=CC=C1,2.0,
428,2-Chloroethyl Benzene,,7      9,H227-H315-H319-H335-H412-H413,3,19.3,6.3,2.2,198.0,2.2531418,1.069,140.61,131.53414405986905,0.436152,622-24-2,ClCCC1=CC=CC=C1,3.0,
429,Tetrahydrofurfuryl Methacrylate,,7     8,H227-H315-H319-H335,1,16.8,5.1,5.5,178.0,1.7331860000000001,1.04,170.21,163.66346153846155,0.15641600000000003,2455-24-5,CC(=C)C(=O)OCC1CCCO1,1.0,polymerization
430,Cyclohexylchloride,,2     7,H226-H315-H319-H335,1,17.3,5.5,2.0,142.0,8.972570600000001,1.0,118.6,118.6,0.154,542-18-7,C1CCC(CC1)Cl,2.0,
431,"Cyclohexane, Methylene-",,2     8,H225-H304,3,16.5,1.6,3.2,103.0,53.635440599999995,0.8,96.17,120.21249999999999,34.56,1192-37-6,C=C1CCCCC1,1.0,
432,"Ethanol, 2-Nitro-",,7,H315-H319-H335,3,17.7,17.7,13.3,194.0,0.13332200000000002,1.27,91.07,71.70866141732283,6.3627,625-48-9 ,O=[N+]([O-])CCO,0.0,
433,a-Methyl Styrene,,2     7     8     9,H226-H304-H317-H319-H335-H361-H411,2,18.5,2.4,2.4,169.0,2.533118,0.909,118.18,130.01100110011,0.03232,98-83-9,CC(C1=CC=CC=C1)=C,1.0,polymerization
434,Acetol,,2,H226,1,17.4,12.8,16.5,145.5,2.533118,1.08,74.08,68.59259259259258,0.11750400000000001,116-09-6,O=C(C)CO,0.0,
435,Cyclopentanol  (Cyclopentyl Alcohol),,2,H226,1,17.3,5.4,12.4,140.4,3.3197178000000003,0.948,86.13,90.85443037974683,0.1226,96-41-3,OC1CCCC1,0.0,
436,"1,3-Dimethylcyclohexane",,2     7,H225-H315-H319-H335,3,16.0,0.1,0.1,122.0,26.8110542,0.767,112.21,146.29726205997392,1.859208,591-21-9,CC1CCCC(C)C1,0.0,
437,tert-Butyl 1-pyrrolecarboxylate ,,7,H315 - H319 - H335,3,17.0,5.0,5.6,223.0,0.13332200000000002,1.0,167.21,167.21,1.56,5176-27-2,O=C(N1C=CC=C1)OC(C)(C)C,0.0,
438,"3-Ethyl-2,4-dimethylpyrrole",,7,H315 - H319 - H335,3,17.4,5.3,5.7,199.0,0.66661,0.913,123.2,134.93975903614458,9.239559999999999,517-22-6,CCc1c(C)c[nH]c1C,0.0,
439,Methallylcyclopentane,,2     7,H226-H315-H319-H335,1,16.3,1.3,2.1,150.2,6.532778,0.9,124.22,138.0222222222222,10.296,219726-61-1,CC(=C)CC1CCCC1,0.0,
440,Ethyl p-tolylacetate,,7,H315-H319-H335,3,17.8,4.3,5.3,240.0,0.0799932,1.01,178.23,176.46534653465346,3.737,14062-19-2,CCOC(=O)Cc1ccc(C)cc1,0.0,
441,Furan-3-methanol,,2     7,H226 - H315 - H319 - H335,3,17.4,7.6,15.1,205.0,0.199983,1.139,98.1,86.12818261633011,32.1198,4412-91-3,OCc1ccoc1,0.0,
442,2-Thiophenemethanol,,7,H315-H319-H335,3,19.6,7.1,15.7,207.0,0.199983,1.206,114.17,94.66832504145937,1.54368,636-72-6,OCc1cccs1,0.0,
443,2-Thiophene Thiol,,7,H227-H302+H332-H315-H319-H335,3,20.4,3.7,7.9,129.0,3.0664059999999997,1.247,116.2,93.18364073777065,5.736199999999999,7774-74-5,C1=CSC(=C1)S,0.0,air and light sensitive
444,Furfuryl Thioacetate,,7,H227-H315-H319-H335,3,18.8,6.3,5.8,212.0,0.26664400000000005,1.171,156.2,133.39026473099912,2.7588760000000003,13678-68-7,CC(=O)SCC1=CC=CO1,0.0,
445,2-Chloro-2-Methyl Propane,,2,H225,1,15.6,7.6,2.0,50.5,397.29956000000004,0.846,92.57,109.4208037825059,0.0386,507-20-0,Cl[C@](C)(C)C,0.0,
446,Isopropyl Ether,,2     7,H225 - H336,1,15.1,3.2,3.2,69.0,198.64978000000002,0.725,102.17,140.9241379310345,0.03816,108-20-3,CC(C)OC(C)C,0.0,
447,"2H-Pyran, 3,4-Dihydro-2-Methoxy-",,2     7,H225-H315-H319,1,17.0,5.6,5.9,126.0,14.532098000000001,1.006,114.14,113.45924453280318,0.1273596,4454-05-1,COC1CCC=CO1,0.0,
448,"1,2-Propyleneglycol sulfite",,7,H319,3,18.9,9.2,5.2,178.0,1.7331860000000001,1.293,122.14,94.46249033255994,11.649929999999998,1469-73-4,CC1COS(=O)O1,0.0,
449,"4,6-Dimethylpyrimidine",,2     7,H226-H315-H319-H335,3,18.1,8.1,5.5,159.0,5.599524000000001,0.98,108.14,110.34693877551021,25.675999999999995,1558-17-4,Cc1cc(C)ncn1,0.0,
450,2(5H)-Thiophenone,,7,H315 - H319 - H335,3,19.3,7.3,8.4,230.0,0.13332200000000002,1.24,100.14,80.75806451612904,99.696,3354-32-3 ,O=C1SCC=C1,0.0,
451,γ-Thiobutyrolactone,,7,H302,3,19.0,6.9,6.2,233.0,0.1066576,1.18,102.15,86.5677966101695,13.050799999999999,1003-10-7,C1CC(=O)SC1,0.0,
452,Isopropyl acetoacetate,,7,H227-H315-H319-H335,1,16.4,7.3,6.2,187.0,0.933254,0.988,144.17,145.92105263157893,0.107692,542-08-5 ,CC(C)OC(=O)CC(C)=O,0.0,
453,"2-Ethyl-4-methyl-1,3-dioxolane",,2,H226,1,16.1,5.3,5.0,117.0,19.9983,0.904,116.16,128.49557522123894,9.29312,4359-46-0,CCC1OCC(O1)C,0.0,
454,2-Methyl 5-(Methyl Thio) Furan,,2,H226,3,18.8,5.9,5.0,172.0,3.733016,1.063,128.19,120.59266227657574,17.8584,13678-59-6,CC1=CC=C(O1)SC,0.0,
455,Isobutyl Alcohol,,2     5     7,H226-H315-H318-H335-H336,1,15.1,5.7,15.9,108.0,13.865488000000001,0.803,74.12,92.30386052303861,0.0626,78-83-1,CC(C)CO,0.0,
456,1-Nonanol,,7     9,H227-H315-H319-H332-H411,2,16.0,4.8,11.0,215.0,0.030264094000000002,0.827,144.25,174.42563482466747,0.0856772,143-08-8,CCCCCCCCCO,1.0,
457,2-Nonanol,,7,H227-H315-H319,3,16.1,4.2,8.2,197.0,0.13332200000000002,0.825,144.26,174.86060606060605,0.9569999999999999,628-99-9,CC(O)CCCCCCC,0.0,
458,1-Decanol,,7     9,H227-H319-H412,1,16.0,4.7,10.5,231.0,0.0113457022,0.828,158.29,191.17149758454107,0.037399999999999996,112-30-1,CCCCCCCCCCO,1.0,
459,1-Heptanol,,7,H227-H319,1,16.0,5.3,11.7,176.0,0.288375486,0.82,116.2,141.70731707317074,0.0535,111-70-6,CCCCCCCO,0.0,
460,2-Heptanol,,2     7,H226-H312-H315-H319,2,15.7,5.4,11.7,162.0,1.6398606,0.817,116.2,142.2276621787026,0.339872,543-49-7,CCCCCC(O)C,0.0,
461,Cycloheptanol,,2,H226,3,17.3,4.7,10.8,185.0,0.26664400000000005,0.948,114.19,120.4535864978903,1.7367359999999996,502-41-0,OC1CCCCCC1,0.0,
462,1-Pentanol,,2     7,H226-H315-H319-H332-H335,1,15.9,5.9,13.9,138.0,2.9330840000000005,0.812,88.15,108.55911330049261,0.0793,71-41-0,CCCCCO,0.0,
463,2-Pentanol,,2     7,EUH066-H226-H332-H335,2,15.6,6.4,13.3,119.0,8.145974200000001,0.811,88.15,108.69297163995068,0.0853,6032-29-7,CC(O)CCC,0.0,
464,3-Pentanol,,2     7,H226-H315-H319-H332-H335,1,15.7,5.6,11.2,116.0,11.6923394,0.815,88.15,108.159509202454,0.31,584-02-1,CCC(O)CC,0.0,
465,Pentane,,2     7     8     9,EUH066-H225-H304-H336-H411,2,14.5,0.0,0.0,36.0,685.27508,0.626,72.15,115.25559105431311,0.149,109-66-0,CCCCC,1.0,
466,Hexane,,2     7     8     9,H225-H304-H315-H336-H361f-H373-H411,3,14.9,0.0,0.0,69.0,203.98266,0.659,86.18,130.77389984825493,0.0793,110-54-3,CCCCCC,1.0,
467,Heptane,,2     7     8     9,H225-H304-H315-H336-H410,2,15.3,0.0,0.0,99.0,61.328120000000006,0.684,100.2,146.49122807017542,0.134,142-82-5,CCCCCCC,1.0,
468,Octane,,2     7     8     9,H225-H304-H315-H336-H410,2,15.5,0.0,0.0,126.0,18.731741000000003,0.703,114.23,162.48933143669987,0.6,111-65-9,CCCCCCCC,1.0,
469,Nonane,,2     7     8     9,H226-H304-H315-H336-H410,3,15.7,0.0,0.0,152.0,5.932829000000001,0.718,128.26,178.6350974930362,0.232,111-84-2,CCCCCCCCC,1.0,
470,"2,2-Dimethylpropanal",,2     7,H225-H315-H319-H335,3,15.0,6.7,4.5,77.5,128.65573,0.793,86.13,108.61286254728877,4.47,630-19-3,CC(C)(C)C=O,0.0,Air Sensitive. Store under Nitrogen
471,2-Methylbutanal,,2     7     9,H225-H317-H319-H335-H411,1,15.6,7.0,4.9,92.0,65.727746,0.804,86.13,107.12686567164178,0.58692,96-17-3,CC(C=O)CC,1.0,Air Sensitive
472,Isovaleraldehyde,,2     7     9,H225-H317-H319-H335-H411,2,14.7,9.5,5.0,92.5,66.661,0.8,86.13,107.6625,0.0706,590-86-3,CC(C)CC=O,1.0,Light and air sensitive
473,Pentanal (Valeraldehyde),,2     7,H225-H317-H319-H332-H335,1,15.7,9.4,5.8,103.0,34.663720000000005,0.81,86.13,106.33333333333331,0.041634,110-62-3,CCCCC=O,0.0,Air sensitive
474,1-Heptanal,,2     7     9,H226-H315-H412,3,16.0,6.5,4.8,153.0,4.6929344,0.85,114.19,134.34117647058824,0.0613,111-71-7,CCCCCCC=O,1.0,Air sensitive
475,Cyclohexanecarboxaldehyde,,2     7,H226-H315-H319-H335,3,17.1,6.4,4.7,159.0,3.33305,0.93,112.17,120.61290322580645,1.488,2043-61-0,O=CC1CCCCC1,0.0,Air sensitive
476,Cyclopentanecarboxaldehyde,,2     7,H226-H315-H319-H335,3,17.1,6.8,5.1,141.0,11.332370000000001,0.919,98.14,106.78998911860718,24.261599999999998,872-53-7,[H]C(=O)C1CCCC1,0.0,Light sensitive
477,Tetraethylorthosilicate,,2     6,H226-H319-H331-H332-H335,1,13.9,4.3,0.6,168.0,2.5064536,0.933,208.33,223.2904608788853,0.067,78-10-4,CCO[Si](OCC)(OCC)OCC,1.0,Degrades in water
478,Tetraethylsilane,,2     7,H226-H315-H319-H335,3,14.4,1.2,1.0,155.0,6.6661,0.767,144.33,188.17470664928294,7.0,631-36-7,CC[Si](CC)(CC)CC,0.0,
479,Ethyl Butyl Ketone,,2     7,H226-H319-H332,3,16.2,5.0,4.1,149.0,3.4663720000000002,0.818,114.19,139.59657701711492,0.226,106-35-4,O=C(CC)CCCC,0.0,
480,Dipropyl Ketone,,2     7,H226-H332,2,15.8,7.6,4.9,145.0,6.9327440000000005,0.817,114.19,139.7674418604651,0.224,123-19-3,CCCC(CCC)=O,0.0,
481,Thiophenol,,2     6     8     9,H226-H300+H310+H330-H315-H319-H335-H361-H371-H372-H410,3,20.0,4.5,10.3,168.0,2.5731146000000003,1.075,110.18,102.49302325581397,0.12362500000000001,108-98-5,C1=CC=C(C=C1)S,1.0,Air Sensitive. Store under Nitrogen
482,Benzyl Mercaptan,,6     9,H227-H302-H319-H330-H410,3,19.3,4.8,5.6,195.0,0.5466202,1.058,124.2,117.39130434782608,0.25392000000000003,100-53-8,SCC1=CC=CC=C1,1.0,Air Sensitive
483,2-Phenethyl Mercaptan,,7,H302-H319,3,18.9,4.6,5.2,218.0,0.26664400000000005,1.032,138.23,133.9437984496124,2.0639999999999996,4410-99-5,C1=CC=C(C=C1)CCS,0.0,
484,Cyclohexanethiol,,2     7     9,H226-302-H315-H319-H332-H335-H411,3,17.5,3.8,4.5,160.0,13.3322,0.95,116.22,122.33684210526316,0.27645,1569-69-3,SC1CCCCC1,1.0,
485,4-tert-Butylthiophenol,,7,H315-H319-H335,3,18.1,1.8,3.2,238.0,0.13332200000000002,0.964,166.28,172.48962655601662,11.33664,2396-68-1,CC(C)(C)c1ccc(S)cc1,0.0,Air sensitive. Store under inert gas
486,Dicyclohexyl Disulfide,,7,H315 - H319 - H335,3,17.6,3.5,3.2,331.0,0.000133322,1.046,230.43,220.2963671128107,1.8305,2550-40-5,C1CCC(CC1)SSC2CCCCC2,0.0,
487,Ethanethiol (Ethyl Mercaptan),,2     7     9,H224-H302+H332-H317-H410,3,15.7,6.5,7.1,35.0,705.6733459999999,0.839,62.13,74.05244338498213,0.0749227,75-08-1,CCS,1.0,
488,1-Propanethiol,,2     5     7     9,H225-H302-H315-H318-H335-H400,3,16.1,5.8,5.7,68.0,205.59585620000001,0.82,76.16,92.8780487804878,0.12340000000000001,107-03-9,CCCS,1.0,Air Sensitive
489,2-Propanethiol,,2     6     7     9,H225-H302-H317-H319-H331-H410,3,16.3,6.8,6.5,60.0,369.701906,0.82,76.16,92.8780487804878,0.07872,75-33-2,CC(S)C,1.0,Air Sensitive. Store under Nitrogen
490,Pentyl Mercaptan,,2     7,H225-H302+H332-H315-H319-H332-H335,3,16.4,4.4,4.8,126.0,18.398436,0.84,104.22,124.07142857142857,1.7471999999999999,110-66-7,CCCCCS,0.0,Air Sensitive
491,Hexyl Mercaptan,,2     6,H226-H302-H331,3,16.4,4.2,4.4,154.0,5.599524000000001,0.832,118.24,142.1153846153846,0.562,111-31-9,SCCCCCC,1.0,Air Sensitive
492,"1,6-Hexane Dithiol",,7,H302-H312-H332,3,17.6,6.2,6.2,243.0,0.13332200000000002,0.983,150.3,152.89928789420145,0.6507459999999999,1191-43-1,C(CCCS)CCS,0.0,
493,Heptyl Mercaptan,,2     7,H226-H335,3,16.5,4.2,4.1,176.0,1.7465182000000001,0.844,132.27,156.718009478673,0.8524399999999999,1639-09-4,CCCCCCCS,0.0,Air Sensitive
494,Octyl Mercaptan,,2     9,H227-H317-H410,3,16.5,3.5,3.7,199.0,0.56595189,0.843,146.29,173.5349940688019,0.04825,111-88-6,CCCCCCCCS,1.0,
495,Nonyl Mercaptan,,7,H315-H319-H335,3,16.5,3.4,3.7,220.0,0.17331860000000002,0.842,160.32,190.40380047505937,1.25,1455-21-6,CCCCCCCCCS,0.0,
496,Tert-Butyl Mercaptan,,2     7     8     9,H225-H304-H317-H319-H411,3,15.4,3.9,4.1,65.0,241.31282000000002,0.8,90.19,112.7375,0.18600000000000003,75-66-1,S[C@](C)(C)C,1.0,
497,Tert-Butylbenzene,,2     7,H226 - H319,3,16.5,1.2,1.9,169.0,2.9330840000000005,0.867,134.22,154.80968858131487,0.062,98-06-6,CC(C)(C1=CC=CC=C1)C,0.0,
498,Methyl-t-Butyl Ether,,2     7,H225-H315,1,14.8,4.3,5.0,56.0,333.305,0.742,88.15,118.80053908355796,0.04,1634-04-4,CC(C)(C)OC,0.0,
499,Ethylene Dichloride,,2     6     8,H225-H302-H315-H319-H331-H335-H336-H350,3,18.0,7.4,4.1,83.0,105.19105800000001,1.256,98.96,78.78980891719745,0.046,107-06-2,C(CCl)Cl,3.0,
